x-axis,1,2
second,Volt,Volt
-500.0000E-06,+980.0000042E-03,+546.8750000E-03
-499.5000E-06,+980.0000042E-03,+562.5000000E-03
-499.0000E-06,+980.0000042E-03,+562.5000000E-03
-498.5000E-06,+1.0050000045E+00,+562.5000000E-03
-498.0000E-06,+1.0550000053E+00,+578.1250000E-03
-497.5000E-06,+980.0000042E-03,+546.8750000E-03
-497.0000E-06,+930.0000034E-03,+562.5000000E-03
-496.5000E-06,+1.0550000053E+00,+593.7500000E-03
-496.0000E-06,+980.0000042E-03,+562.5000000E-03
-495.5000E-06,+1.0300000049E+00,+578.1250000E-03
-495.0000E-06,+1.0050000045E+00,+578.1250000E-03
-494.5000E-06,+1.0800000057E+00,+578.1250000E-03
-494.0000E-06,+1.0300000049E+00,+578.1250000E-03
-493.5000E-06,+1.0550000053E+00,+593.7500000E-03
-493.0000E-06,+1.0050000045E+00,+578.1250000E-03
-492.5000E-06,+980.0000042E-03,+562.5000000E-03
-492.0000E-06,+1.0800000057E+00,+609.3750000E-03
-491.5000E-06,+980.0000042E-03,+562.5000000E-03
-491.0000E-06,+1.0050000045E+00,+562.5000000E-03
-490.5000E-06,+1.0300000049E+00,+578.1250000E-03
-490.0000E-06,+1.0300000049E+00,+593.7500000E-03
-489.5000E-06,+1.0800000057E+00,+609.3750000E-03
-489.0000E-06,+1.0050000045E+00,+562.5000000E-03
-488.5000E-06,+1.0550000053E+00,+593.7500000E-03
-488.0000E-06,+1.0300000049E+00,+578.1250000E-03
-487.5000E-06,+1.0300000049E+00,+609.3750000E-03
-487.0000E-06,+1.0300000049E+00,+593.7500000E-03
-486.5000E-06,+1.0050000045E+00,+562.5000000E-03
-486.0000E-06,+1.0550000053E+00,+593.7500000E-03
-485.5000E-06,+1.0800000057E+00,+609.3750000E-03
-485.0000E-06,+1.0800000057E+00,+578.1250000E-03
-484.5000E-06,+980.0000042E-03,+578.1250000E-03
-484.0000E-06,+1.0300000049E+00,+609.3750000E-03
-483.5000E-06,+1.0550000053E+00,+593.7500000E-03
-483.0000E-06,+1.0550000053E+00,+593.7500000E-03
-482.5000E-06,+1.0550000053E+00,+593.7500000E-03
-482.0000E-06,+1.0300000049E+00,+593.7500000E-03
-481.5000E-06,+1.0550000053E+00,+593.7500000E-03
-481.0000E-06,+1.0800000057E+00,+625.0000000E-03
-480.5000E-06,+1.0800000057E+00,+609.3750000E-03
-480.0000E-06,+1.1050000060E+00,+609.3750000E-03
-479.5000E-06,+1.0550000053E+00,+593.7500000E-03
-479.0000E-06,+1.0800000057E+00,+609.3750000E-03
-478.5000E-06,+1.0050000045E+00,+609.3750000E-03
-478.0000E-06,+1.1050000060E+00,+609.3750000E-03
-477.5000E-06,+1.0800000057E+00,+625.0000000E-03
-477.0000E-06,+1.0550000053E+00,+593.7500000E-03
-476.5000E-06,+1.0550000053E+00,+609.3750000E-03
-476.0000E-06,+1.0550000053E+00,+593.7500000E-03
-475.5000E-06,+1.1050000060E+00,+625.0000000E-03
-475.0000E-06,+1.0550000053E+00,+609.3750000E-03
-474.5000E-06,+1.0550000053E+00,+609.3750000E-03
-474.0000E-06,+1.0550000053E+00,+609.3750000E-03
-473.5000E-06,+1.0800000057E+00,+625.0000000E-03
-473.0000E-06,+1.0800000057E+00,+625.0000000E-03
-472.5000E-06,+1.0550000053E+00,+609.3750000E-03
-472.0000E-06,+1.0800000057E+00,+609.3750000E-03
-471.5000E-06,+1.1050000060E+00,+625.0000000E-03
-471.0000E-06,+1.0550000053E+00,+625.0000000E-03
-470.5000E-06,+1.0800000057E+00,+625.0000000E-03
-470.0000E-06,+1.1050000060E+00,+625.0000000E-03
-469.5000E-06,+1.0550000053E+00,+609.3750000E-03
-469.0000E-06,+1.0800000057E+00,+609.3750000E-03
-468.5000E-06,+1.0550000053E+00,+609.3750000E-03
-468.0000E-06,+1.0550000053E+00,+609.3750000E-03
-467.5000E-06,+1.0800000057E+00,+640.6250000E-03
-467.0000E-06,+1.1050000060E+00,+640.6250000E-03
-466.5000E-06,+1.1300000064E+00,+640.6250000E-03
-466.0000E-06,+1.0800000057E+00,+625.0000000E-03
-465.5000E-06,+1.1050000060E+00,+656.2500000E-03
-465.0000E-06,+1.0800000057E+00,+625.0000000E-03
-464.5000E-06,+1.0550000053E+00,+640.6250000E-03
-464.0000E-06,+1.0800000057E+00,+609.3750000E-03
-463.5000E-06,+1.1300000064E+00,+640.6250000E-03
-463.0000E-06,+1.0550000053E+00,+640.6250000E-03
-462.5000E-06,+1.0550000053E+00,+625.0000000E-03
-462.0000E-06,+1.1050000060E+00,+656.2500000E-03
-461.5000E-06,+1.0800000057E+00,+625.0000000E-03
-461.0000E-06,+1.0800000057E+00,+625.0000000E-03
-460.5000E-06,+1.0800000057E+00,+640.6250000E-03
-460.0000E-06,+1.1050000060E+00,+640.6250000E-03
-459.5000E-06,+1.1050000060E+00,+640.6250000E-03
-459.0000E-06,+1.0800000057E+00,+625.0000000E-03
-458.5000E-06,+1.1550000068E+00,+671.8750000E-03
-458.0000E-06,+1.0550000053E+00,+625.0000000E-03
-457.5000E-06,+1.0800000057E+00,+656.2500000E-03
-457.0000E-06,+1.1550000068E+00,+656.2500000E-03
-456.5000E-06,+1.1050000060E+00,+640.6250000E-03
-456.0000E-06,+1.1300000064E+00,+640.6250000E-03
-455.5000E-06,+1.1050000060E+00,+640.6250000E-03
-455.0000E-06,+1.0800000057E+00,+656.2500000E-03
-454.5000E-06,+1.1050000060E+00,+656.2500000E-03
-454.0000E-06,+1.1300000064E+00,+640.6250000E-03
-453.5000E-06,+1.0550000053E+00,+640.6250000E-03
-453.0000E-06,+1.1300000064E+00,+640.6250000E-03
-452.5000E-06,+1.0800000057E+00,+656.2500000E-03
-452.0000E-06,+1.1050000060E+00,+656.2500000E-03
-451.5000E-06,+1.0800000057E+00,+640.6250000E-03
-451.0000E-06,+1.0550000053E+00,+640.6250000E-03
-450.5000E-06,+1.1050000060E+00,+640.6250000E-03
-450.0000E-06,+1.1300000064E+00,+656.2500000E-03
-449.5000E-06,+1.1800000072E+00,+656.2500000E-03
-449.0000E-06,+1.1300000064E+00,+687.5000000E-03
-448.5000E-06,+1.1300000064E+00,+671.8750000E-03
-448.0000E-06,+1.1050000060E+00,+671.8750000E-03
-447.5000E-06,+1.1550000068E+00,+703.1250000E-03
-447.0000E-06,+1.1300000064E+00,+656.2500000E-03
-446.5000E-06,+1.1300000064E+00,+656.2500000E-03
-446.0000E-06,+1.1550000068E+00,+687.5000000E-03
-445.5000E-06,+1.1550000068E+00,+671.8750000E-03
-445.0000E-06,+1.1300000064E+00,+687.5000000E-03
-444.5000E-06,+1.1300000064E+00,+687.5000000E-03
-444.0000E-06,+1.1050000060E+00,+671.8750000E-03
-443.5000E-06,+1.1300000064E+00,+671.8750000E-03
-443.0000E-06,+1.1300000064E+00,+671.8750000E-03
-442.5000E-06,+1.1300000064E+00,+687.5000000E-03
-442.0000E-06,+1.1550000068E+00,+687.5000000E-03
-441.5000E-06,+1.1550000068E+00,+687.5000000E-03
-441.0000E-06,+1.1550000068E+00,+687.5000000E-03
-440.5000E-06,+1.1300000064E+00,+656.2500000E-03
-440.0000E-06,+1.1300000064E+00,+687.5000000E-03
-439.5000E-06,+1.1300000064E+00,+671.8750000E-03
-439.0000E-06,+1.1800000072E+00,+703.1250000E-03
-438.5000E-06,+1.1050000060E+00,+671.8750000E-03
-438.0000E-06,+1.1050000060E+00,+656.2500000E-03
-437.5000E-06,+1.1300000064E+00,+671.8750000E-03
-437.0000E-06,+1.1300000064E+00,+687.5000000E-03
-436.5000E-06,+1.1300000064E+00,+703.1250000E-03
-436.0000E-06,+1.1800000072E+00,+687.5000000E-03
-435.5000E-06,+1.1300000064E+00,+687.5000000E-03
-435.0000E-06,+1.1800000072E+00,+687.5000000E-03
-434.5000E-06,+1.1800000072E+00,+687.5000000E-03
-434.0000E-06,+1.1050000060E+00,+687.5000000E-03
-433.5000E-06,+1.1800000072E+00,+703.1250000E-03
-433.0000E-06,+1.1800000072E+00,+687.5000000E-03
-432.5000E-06,+1.1800000072E+00,+687.5000000E-03
-432.0000E-06,+1.1300000064E+00,+687.5000000E-03
-431.5000E-06,+1.1800000072E+00,+718.7500000E-03
-431.0000E-06,+1.1300000064E+00,+703.1250000E-03
-430.5000E-06,+1.1050000060E+00,+687.5000000E-03
-430.0000E-06,+1.1300000064E+00,+703.1250000E-03
-429.5000E-06,+1.1800000072E+00,+718.7500000E-03
-429.0000E-06,+1.1550000068E+00,+718.7500000E-03
-428.5000E-06,+1.1800000072E+00,+718.7500000E-03
-428.0000E-06,+1.1550000068E+00,+703.1250000E-03
-427.5000E-06,+1.1800000072E+00,+703.1250000E-03
-427.0000E-06,+1.1300000064E+00,+703.1250000E-03
-426.5000E-06,+1.1800000072E+00,+718.7500000E-03
-426.0000E-06,+1.1550000068E+00,+703.1250000E-03
-425.5000E-06,+1.1550000068E+00,+687.5000000E-03
-425.0000E-06,+1.1550000068E+00,+703.1250000E-03
-424.5000E-06,+1.1800000072E+00,+718.7500000E-03
-424.0000E-06,+1.1800000072E+00,+703.1250000E-03
-423.5000E-06,+1.1800000072E+00,+703.1250000E-03
-423.0000E-06,+1.1550000068E+00,+718.7500000E-03
-422.5000E-06,+1.1300000064E+00,+703.1250000E-03
-422.0000E-06,+1.1800000072E+00,+718.7500000E-03
-421.5000E-06,+1.1800000072E+00,+718.7500000E-03
-421.0000E-06,+1.2050000075E+00,+718.7500000E-03
-420.5000E-06,+1.2050000075E+00,+734.3750000E-03
-420.0000E-06,+1.1800000072E+00,+718.7500000E-03
-419.5000E-06,+1.1800000072E+00,+734.3750000E-03
-419.0000E-06,+1.1800000072E+00,+734.3750000E-03
-418.5000E-06,+1.2300000079E+00,+734.3750000E-03
-418.0000E-06,+1.1800000072E+00,+734.3750000E-03
-417.5000E-06,+1.2050000075E+00,+734.3750000E-03
-417.0000E-06,+1.1550000068E+00,+703.1250000E-03
-416.5000E-06,+1.1800000072E+00,+734.3750000E-03
-416.0000E-06,+1.1800000072E+00,+718.7500000E-03
-415.5000E-06,+1.2300000079E+00,+734.3750000E-03
-415.0000E-06,+1.2050000075E+00,+734.3750000E-03
-414.5000E-06,+1.2300000079E+00,+734.3750000E-03
-414.0000E-06,+1.1800000072E+00,+718.7500000E-03
-413.5000E-06,+1.2050000075E+00,+750.0000000E-03
-413.0000E-06,+1.2050000075E+00,+734.3750000E-03
-412.5000E-06,+1.2550000083E+00,+750.0000000E-03
-412.0000E-06,+1.2300000079E+00,+734.3750000E-03
-411.5000E-06,+1.1300000064E+00,+734.3750000E-03
-411.0000E-06,+1.2300000079E+00,+734.3750000E-03
-410.5000E-06,+1.2300000079E+00,+750.0000000E-03
-410.0000E-06,+1.2300000079E+00,+734.3750000E-03
-409.5000E-06,+1.2050000075E+00,+734.3750000E-03
-409.0000E-06,+1.2300000079E+00,+750.0000000E-03
-408.5000E-06,+1.1550000068E+00,+750.0000000E-03
-408.0000E-06,+1.1550000068E+00,+718.7500000E-03
-407.5000E-06,+1.2050000075E+00,+765.6250000E-03
-407.0000E-06,+1.2050000075E+00,+734.3750000E-03
-406.5000E-06,+1.2050000075E+00,+765.6250000E-03
-406.0000E-06,+1.1800000072E+00,+734.3750000E-03
-405.5000E-06,+1.1800000072E+00,+734.3750000E-03
-405.0000E-06,+1.2550000083E+00,+765.6250000E-03
-404.5000E-06,+1.2550000083E+00,+781.2500000E-03
-404.0000E-06,+1.2050000075E+00,+750.0000000E-03
-403.5000E-06,+1.2300000079E+00,+750.0000000E-03
-403.0000E-06,+1.2300000079E+00,+781.2500000E-03
-402.5000E-06,+1.2300000079E+00,+781.2500000E-03
-402.0000E-06,+1.2050000075E+00,+765.6250000E-03
-401.5000E-06,+1.2300000079E+00,+765.6250000E-03
-401.0000E-06,+1.2550000083E+00,+765.6250000E-03
-400.5000E-06,+1.1800000072E+00,+734.3750000E-03
-400.0000E-06,+1.2050000075E+00,+765.6250000E-03
-399.5000E-06,+1.2300000079E+00,+765.6250000E-03
-399.0000E-06,+1.2050000075E+00,+781.2500000E-03
-398.5000E-06,+1.2050000075E+00,+765.6250000E-03
-398.0000E-06,+1.2550000083E+00,+765.6250000E-03
-397.5000E-06,+1.2550000083E+00,+781.2500000E-03
-397.0000E-06,+1.2050000075E+00,+765.6250000E-03
-396.5000E-06,+1.2300000079E+00,+781.2500000E-03
-396.0000E-06,+1.2050000075E+00,+750.0000000E-03
-395.5000E-06,+1.2300000079E+00,+781.2500000E-03
-395.0000E-06,+1.2050000075E+00,+765.6250000E-03
-394.5000E-06,+1.2050000075E+00,+765.6250000E-03
-394.0000E-06,+1.2300000079E+00,+781.2500000E-03
-393.5000E-06,+1.2800000086E+00,+765.6250000E-03
-393.0000E-06,+1.2800000086E+00,+765.6250000E-03
-392.5000E-06,+1.2050000075E+00,+765.6250000E-03
-392.0000E-06,+1.2300000079E+00,+781.2500000E-03
-391.5000E-06,+1.2300000079E+00,+796.8750000E-03
-391.0000E-06,+1.2550000083E+00,+781.2500000E-03
-390.5000E-06,+1.2300000079E+00,+781.2500000E-03
-390.0000E-06,+1.2050000075E+00,+781.2500000E-03
-389.5000E-06,+1.2050000075E+00,+781.2500000E-03
-389.0000E-06,+1.2050000075E+00,+781.2500000E-03
-388.5000E-06,+1.2550000083E+00,+796.8750000E-03
-388.0000E-06,+1.2550000083E+00,+781.2500000E-03
-387.5000E-06,+1.2800000086E+00,+796.8750000E-03
-387.0000E-06,+1.2050000075E+00,+781.2500000E-03
-386.5000E-06,+1.3050000090E+00,+796.8750000E-03
-386.0000E-06,+1.2050000075E+00,+765.6250000E-03
-385.5000E-06,+1.2800000086E+00,+796.8750000E-03
-385.0000E-06,+1.2300000079E+00,+781.2500000E-03
-384.5000E-06,+1.2300000079E+00,+812.5000000E-03
-384.0000E-06,+1.2550000083E+00,+812.5000000E-03
-383.5000E-06,+1.2550000083E+00,+796.8750000E-03
-383.0000E-06,+1.2800000086E+00,+796.8750000E-03
-382.5000E-06,+1.3050000090E+00,+812.5000000E-03
-382.0000E-06,+1.2550000083E+00,+796.8750000E-03
-381.5000E-06,+1.2800000086E+00,+812.5000000E-03
-381.0000E-06,+1.2550000083E+00,+796.8750000E-03
-380.5000E-06,+1.2800000086E+00,+796.8750000E-03
-380.0000E-06,+1.2550000083E+00,+781.2500000E-03
-379.5000E-06,+1.2550000083E+00,+812.5000000E-03
-379.0000E-06,+1.2300000079E+00,+781.2500000E-03
-378.5000E-06,+1.3050000090E+00,+812.5000000E-03
-378.0000E-06,+1.2300000079E+00,+796.8750000E-03
-377.5000E-06,+1.2550000083E+00,+796.8750000E-03
-377.0000E-06,+1.2550000083E+00,+812.5000000E-03
-376.5000E-06,+1.2550000083E+00,+812.5000000E-03
-376.0000E-06,+1.2800000086E+00,+812.5000000E-03
-375.5000E-06,+1.3050000090E+00,+828.1250000E-03
-375.0000E-06,+1.2800000086E+00,+828.1250000E-03
-374.5000E-06,+1.2800000086E+00,+812.5000000E-03
-374.0000E-06,+1.2800000086E+00,+796.8750000E-03
-373.5000E-06,+1.2300000079E+00,+796.8750000E-03
-373.0000E-06,+1.2550000083E+00,+812.5000000E-03
-372.5000E-06,+1.2550000083E+00,+828.1250000E-03
-372.0000E-06,+1.2800000086E+00,+812.5000000E-03
-371.5000E-06,+1.3050000090E+00,+828.1250000E-03
-371.0000E-06,+1.2550000083E+00,+796.8750000E-03
-370.5000E-06,+1.3050000090E+00,+828.1250000E-03
-370.0000E-06,+1.2550000083E+00,+828.1250000E-03
-369.5000E-06,+1.3300000094E+00,+828.1250000E-03
-369.0000E-06,+1.2550000083E+00,+812.5000000E-03
-368.5000E-06,+1.3050000090E+00,+828.1250000E-03
-368.0000E-06,+1.2800000086E+00,+828.1250000E-03
-367.5000E-06,+1.3050000090E+00,+828.1250000E-03
-367.0000E-06,+1.2550000083E+00,+828.1250000E-03
-366.5000E-06,+1.2550000083E+00,+812.5000000E-03
-366.0000E-06,+1.2800000086E+00,+828.1250000E-03
-365.5000E-06,+1.2550000083E+00,+828.1250000E-03
-365.0000E-06,+1.2550000083E+00,+812.5000000E-03
-364.5000E-06,+1.2800000086E+00,+828.1250000E-03
-364.0000E-06,+1.3050000090E+00,+828.1250000E-03
-363.5000E-06,+1.3050000090E+00,+843.7500000E-03
-363.0000E-06,+1.2800000086E+00,+843.7500000E-03
-362.5000E-06,+1.3050000090E+00,+828.1250000E-03
-362.0000E-06,+1.3550000098E+00,+875.0000000E-03
-361.5000E-06,+1.3300000094E+00,+859.3750000E-03
-361.0000E-06,+1.3050000090E+00,+859.3750000E-03
-360.5000E-06,+1.2550000083E+00,+828.1250000E-03
-360.0000E-06,+1.3300000094E+00,+859.3750000E-03
-359.5000E-06,+1.3550000098E+00,+859.3750000E-03
-359.0000E-06,+1.2550000083E+00,+828.1250000E-03
-358.5000E-06,+1.3300000094E+00,+859.3750000E-03
-358.0000E-06,+1.2800000086E+00,+828.1250000E-03
-357.5000E-06,+1.3050000090E+00,+859.3750000E-03
-357.0000E-06,+1.2550000083E+00,+828.1250000E-03
-356.5000E-06,+1.3050000090E+00,+859.3750000E-03
-356.0000E-06,+1.3300000094E+00,+843.7500000E-03
-355.5000E-06,+1.3050000090E+00,+859.3750000E-03
-355.0000E-06,+1.3050000090E+00,+859.3750000E-03
-354.5000E-06,+1.3300000094E+00,+859.3750000E-03
-354.0000E-06,+1.2800000086E+00,+828.1250000E-03
-353.5000E-06,+1.3050000090E+00,+828.1250000E-03
-353.0000E-06,+1.3300000094E+00,+843.7500000E-03
-352.5000E-06,+1.3300000094E+00,+859.3750000E-03
-352.0000E-06,+1.3050000090E+00,+828.1250000E-03
-351.5000E-06,+1.3300000094E+00,+859.3750000E-03
-351.0000E-06,+1.2800000086E+00,+859.3750000E-03
-350.5000E-06,+1.3550000098E+00,+859.3750000E-03
-350.0000E-06,+1.3300000094E+00,+875.0000000E-03
-349.5000E-06,+1.2550000083E+00,+828.1250000E-03
-349.0000E-06,+1.3300000094E+00,+859.3750000E-03
-348.5000E-06,+1.3550000098E+00,+875.0000000E-03
-348.0000E-06,+1.3550000098E+00,+875.0000000E-03
-347.5000E-06,+1.3050000090E+00,+859.3750000E-03
-347.0000E-06,+1.3300000094E+00,+875.0000000E-03
-346.5000E-06,+1.3300000094E+00,+875.0000000E-03
-346.0000E-06,+1.3550000098E+00,+890.6250000E-03
-345.5000E-06,+1.3050000090E+00,+859.3750000E-03
-345.0000E-06,+1.3550000098E+00,+875.0000000E-03
-344.5000E-06,+1.3550000098E+00,+859.3750000E-03
-344.0000E-06,+1.3050000090E+00,+859.3750000E-03
-343.5000E-06,+1.3050000090E+00,+875.0000000E-03
-343.0000E-06,+1.3050000090E+00,+875.0000000E-03
-342.5000E-06,+1.3300000094E+00,+859.3750000E-03
-342.0000E-06,+1.3300000094E+00,+875.0000000E-03
-341.5000E-06,+1.3300000094E+00,+875.0000000E-03
-341.0000E-06,+1.3050000090E+00,+875.0000000E-03
-340.5000E-06,+1.3550000098E+00,+859.3750000E-03
-340.0000E-06,+1.3300000094E+00,+859.3750000E-03
-339.5000E-06,+1.3300000094E+00,+875.0000000E-03
-339.0000E-06,+1.3300000094E+00,+890.6250000E-03
-338.5000E-06,+1.3550000098E+00,+890.6250000E-03
-338.0000E-06,+1.3550000098E+00,+890.6250000E-03
-337.5000E-06,+1.3550000098E+00,+875.0000000E-03
-337.0000E-06,+1.3800000101E+00,+906.2500000E-03
-336.5000E-06,+1.3050000090E+00,+859.3750000E-03
-336.0000E-06,+1.3300000094E+00,+890.6250000E-03
-335.5000E-06,+1.3800000101E+00,+906.2500000E-03
-335.0000E-06,+1.3800000101E+00,+921.8750000E-03
-334.5000E-06,+1.3550000098E+00,+890.6250000E-03
-334.0000E-06,+1.3300000094E+00,+859.3750000E-03
-333.5000E-06,+1.3300000094E+00,+890.6250000E-03
-333.0000E-06,+1.3300000094E+00,+890.6250000E-03
-332.5000E-06,+1.3800000101E+00,+890.6250000E-03
-332.0000E-06,+1.4050000105E+00,+875.0000000E-03
-331.5000E-06,+1.3550000098E+00,+890.6250000E-03
-331.0000E-06,+1.3800000101E+00,+921.8750000E-03
-330.5000E-06,+1.3550000098E+00,+906.2500000E-03
-330.0000E-06,+1.3300000094E+00,+906.2500000E-03
-329.5000E-06,+1.3800000101E+00,+921.8750000E-03
-329.0000E-06,+1.3550000098E+00,+875.0000000E-03
-328.5000E-06,+1.3800000101E+00,+921.8750000E-03
-328.0000E-06,+1.4050000105E+00,+906.2500000E-03
-327.5000E-06,+1.3550000098E+00,+906.2500000E-03
-327.0000E-06,+1.3800000101E+00,+921.8750000E-03
-326.5000E-06,+1.3300000094E+00,+890.6250000E-03
-326.0000E-06,+1.3800000101E+00,+921.8750000E-03
-325.5000E-06,+1.3300000094E+00,+890.6250000E-03
-325.0000E-06,+1.3550000098E+00,+890.6250000E-03
-324.5000E-06,+1.4050000105E+00,+921.8750000E-03
-324.0000E-06,+1.3300000094E+00,+890.6250000E-03
-323.5000E-06,+1.3800000101E+00,+921.8750000E-03
-323.0000E-06,+1.3550000098E+00,+906.2500000E-03
-322.5000E-06,+1.3300000094E+00,+906.2500000E-03
-322.0000E-06,+1.3800000101E+00,+921.8750000E-03
-321.5000E-06,+1.3550000098E+00,+921.8750000E-03
-321.0000E-06,+1.3800000101E+00,+921.8750000E-03
-320.5000E-06,+1.3800000101E+00,+906.2500000E-03
-320.0000E-06,+1.4300000109E+00,+953.1250000E-03
-319.5000E-06,+1.3800000101E+00,+921.8750000E-03
-319.0000E-06,+1.3550000098E+00,+921.8750000E-03
-318.5000E-06,+1.3800000101E+00,+921.8750000E-03
-318.0000E-06,+1.3800000101E+00,+921.8750000E-03
-317.5000E-06,+1.3550000098E+00,+921.8750000E-03
-317.0000E-06,+1.3550000098E+00,+906.2500000E-03
-316.5000E-06,+1.4050000105E+00,+921.8750000E-03
-316.0000E-06,+1.4050000105E+00,+921.8750000E-03
-315.5000E-06,+1.4050000105E+00,+921.8750000E-03
-315.0000E-06,+1.4300000109E+00,+953.1250000E-03
-314.5000E-06,+1.4050000105E+00,+921.8750000E-03
-314.0000E-06,+1.3800000101E+00,+921.8750000E-03
-313.5000E-06,+1.4050000105E+00,+921.8750000E-03
-313.0000E-06,+1.4300000109E+00,+953.1250000E-03
-312.5000E-06,+1.4300000109E+00,+953.1250000E-03
-312.0000E-06,+1.3800000101E+00,+921.8750000E-03
-311.5000E-06,+1.3550000098E+00,+921.8750000E-03
-311.0000E-06,+1.4050000105E+00,+953.1250000E-03
-310.5000E-06,+1.3800000101E+00,+921.8750000E-03
-310.0000E-06,+1.4050000105E+00,+937.5000000E-03
-309.5000E-06,+1.3800000101E+00,+953.1250000E-03
-309.0000E-06,+1.4300000109E+00,+953.1250000E-03
-308.5000E-06,+1.4050000105E+00,+953.1250000E-03
-308.0000E-06,+1.3800000101E+00,+937.5000000E-03
-307.5000E-06,+1.4300000109E+00,+953.1250000E-03
-307.0000E-06,+1.3800000101E+00,+921.8750000E-03
-306.5000E-06,+1.4550000112E+00,+937.5000000E-03
-306.0000E-06,+1.3550000098E+00,+937.5000000E-03
-305.5000E-06,+1.3800000101E+00,+937.5000000E-03
-305.0000E-06,+1.4050000105E+00,+953.1250000E-03
-304.5000E-06,+1.4300000109E+00,+953.1250000E-03
-304.0000E-06,+1.3800000101E+00,+937.5000000E-03
-303.5000E-06,+1.4300000109E+00,+968.7500000E-03
-303.0000E-06,+1.4300000109E+00,+968.7500000E-03
-302.5000E-06,+1.4050000105E+00,+937.5000000E-03
-302.0000E-06,+1.4050000105E+00,+953.1250000E-03
-301.5000E-06,+1.4050000105E+00,+953.1250000E-03
-301.0000E-06,+1.4300000109E+00,+953.1250000E-03
-300.5000E-06,+1.3800000101E+00,+953.1250000E-03
-300.0000E-06,+1.3800000101E+00,+937.5000000E-03
-299.5000E-06,+1.4300000109E+00,+968.7500000E-03
-299.0000E-06,+1.4050000105E+00,+968.7500000E-03
-298.5000E-06,+1.3800000101E+00,+953.1250000E-03
-298.0000E-06,+1.4550000113E+00,+984.3750000E-03
-297.5000E-06,+1.4300000109E+00,+968.7500000E-03
-297.0000E-06,+1.4300000109E+00,+953.1250000E-03
-296.5000E-06,+1.3800000101E+00,+953.1250000E-03
-296.0000E-06,+1.4050000105E+00,+984.3750000E-03
-295.5000E-06,+1.4800000116E+00,+984.3750000E-03
-295.0000E-06,+1.4050000105E+00,+953.1250000E-03
-294.5000E-06,+1.4550000113E+00,+968.7500000E-03
-294.0000E-06,+1.4300000109E+00,+953.1250000E-03
-293.5000E-06,+1.4050000105E+00,+984.3750000E-03
-293.0000E-06,+1.4550000113E+00,+953.1250000E-03
-292.5000E-06,+1.4550000113E+00,+984.3750000E-03
-292.0000E-06,+1.4800000116E+00,+968.7500000E-03
-291.5000E-06,+1.4300000109E+00,+968.7500000E-03
-291.0000E-06,+1.4050000105E+00,+953.1250000E-03
-290.5000E-06,+1.4550000113E+00,+1.000000000E+00
-290.0000E-06,+1.4550000112E+00,+968.7500000E-03
-289.5000E-06,+1.4050000105E+00,+968.7500000E-03
-289.0000E-06,+1.4550000113E+00,+984.3750000E-03
-288.5000E-06,+1.4550000113E+00,+1.000000000E+00
-288.0000E-06,+1.4300000109E+00,+968.7500000E-03
-287.5000E-06,+1.4300000109E+00,+968.7500000E-03
-287.0000E-06,+1.4050000105E+00,+968.7500000E-03
-286.5000E-06,+1.4800000116E+00,+968.7500000E-03
-286.0000E-06,+1.4550000113E+00,+984.3750000E-03
-285.5000E-06,+1.4300000109E+00,+984.3750000E-03
-285.0000E-06,+1.4300000109E+00,+968.7500000E-03
-284.5000E-06,+1.5050000120E+00,+1.000000000E+00
-284.0000E-06,+1.4300000109E+00,+984.3750000E-03
-283.5000E-06,+1.4800000116E+00,+1.000000000E+00
-283.0000E-06,+1.4300000109E+00,+984.3750000E-03
-282.5000E-06,+1.4550000113E+00,+984.3750000E-03
-282.0000E-06,+1.4550000113E+00,+968.7500000E-03
-281.5000E-06,+1.4800000116E+00,+984.3750000E-03
-281.0000E-06,+1.4800000116E+00,+1.000000000E+00
-280.5000E-06,+1.4300000109E+00,+968.7500000E-03
-280.0000E-06,+1.4800000116E+00,+1.0000000000E+00
-279.5000E-06,+1.4550000113E+00,+1.000000000E+00
-279.0000E-06,+1.4550000113E+00,+968.7500000E-03
-278.5000E-06,+1.4550000113E+00,+1.0000000000E+00
-278.0000E-06,+1.4550000113E+00,+1.000000000E+00
-277.5000E-06,+1.4550000113E+00,+984.3750000E-03
-277.0000E-06,+1.4550000113E+00,+984.3750000E-03
-276.5000E-06,+1.4550000113E+00,+1.0000000000E+00
-276.0000E-06,+1.4550000113E+00,+1.0000000000E+00
-275.5000E-06,+1.4550000113E+00,+1.0000000000E+00
-275.0000E-06,+1.4550000113E+00,+1.0000000000E+00
-274.5000E-06,+1.4300000109E+00,+1.0000000000E+00
-274.0000E-06,+1.5050000120E+00,+1.0000000000E+00
-273.5000E-06,+1.4800000116E+00,+1.0000000000E+00
-273.0000E-06,+1.4800000116E+00,+1.0156250000E+00
-272.5000E-06,+1.4550000113E+00,+1.0000000000E+00
-272.0000E-06,+1.5300000124E+00,+1.0156250000E+00
-271.5000E-06,+1.4550000113E+00,+1.0000000000E+00
-271.0000E-06,+1.5300000124E+00,+1.0312500000E+00
-270.5000E-06,+1.4550000113E+00,+1.0156250000E+00
-270.0000E-06,+1.4800000116E+00,+1.0000000000E+00
-269.5000E-06,+1.4550000113E+00,+1.0000000000E+00
-269.0000E-06,+1.4550000113E+00,+1.0156250000E+00
-268.5000E-06,+1.4550000113E+00,+1.0000000000E+00
-268.0000E-06,+1.4800000116E+00,+1.0156250000E+00
-267.5000E-06,+1.4800000116E+00,+1.0312500000E+00
-267.0000E-06,+1.4800000116E+00,+1.0156250000E+00
-266.5000E-06,+1.4800000116E+00,+1.0312500000E+00
-266.0000E-06,+1.5300000124E+00,+1.0312500000E+00
-265.5000E-06,+1.5050000120E+00,+1.0156250000E+00
-265.0000E-06,+1.5050000120E+00,+1.0156250000E+00
-264.5000E-06,+1.5300000124E+00,+1.0312500000E+00
-264.0000E-06,+1.4550000113E+00,+1.0000000000E+00
-263.5000E-06,+1.4800000116E+00,+1.0000000000E+00
-263.0000E-06,+1.5050000120E+00,+1.0312500000E+00
-262.5000E-06,+1.4800000116E+00,+1.0156250000E+00
-262.0000E-06,+1.5300000124E+00,+1.0468750000E+00
-261.5000E-06,+1.4800000116E+00,+1.0312500000E+00
-261.0000E-06,+1.5050000120E+00,+1.0468750000E+00
-260.5000E-06,+1.5300000124E+00,+1.0312500000E+00
-260.0000E-06,+1.4550000113E+00,+1.0156250000E+00
-259.5000E-06,+1.4800000116E+00,+1.0312500000E+00
-259.0000E-06,+1.5300000124E+00,+1.0312500000E+00
-258.5000E-06,+1.5300000124E+00,+1.0468750000E+00
-258.0000E-06,+1.4550000113E+00,+1.0000000000E+00
-257.5000E-06,+1.4800000116E+00,+1.0156250000E+00
-257.0000E-06,+1.4550000113E+00,+1.0312500000E+00
-256.5000E-06,+1.5050000120E+00,+1.0312500000E+00
-256.0000E-06,+1.4800000116E+00,+1.0156250000E+00
-255.5000E-06,+1.5800000131E+00,+1.0625000000E+00
-255.0000E-06,+1.5050000120E+00,+1.0312500000E+00
-254.5000E-06,+1.5050000120E+00,+1.0468750000E+00
-254.0000E-06,+1.5050000120E+00,+1.0468750000E+00
-253.5000E-06,+1.5300000124E+00,+1.0625000000E+00
-253.0000E-06,+1.5050000120E+00,+1.0468750000E+00
-252.5000E-06,+1.5300000124E+00,+1.0468750000E+00
-252.0000E-06,+1.5300000124E+00,+1.0312500000E+00
-251.5000E-06,+1.5550000127E+00,+1.0781250000E+00
-251.0000E-06,+1.5300000124E+00,+1.0781250000E+00
-250.5000E-06,+1.5050000120E+00,+1.0781250000E+00
-250.0000E-06,+1.5050000120E+00,+1.0468750000E+00
-249.5000E-06,+1.5300000124E+00,+1.0468750000E+00
-249.0000E-06,+1.5550000127E+00,+1.0625000000E+00
-248.5000E-06,+1.5300000124E+00,+1.0781250000E+00
-248.0000E-06,+1.5300000124E+00,+1.0625000000E+00
-247.5000E-06,+1.4800000116E+00,+1.0468750000E+00
-247.0000E-06,+1.5300000124E+00,+1.0468750000E+00
-246.5000E-06,+1.5800000131E+00,+1.0781250000E+00
-246.0000E-06,+1.5550000127E+00,+1.0781250000E+00
-245.5000E-06,+1.5300000124E+00,+1.0468750000E+00
-245.0000E-06,+1.5300000124E+00,+1.0625000000E+00
-244.5000E-06,+1.5300000124E+00,+1.0468750000E+00
-244.0000E-06,+1.5300000124E+00,+1.0468750000E+00
-243.5000E-06,+1.5300000124E+00,+1.0468750000E+00
-243.0000E-06,+1.5300000124E+00,+1.0625000000E+00
-242.5000E-06,+1.5550000127E+00,+1.0625000000E+00
-242.0000E-06,+1.5300000124E+00,+1.0468750000E+00
-241.5000E-06,+1.5300000124E+00,+1.0625000000E+00
-241.0000E-06,+1.5300000124E+00,+1.0625000000E+00
-240.5000E-06,+1.5550000127E+00,+1.0781250000E+00
-240.0000E-06,+1.5550000127E+00,+1.0625000000E+00
-239.5000E-06,+1.5800000131E+00,+1.0781250000E+00
-239.0000E-06,+1.5300000124E+00,+1.0625000000E+00
-238.5000E-06,+1.5300000124E+00,+1.0625000000E+00
-238.0000E-06,+1.5550000127E+00,+1.0781250000E+00
-237.5000E-06,+1.5800000131E+00,+1.0781250000E+00
-237.0000E-06,+1.5800000131E+00,+1.0781250000E+00
-236.5000E-06,+1.5300000124E+00,+1.0468750000E+00
-236.0000E-06,+1.5800000131E+00,+1.0937500000E+00
-235.5000E-06,+1.5300000124E+00,+1.0937500000E+00
-235.0000E-06,+1.5550000127E+00,+1.0781250000E+00
-234.5000E-06,+1.5300000124E+00,+1.0781250000E+00
-234.0000E-06,+1.6050000135E+00,+1.1093750000E+00
-233.5000E-06,+1.5550000127E+00,+1.0625000000E+00
-233.0000E-06,+1.5300000124E+00,+1.0625000000E+00
-232.5000E-06,+1.5300000124E+00,+1.0937500000E+00
-232.0000E-06,+1.5800000131E+00,+1.0937500000E+00
-231.5000E-06,+1.5550000127E+00,+1.1093750000E+00
-231.0000E-06,+1.5800000131E+00,+1.0937500000E+00
-230.5000E-06,+1.6050000135E+00,+1.1093750000E+00
-230.0000E-06,+1.6050000135E+00,+1.0937500000E+00
-229.5000E-06,+1.5550000127E+00,+1.1250000000E+00
-229.0000E-06,+1.6050000135E+00,+1.0937500000E+00
-228.5000E-06,+1.5550000127E+00,+1.0937500000E+00
-228.0000E-06,+1.6050000135E+00,+1.0937500000E+00
-227.5000E-06,+1.5300000124E+00,+1.0781250000E+00
-227.0000E-06,+1.6050000135E+00,+1.0937500000E+00
-226.5000E-06,+1.5800000131E+00,+1.1093750000E+00
-226.0000E-06,+1.5800000131E+00,+1.1093750000E+00
-225.5000E-06,+1.6050000135E+00,+1.0937500000E+00
-225.0000E-06,+1.5300000124E+00,+1.0781250000E+00
-224.5000E-06,+1.6050000135E+00,+1.1093750000E+00
-224.0000E-06,+1.5550000127E+00,+1.0937500000E+00
-223.5000E-06,+1.5550000127E+00,+1.0937500000E+00
-223.0000E-06,+1.5550000127E+00,+1.0937500000E+00
-222.5000E-06,+1.5550000127E+00,+1.1093750000E+00
-222.0000E-06,+1.6050000135E+00,+1.1093750000E+00
-221.5000E-06,+1.6050000135E+00,+1.1093750000E+00
-221.0000E-06,+1.6050000135E+00,+1.1093750000E+00
-220.5000E-06,+1.5800000131E+00,+1.0937500000E+00
-220.0000E-06,+1.6050000135E+00,+1.1093750000E+00
-219.5000E-06,+1.5550000127E+00,+1.1093750000E+00
-219.0000E-06,+1.5800000131E+00,+1.1093750000E+00
-218.5000E-06,+1.5800000131E+00,+1.1093750000E+00
-218.0000E-06,+1.5550000127E+00,+1.1093750000E+00
-217.5000E-06,+1.6300000139E+00,+1.1250000000E+00
-217.0000E-06,+1.5550000127E+00,+1.1093750000E+00
-216.5000E-06,+1.5550000127E+00,+1.0937500000E+00
-216.0000E-06,+1.6050000135E+00,+1.1250000000E+00
-215.5000E-06,+1.6300000139E+00,+1.1250000000E+00
-215.0000E-06,+1.5800000131E+00,+1.1250000000E+00
-214.5000E-06,+1.6050000135E+00,+1.1406250000E+00
-214.0000E-06,+1.6800000146E+00,+1.1562500000E+00
-213.5000E-06,+1.6050000135E+00,+1.1250000000E+00
-213.0000E-06,+1.5800000131E+00,+1.1406250000E+00
-212.5000E-06,+1.6300000139E+00,+1.1250000000E+00
-212.0000E-06,+1.6050000135E+00,+1.1406250000E+00
-211.5000E-06,+1.6050000135E+00,+1.1250000000E+00
-211.0000E-06,+1.6050000135E+00,+1.1250000000E+00
-210.5000E-06,+1.6050000135E+00,+1.1406250000E+00
-210.0000E-06,+1.6050000135E+00,+1.1406250000E+00
-209.5000E-06,+1.6050000135E+00,+1.1250000000E+00
-209.0000E-06,+1.6300000139E+00,+1.1406250000E+00
-208.5000E-06,+1.5800000131E+00,+1.1250000000E+00
-208.0000E-06,+1.6050000135E+00,+1.1093750000E+00
-207.5000E-06,+1.6300000139E+00,+1.1406250000E+00
-207.0000E-06,+1.6050000135E+00,+1.1406250000E+00
-206.5000E-06,+1.6050000135E+00,+1.1406250000E+00
-206.0000E-06,+1.6050000135E+00,+1.1250000000E+00
-205.5000E-06,+1.6050000135E+00,+1.1406250000E+00
-205.0000E-06,+1.5800000131E+00,+1.1093750000E+00
-204.5000E-06,+1.6050000135E+00,+1.1406250000E+00
-204.0000E-06,+1.6550000142E+00,+1.1406250000E+00
-203.5000E-06,+1.5800000131E+00,+1.1250000000E+00
-203.0000E-06,+1.6050000135E+00,+1.1406250000E+00
-202.5000E-06,+1.6300000139E+00,+1.1406250000E+00
-202.0000E-06,+1.6800000146E+00,+1.1562500000E+00
-201.5000E-06,+1.6050000135E+00,+1.1250000000E+00
-201.0000E-06,+1.5800000131E+00,+1.1562500000E+00
-200.5000E-06,+1.6550000142E+00,+1.1718750000E+00
-200.0000E-06,+1.5800000131E+00,+1.1562500000E+00
-199.5000E-06,+1.6800000146E+00,+1.1718750000E+00
-199.0000E-06,+1.6550000142E+00,+1.1718750000E+00
-198.5000E-06,+1.6550000142E+00,+1.1562500000E+00
-198.0000E-06,+1.6800000146E+00,+1.1875000000E+00
-197.5000E-06,+1.6300000139E+00,+1.1562500000E+00
-197.0000E-06,+1.6300000139E+00,+1.1406250000E+00
-196.5000E-06,+1.6800000146E+00,+1.1718750000E+00
-196.0000E-06,+1.6550000142E+00,+1.1562500000E+00
-195.5000E-06,+1.6550000142E+00,+1.1562500000E+00
-195.0000E-06,+1.6550000142E+00,+1.1562500000E+00
-194.5000E-06,+1.6300000139E+00,+1.1718750000E+00
-194.0000E-06,+1.6050000135E+00,+1.1406250000E+00
-193.5000E-06,+1.5800000131E+00,+1.1718750000E+00
-193.0000E-06,+1.6050000135E+00,+1.1562500000E+00
-192.5000E-06,+1.6050000135E+00,+1.1406250000E+00
-192.0000E-06,+1.6800000146E+00,+1.1718750000E+00
-191.5000E-06,+1.6800000146E+00,+1.1718750000E+00
-191.0000E-06,+1.6300000139E+00,+1.1875000000E+00
-190.5000E-06,+1.6800000146E+00,+1.2031250000E+00
-190.0000E-06,+1.6300000139E+00,+1.1562500000E+00
-189.5000E-06,+1.6300000139E+00,+1.1562500000E+00
-189.0000E-06,+1.6550000142E+00,+1.1875000000E+00
-188.5000E-06,+1.6300000139E+00,+1.1875000000E+00
-188.0000E-06,+1.6300000139E+00,+1.1562500000E+00
-187.5000E-06,+1.6300000139E+00,+1.1562500000E+00
-187.0000E-06,+1.6300000139E+00,+1.1562500000E+00
-186.5000E-06,+1.6800000146E+00,+1.2031250000E+00
-186.0000E-06,+1.6550000142E+00,+1.1718750000E+00
-185.5000E-06,+1.6300000139E+00,+1.1875000000E+00
-185.0000E-06,+1.6300000139E+00,+1.1562500000E+00
-184.5000E-06,+1.6800000146E+00,+1.1875000000E+00
-184.0000E-06,+1.6800000146E+00,+1.1875000000E+00
-183.5000E-06,+1.7050000150E+00,+1.2031250000E+00
-183.0000E-06,+1.6050000135E+00,+1.1562500000E+00
-182.5000E-06,+1.6550000142E+00,+1.1875000000E+00
-182.0000E-06,+1.6550000142E+00,+1.1875000000E+00
-181.5000E-06,+1.6300000139E+00,+1.1718750000E+00
-181.0000E-06,+1.7050000150E+00,+1.2187500000E+00
-180.5000E-06,+1.6800000146E+00,+1.1875000000E+00
-180.0000E-06,+1.6550000142E+00,+1.2031250000E+00
-179.5000E-06,+1.6300000139E+00,+1.1875000000E+00
-179.0000E-06,+1.7050000150E+00,+1.2343750000E+00
-178.5000E-06,+1.6800000146E+00,+1.2031250000E+00
-178.0000E-06,+1.6300000139E+00,+1.1875000000E+00
-177.5000E-06,+1.6550000142E+00,+1.1875000000E+00
-177.0000E-06,+1.6800000146E+00,+1.2031250000E+00
-176.5000E-06,+1.6550000142E+00,+1.1875000000E+00
-176.0000E-06,+1.6050000135E+00,+1.1875000000E+00
-175.5000E-06,+1.6800000146E+00,+1.1875000000E+00
-175.0000E-06,+1.6550000142E+00,+1.1875000000E+00
-174.5000E-06,+1.6800000146E+00,+1.2031250000E+00
-174.0000E-06,+1.6800000146E+00,+1.2031250000E+00
-173.5000E-06,+1.7050000150E+00,+1.2187500000E+00
-173.0000E-06,+1.7050000150E+00,+1.2187500000E+00
-172.5000E-06,+1.7300000153E+00,+1.2187500000E+00
-172.0000E-06,+1.6800000146E+00,+1.2031250000E+00
-171.5000E-06,+1.7050000150E+00,+1.2187500000E+00
-171.0000E-06,+1.6550000142E+00,+1.2031250000E+00
-170.5000E-06,+1.6800000146E+00,+1.2031250000E+00
-170.0000E-06,+1.6800000146E+00,+1.2031250000E+00
-169.5000E-06,+1.6800000146E+00,+1.2187500000E+00
-169.0000E-06,+1.6800000146E+00,+1.2031250000E+00
-168.5000E-06,+1.6800000146E+00,+1.2031250000E+00
-168.0000E-06,+1.6300000139E+00,+1.2031250000E+00
-167.5000E-06,+1.7300000153E+00,+1.2187500000E+00
-167.0000E-06,+1.6800000146E+00,+1.2031250000E+00
-166.5000E-06,+1.7050000150E+00,+1.2187500000E+00
-166.0000E-06,+1.7050000150E+00,+1.2187500000E+00
-165.5000E-06,+1.7050000150E+00,+1.2187500000E+00
-165.0000E-06,+1.7050000150E+00,+1.2343750000E+00
-164.5000E-06,+1.7300000153E+00,+1.2187500000E+00
-164.0000E-06,+1.6800000146E+00,+1.2187500000E+00
-163.5000E-06,+1.7300000153E+00,+1.2500000000E+00
-163.0000E-06,+1.7300000153E+00,+1.2187500000E+00
-162.5000E-06,+1.6550000142E+00,+1.2187500000E+00
-162.0000E-06,+1.7050000150E+00,+1.2343750000E+00
-161.5000E-06,+1.6800000146E+00,+1.2187500000E+00
-161.0000E-06,+1.7050000150E+00,+1.2187500000E+00
-160.5000E-06,+1.7050000150E+00,+1.2343750000E+00
-160.0000E-06,+1.6800000146E+00,+1.2187500000E+00
-159.5000E-06,+1.6800000146E+00,+1.2187500000E+00
-159.0000E-06,+1.6800000146E+00,+1.2343750000E+00
-158.5000E-06,+1.7300000153E+00,+1.2500000000E+00
-158.0000E-06,+1.7300000153E+00,+1.2343750000E+00
-157.5000E-06,+1.7550000157E+00,+1.2500000000E+00
-157.0000E-06,+1.6550000142E+00,+1.2187500000E+00
-156.5000E-06,+1.6800000146E+00,+1.2343750000E+00
-156.0000E-06,+1.7550000157E+00,+1.2500000000E+00
-155.5000E-06,+1.7050000150E+00,+1.2500000000E+00
-155.0000E-06,+1.7050000150E+00,+1.2187500000E+00
-154.5000E-06,+1.7050000150E+00,+1.2500000000E+00
-154.0000E-06,+1.7050000150E+00,+1.2343750000E+00
-153.5000E-06,+1.7300000153E+00,+1.2500000000E+00
-153.0000E-06,+1.7050000150E+00,+1.2343750000E+00
-152.5000E-06,+1.7050000150E+00,+1.2343750000E+00
-152.0000E-06,+1.6800000146E+00,+1.2187500000E+00
-151.5000E-06,+1.7050000150E+00,+1.2187500000E+00
-151.0000E-06,+1.7300000153E+00,+1.2343750000E+00
-150.5000E-06,+1.7300000153E+00,+1.2343750000E+00
-150.0000E-06,+1.7300000153E+00,+1.2500000000E+00
-149.5000E-06,+1.7050000150E+00,+1.2343750000E+00
-149.0000E-06,+1.7300000153E+00,+1.2343750000E+00
-148.5000E-06,+1.7300000153E+00,+1.2500000000E+00
-148.0000E-06,+1.7050000150E+00,+1.2343750000E+00
-147.5000E-06,+1.7550000157E+00,+1.2500000000E+00
-147.0000E-06,+1.7300000153E+00,+1.2656250000E+00
-146.5000E-06,+1.7300000153E+00,+1.2656250000E+00
-146.0000E-06,+1.7550000157E+00,+1.2500000000E+00
-145.5000E-06,+1.7300000153E+00,+1.2656250000E+00
-145.0000E-06,+1.6800000146E+00,+1.2343750000E+00
-144.5000E-06,+1.7550000157E+00,+1.2812500000E+00
-144.0000E-06,+1.7550000157E+00,+1.2656250000E+00
-143.5000E-06,+1.7550000157E+00,+1.2343750000E+00
-143.0000E-06,+1.7800000161E+00,+1.2812500000E+00
-142.5000E-06,+1.7050000150E+00,+1.2500000000E+00
-142.0000E-06,+1.7300000153E+00,+1.2500000000E+00
-141.5000E-06,+1.7300000153E+00,+1.2812500000E+00
-141.0000E-06,+1.7800000161E+00,+1.2812500000E+00
-140.5000E-06,+1.7300000153E+00,+1.2656250000E+00
-140.0000E-06,+1.7300000153E+00,+1.2656250000E+00
-139.5000E-06,+1.7550000157E+00,+1.2656250000E+00
-139.0000E-06,+1.7300000153E+00,+1.2812500000E+00
-138.5000E-06,+1.7550000157E+00,+1.2812500000E+00
-138.0000E-06,+1.8050000165E+00,+1.2812500000E+00
-137.5000E-06,+1.7300000153E+00,+1.2656250000E+00
-137.0000E-06,+1.7550000157E+00,+1.2812500000E+00
-136.5000E-06,+1.7550000157E+00,+1.2812500000E+00
-136.0000E-06,+1.7800000161E+00,+1.2968750000E+00
-135.5000E-06,+1.7050000150E+00,+1.2812500000E+00
-135.0000E-06,+1.7300000153E+00,+1.2812500000E+00
-134.5000E-06,+1.7550000157E+00,+1.2656250000E+00
-134.0000E-06,+1.7800000161E+00,+1.3125000000E+00
-133.5000E-06,+1.7550000157E+00,+1.2812500000E+00
-133.0000E-06,+1.7550000157E+00,+1.2968750000E+00
-132.5000E-06,+1.7800000161E+00,+1.2812500000E+00
-132.0000E-06,+1.7050000150E+00,+1.2656250000E+00
-131.5000E-06,+1.7800000161E+00,+1.3125000000E+00
-131.0000E-06,+1.8300000168E+00,+1.3125000000E+00
-130.5000E-06,+1.7800000161E+00,+1.2968750000E+00
-130.0000E-06,+1.7800000161E+00,+1.2812500000E+00
-129.5000E-06,+1.7550000157E+00,+1.2812500000E+00
-129.0000E-06,+1.7300000153E+00,+1.2812500000E+00
-128.5000E-06,+1.8050000165E+00,+1.3125000000E+00
-128.0000E-06,+1.7800000161E+00,+1.2968750000E+00
-127.5000E-06,+1.7800000161E+00,+1.2968750000E+00
-127.0000E-06,+1.7800000161E+00,+1.2968750000E+00
-126.5000E-06,+1.7050000150E+00,+1.2656250000E+00
-126.0000E-06,+1.7800000161E+00,+1.2968750000E+00
-125.5000E-06,+1.7550000157E+00,+1.2968750000E+00
-125.0000E-06,+1.8050000165E+00,+1.3125000000E+00
-124.5000E-06,+1.7300000153E+00,+1.2812500000E+00
-124.0000E-06,+1.7550000157E+00,+1.2968750000E+00
-123.5000E-06,+1.7800000161E+00,+1.3125000000E+00
-123.0000E-06,+1.7800000161E+00,+1.2968750000E+00
-122.5000E-06,+1.7800000161E+00,+1.3125000000E+00
-122.0000E-06,+1.7550000157E+00,+1.3125000000E+00
-121.5000E-06,+1.8050000165E+00,+1.3125000000E+00
-121.0000E-06,+1.7800000161E+00,+1.3125000000E+00
-120.5000E-06,+1.7800000161E+00,+1.3125000000E+00
-120.0000E-06,+1.8050000165E+00,+1.3125000000E+00
-119.5000E-06,+1.8050000165E+00,+1.3125000000E+00
-119.0000E-06,+1.7550000157E+00,+1.2968750000E+00
-118.5000E-06,+1.8050000165E+00,+1.3125000000E+00
-118.0000E-06,+1.7800000161E+00,+1.3125000000E+00
-117.5000E-06,+1.8050000165E+00,+1.3281250000E+00
-117.0000E-06,+1.8550000172E+00,+1.3281250000E+00
-116.5000E-06,+1.7800000161E+00,+1.3125000000E+00
-116.0000E-06,+1.8050000165E+00,+1.3281250000E+00
-115.5000E-06,+1.8300000168E+00,+1.3437500000E+00
-115.0000E-06,+1.8050000165E+00,+1.3281250000E+00
-114.5000E-06,+1.8050000165E+00,+1.3281250000E+00
-114.0000E-06,+1.8300000168E+00,+1.3125000000E+00
-113.5000E-06,+1.8050000165E+00,+1.3125000000E+00
-113.0000E-06,+1.8300000168E+00,+1.3281250000E+00
-112.5000E-06,+1.8300000168E+00,+1.3281250000E+00
-112.0000E-06,+1.7800000161E+00,+1.3125000000E+00
-111.5000E-06,+1.7800000161E+00,+1.3125000000E+00
-111.0000E-06,+1.8300000168E+00,+1.3593750000E+00
-110.5000E-06,+1.8050000165E+00,+1.3281250000E+00
-110.0000E-06,+1.8300000168E+00,+1.3281250000E+00
-109.5000E-06,+1.8050000165E+00,+1.2968750000E+00
-109.0000E-06,+1.7800000161E+00,+1.3125000000E+00
-108.5000E-06,+1.8050000165E+00,+1.3281250000E+00
-108.0000E-06,+1.8050000165E+00,+1.3437500000E+00
-107.5000E-06,+1.8300000168E+00,+1.3281250000E+00
-107.0000E-06,+1.7800000161E+00,+1.3125000000E+00
-106.5000E-06,+1.8050000165E+00,+1.3437500000E+00
-106.0000E-06,+1.8050000165E+00,+1.3437500000E+00
-105.5000E-06,+1.7800000161E+00,+1.3437500000E+00
-105.0000E-06,+1.8300000168E+00,+1.3593750000E+00
-104.5000E-06,+1.8300000168E+00,+1.3437500000E+00
-104.0000E-06,+1.8300000168E+00,+1.3281250000E+00
-103.5000E-06,+1.8300000168E+00,+1.3437500000E+00
-103.0000E-06,+1.8300000168E+00,+1.3437500000E+00
-102.5000E-06,+1.8800000176E+00,+1.3593750000E+00
-102.0000E-06,+1.7550000157E+00,+1.3125000000E+00
-101.5000E-06,+1.8300000168E+00,+1.3593750000E+00
-101.0000E-06,+1.8300000168E+00,+1.3437500000E+00
-100.5000E-06,+1.8050000165E+00,+1.3437500000E+00
-100.000E-06,+1.8300000168E+00,+1.3750000000E+00
-99.5000E-06,+1.8800000176E+00,+1.3437500000E+00
-99.0000E-06,+1.8550000172E+00,+1.3437500000E+00
-98.5000E-06,+1.8800000176E+00,+1.3750000000E+00
-98.0000E-06,+1.8550000172E+00,+1.3593750000E+00
-97.5000E-06,+1.8300000168E+00,+1.3750000000E+00
-97.0000E-06,+1.8050000165E+00,+1.3437500000E+00
-96.5000E-06,+1.8050000165E+00,+1.3593750000E+00
-96.0000E-06,+1.8550000172E+00,+1.3593750000E+00
-95.5000E-06,+1.8550000172E+00,+1.3750000000E+00
-95.0000E-06,+1.8550000172E+00,+1.3593750000E+00
-94.5000E-06,+1.8300000168E+00,+1.3593750000E+00
-94.0000E-06,+1.8050000165E+00,+1.3593750000E+00
-93.5000E-06,+1.8550000172E+00,+1.3593750000E+00
-93.0000E-06,+1.8300000168E+00,+1.3750000000E+00
-92.5000E-06,+1.8550000172E+00,+1.3906250000E+00
-92.0000E-06,+1.8300000168E+00,+1.3750000000E+00
-91.5000E-06,+1.8300000168E+00,+1.3750000000E+00
-91.0000E-06,+1.8300000168E+00,+1.3750000000E+00
-90.5000E-06,+1.8300000168E+00,+1.3750000000E+00
-90.0000E-06,+1.8550000172E+00,+1.3750000000E+00
-89.5000E-06,+1.8550000172E+00,+1.3593750000E+00
-89.0000E-06,+1.9050000180E+00,+1.3906250000E+00
-88.5000E-06,+1.8300000168E+00,+1.3750000000E+00
-88.0000E-06,+1.8550000172E+00,+1.3593750000E+00
-87.5000E-06,+1.8800000176E+00,+1.3593750000E+00
-87.0000E-06,+1.8550000172E+00,+1.3906250000E+00
-86.5000E-06,+1.8800000176E+00,+1.3750000000E+00
-86.0000E-06,+1.8550000172E+00,+1.3750000000E+00
-85.5000E-06,+1.8550000172E+00,+1.3593750000E+00
-85.0000E-06,+1.8550000172E+00,+1.3906250000E+00
-84.5000E-06,+1.8800000176E+00,+1.3906250000E+00
-84.0000E-06,+1.8800000176E+00,+1.4062500000E+00
-83.5000E-06,+1.8800000176E+00,+1.3750000000E+00
-83.0000E-06,+1.8800000176E+00,+1.4062500000E+00
-82.5000E-06,+1.8550000172E+00,+1.3750000000E+00
-82.0000E-06,+1.8550000172E+00,+1.3906250000E+00
-81.5000E-06,+1.8300000168E+00,+1.3906250000E+00
-81.0000E-06,+1.8050000165E+00,+1.3750000000E+00
-80.5000E-06,+1.8550000172E+00,+1.3750000000E+00
-80.0000E-06,+1.9050000180E+00,+1.3906250000E+00
-79.5000E-06,+1.9300000183E+00,+1.4062500000E+00
-79.0000E-06,+1.8050000165E+00,+1.3750000000E+00
-78.5000E-06,+1.8550000172E+00,+1.4062500000E+00
-78.0000E-06,+1.8550000172E+00,+1.4062500000E+00
-77.5000E-06,+1.9300000183E+00,+1.3906250000E+00
-77.0000E-06,+1.8300000168E+00,+1.3750000000E+00
-76.5000E-06,+1.8800000176E+00,+1.4062500000E+00
-76.0000E-06,+1.8800000176E+00,+1.4062500000E+00
-75.5000E-06,+1.8550000172E+00,+1.3750000000E+00
-75.0000E-06,+1.9050000180E+00,+1.4062500000E+00
-74.5000E-06,+1.8550000172E+00,+1.4062500000E+00
-74.0000E-06,+1.9300000183E+00,+1.3906250000E+00
-73.5000E-06,+1.8800000176E+00,+1.3906250000E+00
-73.0000E-06,+1.8550000172E+00,+1.4062500000E+00
-72.5000E-06,+1.8800000176E+00,+1.4218750000E+00
-72.0000E-06,+1.9050000180E+00,+1.4218750000E+00
-71.5000E-06,+1.8550000172E+00,+1.4218750000E+00
-71.0000E-06,+1.8550000172E+00,+1.4062500000E+00
-70.5000E-06,+1.9050000180E+00,+1.4218750000E+00
-70.0000E-06,+1.8550000172E+00,+1.4218750000E+00
-69.5000E-06,+1.9050000180E+00,+1.4218750000E+00
-69.0000E-06,+1.8550000172E+00,+1.4062500000E+00
-68.5000E-06,+1.8550000172E+00,+1.4062500000E+00
-68.0000E-06,+1.9050000180E+00,+1.4218750000E+00
-67.5000E-06,+1.8800000176E+00,+1.4218750000E+00
-67.0000E-06,+1.8800000176E+00,+1.4062500000E+00
-66.5000E-06,+1.9800000191E+00,+1.4218750000E+00
-66.0000E-06,+1.8550000172E+00,+1.4218750000E+00
-65.5000E-06,+1.9550000187E+00,+1.4375000000E+00
-65.0000E-06,+1.8800000176E+00,+1.4218750000E+00
-64.5000E-06,+1.9050000180E+00,+1.4218750000E+00
-64.0000E-06,+1.9050000180E+00,+1.4375000000E+00
-63.5000E-06,+1.9050000180E+00,+1.4062500000E+00
-63.0000E-06,+1.8800000176E+00,+1.4218750000E+00
-62.5000E-06,+1.8800000176E+00,+1.4218750000E+00
-62.0000E-06,+1.8800000176E+00,+1.4218750000E+00
-61.5000E-06,+1.9050000180E+00,+1.4218750000E+00
-61.0000E-06,+1.9050000180E+00,+1.4375000000E+00
-60.5000E-06,+1.9300000183E+00,+1.4062500000E+00
-60.0000E-06,+1.8550000172E+00,+1.4062500000E+00
-59.5000E-06,+1.8800000176E+00,+1.4062500000E+00
-59.0000E-06,+1.9300000183E+00,+1.4375000000E+00
-58.5000E-06,+1.9800000191E+00,+1.4375000000E+00
-58.0000E-06,+1.9300000183E+00,+1.4218750000E+00
-57.5000E-06,+1.9300000183E+00,+1.4375000000E+00
-57.0000E-06,+1.9300000183E+00,+1.4531250000E+00
-56.5000E-06,+1.9550000187E+00,+1.4531250000E+00
-56.0000E-06,+1.8800000176E+00,+1.4531250000E+00
-55.5000E-06,+1.9300000183E+00,+1.4375000000E+00
-55.0000E-06,+1.8800000176E+00,+1.4218750000E+00
-54.5000E-06,+1.9550000187E+00,+1.4218750000E+00
-54.0000E-06,+1.9550000187E+00,+1.4375000000E+00
-53.5000E-06,+1.9300000183E+00,+1.4531250000E+00
-53.0000E-06,+1.9050000180E+00,+1.4375000000E+00
-52.5000E-06,+1.9050000180E+00,+1.4531250000E+00
-52.0000E-06,+1.9300000183E+00,+1.4531250000E+00
-51.5000E-06,+1.9800000191E+00,+1.4375000000E+00
-51.0000E-06,+1.9300000183E+00,+1.4375000000E+00
-50.5000E-06,+1.8800000176E+00,+1.4375000000E+00
-50.0000E-06,+1.9300000183E+00,+1.4531250000E+00
-49.5000E-06,+1.9800000191E+00,+1.4531250000E+00
-49.0000E-06,+1.9550000187E+00,+1.4687500000E+00
-48.5000E-06,+1.9550000187E+00,+1.4531250000E+00
-48.0000E-06,+1.9300000183E+00,+1.4531250000E+00
-47.5000E-06,+2.0050000194E+00,+1.4375000000E+00
-47.0000E-06,+1.9300000183E+00,+1.4531250000E+00
-46.5000E-06,+1.9050000180E+00,+1.4531250000E+00
-46.0000E-06,+1.9050000180E+00,+1.4531250000E+00
-45.5000E-06,+1.9300000183E+00,+1.4375000000E+00
-45.0000E-06,+1.9800000191E+00,+1.4531250000E+00
-44.5000E-06,+1.9300000183E+00,+1.4687500000E+00
-44.0000E-06,+1.9050000180E+00,+1.4531250000E+00
-43.5000E-06,+1.9800000191E+00,+1.4687500000E+00
-43.0000E-06,+1.9550000187E+00,+1.4687500000E+00
-42.5000E-06,+1.9550000187E+00,+1.4687500000E+00
-42.0000E-06,+1.9300000183E+00,+1.4531250000E+00
-41.5000E-06,+1.9300000183E+00,+1.4687500000E+00
-41.0000E-06,+1.9550000187E+00,+1.4843750000E+00
-40.5000E-06,+1.9800000191E+00,+1.4531250000E+00
-40.0000E-06,+1.9550000187E+00,+1.4687500000E+00
-39.5000E-06,+1.9550000187E+00,+1.4687500000E+00
-39.0000E-06,+1.9800000191E+00,+1.4687500000E+00
-38.5000E-06,+1.9550000187E+00,+1.4531250000E+00
-38.0000E-06,+1.9550000187E+00,+1.4843750000E+00
-37.5000E-06,+1.9550000187E+00,+1.4843750000E+00
-37.0000E-06,+2.0050000194E+00,+1.4687500000E+00
-36.5000E-06,+1.9050000180E+00,+1.4687500000E+00
-36.0000E-06,+1.9800000191E+00,+1.4687500000E+00
-35.5000E-06,+1.9550000187E+00,+1.4687500000E+00
-35.0000E-06,+1.9550000187E+00,+1.4687500000E+00
-34.5000E-06,+1.9800000191E+00,+1.4843750000E+00
-34.0000E-06,+1.9550000187E+00,+1.4843750000E+00
-33.5000E-06,+2.0300000198E+00,+1.5000000000E+00
-33.0000E-06,+2.0050000194E+00,+1.5000000000E+00
-32.5000E-06,+1.9550000187E+00,+1.4843750000E+00
-32.0000E-06,+1.9800000191E+00,+1.5000000000E+00
-31.5000E-06,+2.0300000198E+00,+1.4687500000E+00
-31.0000E-06,+1.9550000187E+00,+1.4843750000E+00
-30.5000E-06,+1.9550000187E+00,+1.4843750000E+00
-30.0000E-06,+1.9800000191E+00,+1.4687500000E+00
-29.5000E-06,+1.9800000191E+00,+1.5000000000E+00
-29.0000E-06,+2.0050000194E+00,+1.5000000000E+00
-28.5000E-06,+2.0050000194E+00,+1.5000000000E+00
-28.0000E-06,+2.0050000194E+00,+1.5000000000E+00
-27.5000E-06,+1.9800000191E+00,+1.5000000000E+00
-27.0000E-06,+1.9550000187E+00,+1.4843750000E+00
-26.5000E-06,+1.9800000191E+00,+1.5000000000E+00
-26.0000E-06,+1.9300000183E+00,+1.4843750000E+00
-25.5000E-06,+1.9800000191E+00,+1.4843750000E+00
-25.0000E-06,+2.0050000194E+00,+1.5156250000E+00
-24.5000E-06,+1.9800000191E+00,+1.4843750000E+00
-24.0000E-06,+1.9800000191E+00,+1.5000000000E+00
-23.5000E-06,+1.9800000191E+00,+1.5000000000E+00
-23.0000E-06,+1.9550000187E+00,+1.4843750000E+00
-22.5000E-06,+2.0300000198E+00,+1.5156250000E+00
-22.0000E-06,+2.0050000194E+00,+1.4687500000E+00
-21.5000E-06,+2.0300000198E+00,+1.5000000000E+00
-21.0000E-06,+2.0300000198E+00,+1.5156250000E+00
-20.5000E-06,+2.0300000198E+00,+1.5156250000E+00
-20.0000E-06,+2.0050000194E+00,+1.5156250000E+00
-19.5000E-06,+2.0050000194E+00,+1.5000000000E+00
-19.0000E-06,+2.0550000202E+00,+1.5156250000E+00
-18.5000E-06,+2.0050000194E+00,+1.5156250000E+00
-18.0000E-06,+2.0300000198E+00,+1.5000000000E+00
-17.5000E-06,+2.0300000198E+00,+1.5156250000E+00
-17.0000E-06,+1.9800000191E+00,+1.5000000000E+00
-16.5000E-06,+2.0300000198E+00,+1.5156250000E+00
-16.0000E-06,+1.9800000191E+00,+1.5000000000E+00
-15.5000E-06,+2.0550000202E+00,+1.5312500000E+00
-15.0000E-06,+2.0050000194E+00,+1.5156250000E+00
-14.5000E-06,+1.9800000191E+00,+1.5156250000E+00
-14.0000E-06,+2.0050000194E+00,+1.5312500000E+00
-13.5000E-06,+2.0050000194E+00,+1.5156250000E+00
-13.0000E-06,+2.0050000194E+00,+1.5156250000E+00
-12.5000E-06,+2.0300000198E+00,+1.5156250000E+00
-12.0000E-06,+1.9550000187E+00,+1.5000000000E+00
-11.5000E-06,+1.9800000191E+00,+1.5000000000E+00
-11.0000E-06,+2.0300000198E+00,+1.5000000000E+00
-10.5000E-06,+2.0550000202E+00,+1.5312500000E+00
-10.000E-06,+2.0300000198E+00,+1.5156250000E+00
-9.5000E-06,+2.0050000194E+00,+1.5156250000E+00
-9.0000E-06,+1.9800000191E+00,+1.4843750000E+00
-8.5000E-06,+1.9800000191E+00,+1.5156250000E+00
-8.0000E-06,+2.0800000206E+00,+1.5468750000E+00
-7.5000E-06,+2.0050000194E+00,+1.5312500000E+00
-7.0000E-06,+2.0550000202E+00,+1.5312500000E+00
-6.5000E-06,+2.0550000202E+00,+1.5468750000E+00
-6.0000E-06,+2.0050000194E+00,+1.5156250000E+00
-5.5000E-06,+2.0550000202E+00,+1.5312500000E+00
-5.0000E-06,+2.0050000194E+00,+1.5312500000E+00
-4.5000E-06,+2.0050000194E+00,+1.5156250000E+00
-4.0000E-06,+2.0300000198E+00,+1.5312500000E+00
-3.5000E-06,+2.0300000198E+00,+1.5156250000E+00
-3.0000E-06,+2.0300000198E+00,+1.5468750000E+00
-2.5000E-06,+2.0050000194E+00,+1.5312500000E+00
-2.0000E-06,+2.0800000206E+00,+1.5625000000E+00
-1.5000E-06,+2.0300000198E+00,+1.5156250000E+00
-1.000E-06,+2.0550000202E+00,+1.5312500000E+00
-500.0E-09,+2.0300000198E+00,+1.5312500000E+00
+0.0E+00,+2.0300000198E+00,+1.5312500000E+00
+500.0E-09,+2.0300000198E+00,+1.5468750000E+00
+1.0000E-06,+2.0800000206E+00,+1.5468750000E+00
+1.5000E-06,+2.0050000194E+00,+1.5312500000E+00
+2.0000E-06,+2.0300000198E+00,+1.5312500000E+00
+2.5000E-06,+2.0300000198E+00,+1.5468750000E+00
+3.0000E-06,+2.0550000202E+00,+1.5625000000E+00
+3.5000E-06,+2.0550000202E+00,+1.5468750000E+00
+4.0000E-06,+2.0800000206E+00,+1.5468750000E+00
+4.5000E-06,+2.1050000209E+00,+1.5625000000E+00
+5.0000E-06,+2.0050000194E+00,+1.5468750000E+00
+5.5000E-06,+2.0550000202E+00,+1.5468750000E+00
+6.0000E-06,+2.0550000202E+00,+1.5625000000E+00
+6.5000E-06,+2.0800000206E+00,+1.5625000000E+00
+7.0000E-06,+2.0800000206E+00,+1.5625000000E+00
+7.5000E-06,+2.0800000206E+00,+1.5625000000E+00
+8.0000E-06,+2.0050000194E+00,+1.5312500000E+00
+8.5000E-06,+2.0800000206E+00,+1.5781250000E+00
+9.0000E-06,+2.1050000209E+00,+1.5625000000E+00
+9.5000E-06,+2.0550000202E+00,+1.5625000000E+00
+10.0000E-06,+2.0050000194E+00,+1.5468750000E+00
+10.5000E-06,+2.0300000198E+00,+1.5468750000E+00
+11.0000E-06,+2.0550000202E+00,+1.5781250000E+00
+11.5000E-06,+2.0800000206E+00,+1.5625000000E+00
+12.0000E-06,+2.0550000202E+00,+1.5625000000E+00
+12.5000E-06,+2.0300000198E+00,+1.5781250000E+00
+13.0000E-06,+2.0550000202E+00,+1.5625000000E+00
+13.5000E-06,+2.0800000206E+00,+1.5937500000E+00
+14.0000E-06,+2.1050000209E+00,+1.6093750000E+00
+14.5000E-06,+2.1050000209E+00,+1.5625000000E+00
+15.0000E-06,+2.1300000213E+00,+1.5937500000E+00
+15.5000E-06,+2.0550000202E+00,+1.5625000000E+00
+16.0000E-06,+2.0550000202E+00,+1.5625000000E+00
+16.5000E-06,+2.0550000202E+00,+1.5781250000E+00
+17.0000E-06,+2.1300000213E+00,+1.5937500000E+00
+17.5000E-06,+2.0550000202E+00,+1.5781250000E+00
+18.0000E-06,+2.0800000206E+00,+1.5937500000E+00
+18.5000E-06,+2.1050000209E+00,+1.5781250000E+00
+19.0000E-06,+2.0800000206E+00,+1.5937500000E+00
+19.5000E-06,+2.1050000209E+00,+1.5937500000E+00
+20.0000E-06,+2.1050000209E+00,+1.5625000000E+00
+20.5000E-06,+2.0300000198E+00,+1.5625000000E+00
+21.0000E-06,+2.0550000202E+00,+1.5781250000E+00
+21.5000E-06,+2.0800000206E+00,+1.5937500000E+00
+22.0000E-06,+2.0800000206E+00,+1.5781250000E+00
+22.5000E-06,+2.1300000213E+00,+1.5937500000E+00
+23.0000E-06,+2.1300000213E+00,+1.5937500000E+00
+23.5000E-06,+2.1050000209E+00,+1.5937500000E+00
+24.0000E-06,+2.1300000213E+00,+1.6093750000E+00
+24.5000E-06,+2.1050000209E+00,+1.6093750000E+00
+25.0000E-06,+2.1300000213E+00,+1.5937500000E+00
+25.5000E-06,+2.0550000202E+00,+1.6093750000E+00
+26.0000E-06,+2.1300000213E+00,+1.6093750000E+00
+26.5000E-06,+2.1050000209E+00,+1.5937500000E+00
+27.0000E-06,+2.1050000209E+00,+1.5937500000E+00
+27.5000E-06,+2.1050000209E+00,+1.5937500000E+00
+28.0000E-06,+2.1050000209E+00,+1.5937500000E+00
+28.5000E-06,+2.1050000209E+00,+1.5937500000E+00
+29.0000E-06,+2.1300000213E+00,+1.6093750000E+00
+29.5000E-06,+2.0550000202E+00,+1.5781250000E+00
+30.0000E-06,+2.1050000209E+00,+1.6093750000E+00
+30.5000E-06,+2.1300000213E+00,+1.5937500000E+00
+31.0000E-06,+2.1300000213E+00,+1.6093750000E+00
+31.5000E-06,+2.1050000209E+00,+1.5937500000E+00
+32.0000E-06,+2.1300000213E+00,+1.5937500000E+00
+32.5000E-06,+2.1300000213E+00,+1.6093750000E+00
+33.0000E-06,+2.1300000213E+00,+1.5937500000E+00
+33.5000E-06,+2.1300000213E+00,+1.6093750000E+00
+34.0000E-06,+2.1300000213E+00,+1.6093750000E+00
+34.5000E-06,+2.0550000202E+00,+1.5937500000E+00
+35.0000E-06,+2.1800000221E+00,+1.6406250000E+00
+35.5000E-06,+2.1300000213E+00,+1.6093750000E+00
+36.0000E-06,+2.1050000209E+00,+1.6250000000E+00
+36.5000E-06,+2.1300000213E+00,+1.6250000000E+00
+37.0000E-06,+2.0800000206E+00,+1.6250000000E+00
+37.5000E-06,+2.1300000213E+00,+1.6093750000E+00
+38.0000E-06,+2.1300000213E+00,+1.6093750000E+00
+38.5000E-06,+2.1300000213E+00,+1.6093750000E+00
+39.0000E-06,+2.1050000209E+00,+1.6093750000E+00
+39.5000E-06,+2.1800000221E+00,+1.6250000000E+00
+40.0000E-06,+2.1300000213E+00,+1.6250000000E+00
+40.5000E-06,+2.1300000213E+00,+1.6250000000E+00
+41.0000E-06,+2.1550000217E+00,+1.6250000000E+00
+41.5000E-06,+2.1550000217E+00,+1.6250000000E+00
+42.0000E-06,+2.0800000206E+00,+1.6093750000E+00
+42.5000E-06,+2.1300000213E+00,+1.6250000000E+00
+43.0000E-06,+2.1300000213E+00,+1.6250000000E+00
+43.5000E-06,+2.1550000217E+00,+1.6250000000E+00
+44.0000E-06,+2.1550000217E+00,+1.6250000000E+00
+44.5000E-06,+2.1800000221E+00,+1.6406250000E+00
+45.0000E-06,+2.1300000213E+00,+1.6093750000E+00
+45.5000E-06,+2.1550000217E+00,+1.6250000000E+00
+46.0000E-06,+2.1800000221E+00,+1.6562500000E+00
+46.5000E-06,+2.1300000213E+00,+1.6093750000E+00
+47.0000E-06,+2.1550000217E+00,+1.6406250000E+00
+47.5000E-06,+2.1300000213E+00,+1.6250000000E+00
+48.0000E-06,+2.1300000213E+00,+1.6406250000E+00
+48.5000E-06,+2.1300000213E+00,+1.6406250000E+00
+49.0000E-06,+2.1300000213E+00,+1.6250000000E+00
+49.5000E-06,+2.1550000217E+00,+1.6406250000E+00
+50.0000E-06,+2.1800000221E+00,+1.6406250000E+00
+50.5000E-06,+2.1300000213E+00,+1.6093750000E+00
+51.0000E-06,+2.1550000217E+00,+1.6406250000E+00
+51.5000E-06,+2.1050000209E+00,+1.6562500000E+00
+52.0000E-06,+2.1800000221E+00,+1.6562500000E+00
+52.5000E-06,+2.1300000213E+00,+1.6250000000E+00
+53.0000E-06,+2.1800000221E+00,+1.6406250000E+00
+53.5000E-06,+2.1300000213E+00,+1.6406250000E+00
+54.0000E-06,+2.1550000217E+00,+1.6562500000E+00
+54.5000E-06,+2.1050000209E+00,+1.6250000000E+00
+55.0000E-06,+2.1050000209E+00,+1.6250000000E+00
+55.5000E-06,+104.9999911E-03,-359.3750000E-03
+56.0000E-06,-45.0000111E-03,-15.6250000E-03
+56.5000E-06,-20.0000107E-03,+0.0E+00
+57.0000E-06,+4.9999896E-03,+0.0E+00
+57.5000E-06,-45.0000111E-03,-15.6250000E-03
+58.0000E-06,-70.0000115E-03,-15.6250000E-03
+58.5000E-06,+4.9999896E-03,+0.0E+00
+59.0000E-06,+4.9999896E-03,+0.0E+00
+59.5000E-06,-20.0000107E-03,-15.6250000E-03
+60.0000E-06,+4.9999896E-03,+0.0E+00
+60.5000E-06,-45.0000111E-03,-31.2500000E-03
+61.0000E-06,-20.0000107E-03,-15.6250000E-03
+61.5000E-06,+4.9999896E-03,+0.0E+00
+62.0000E-06,+4.9999896E-03,+0.0E+00
+62.5000E-06,+4.9999896E-03,+0.0E+00
+63.0000E-06,+4.9999896E-03,-15.6250000E-03
+63.5000E-06,-20.0000107E-03,-31.2500000E-03
+64.0000E-06,-20.0000107E-03,-15.6250000E-03
+64.5000E-06,+4.9999896E-03,+0.0E+00
+65.0000E-06,+29.9999900E-03,+0.0E+00
+65.5000E-06,-20.0000107E-03,-15.6250000E-03
+66.0000E-06,+54.9999904E-03,+0.0E+00
+66.5000E-06,+4.9999896E-03,-15.6250000E-03
+67.0000E-06,+4.9999896E-03,+0.0E+00
+67.5000E-06,-20.0000107E-03,-15.6250000E-03
+68.0000E-06,-20.0000107E-03,-15.6250000E-03
+68.5000E-06,+4.9999896E-03,+0.0E+00
+69.0000E-06,+29.9999900E-03,+0.0E+00
+69.5000E-06,+4.9999896E-03,+0.0E+00
+70.0000E-06,-20.0000107E-03,-15.6250000E-03
+70.5000E-06,+4.9999896E-03,+0.0E+00
+71.0000E-06,+4.9999896E-03,-15.6250000E-03
+71.5000E-06,+29.9999900E-03,-15.6250000E-03
+72.0000E-06,+54.9999904E-03,-15.6250000E-03
+72.5000E-06,+29.9999900E-03,+0.0E+00
+73.0000E-06,-20.0000107E-03,-31.2500000E-03
+73.5000E-06,+29.9999900E-03,+0.0E+00
+74.0000E-06,+54.9999904E-03,+0.0E+00
+74.5000E-06,-20.0000107E-03,-31.2500000E-03
+75.0000E-06,-20.0000107E-03,-15.6250000E-03
+75.5000E-06,+54.9999904E-03,+0.0E+00
+76.0000E-06,+29.9999900E-03,-15.6250000E-03
+76.5000E-06,-20.0000107E-03,-15.6250000E-03
+77.0000E-06,+54.9999904E-03,+0.0E+00
+77.5000E-06,+54.9999904E-03,+0.0E+00
+78.0000E-06,+54.9999904E-03,+0.0E+00
+78.5000E-06,+29.9999900E-03,+0.0E+00
+79.0000E-06,+4.9999896E-03,+0.0E+00
+79.5000E-06,+29.9999900E-03,-15.6250000E-03
+80.0000E-06,+79.9999908E-03,+0.0E+00
+80.5000E-06,+29.9999900E-03,-31.2500000E-03
+81.0000E-06,+54.9999904E-03,+0.0E+00
+81.5000E-06,+54.9999904E-03,+0.0E+00
+82.0000E-06,+54.9999904E-03,+0.0E+00
+82.5000E-06,-20.0000107E-03,-31.2500000E-03
+83.0000E-06,+104.9999911E-03,+15.6250000E-03
+83.5000E-06,+29.9999900E-03,+0.0E+00
+84.0000E-06,+79.9999908E-03,+0.0E+00
+84.5000E-06,+29.9999900E-03,-15.6250000E-03
+85.0000E-06,+79.9999908E-03,-15.6250000E-03
+85.5000E-06,+54.9999904E-03,+0.0E+00
+86.0000E-06,+54.9999904E-03,-31.2500000E-03
+86.5000E-06,+54.9999904E-03,+0.0E+00
+87.0000E-06,+54.9999904E-03,+0.0E+00
+87.5000E-06,+104.9999911E-03,-15.6250000E-03
+88.0000E-06,+104.9999911E-03,+0.0E+00
+88.5000E-06,+29.9999900E-03,+0.0E+00
+89.0000E-06,+79.9999908E-03,+15.6250000E-03
+89.5000E-06,+104.9999911E-03,+0.0E+00
+90.0000E-06,+54.9999904E-03,+0.0E+00
+90.5000E-06,+79.9999908E-03,+0.0E+00
+91.0000E-06,+79.9999908E-03,+0.0E+00
+91.5000E-06,+29.9999900E-03,+0.0E+00
+92.0000E-06,+79.9999908E-03,+0.0E+00
+92.5000E-06,+54.9999904E-03,+0.0E+00
+93.0000E-06,+29.9999900E-03,-15.6250000E-03
+93.5000E-06,+104.9999911E-03,-15.6250000E-03
+94.0000E-06,+104.9999911E-03,+0.0E+00
+94.5000E-06,+104.9999911E-03,+0.0E+00
+95.0000E-06,+79.9999908E-03,+0.0E+00
+95.5000E-06,+79.9999908E-03,+0.0E+00
+96.0000E-06,+129.9999915E-03,+0.0E+00
+96.5000E-06,+54.9999904E-03,-15.6250000E-03
+97.0000E-06,+79.9999908E-03,-15.6250000E-03
+97.5000E-06,+104.9999911E-03,+0.0E+00
+98.0000E-06,+129.9999915E-03,+0.0E+00
+98.5000E-06,+129.9999915E-03,+0.0E+00
+99.0000E-06,+104.9999911E-03,+0.0E+00
+99.5000E-06,+129.9999915E-03,+0.0E+00
+100.0000E-06,+129.9999915E-03,-15.6250000E-03
+100.5000E-06,+129.9999915E-03,+0.0E+00
+101.0000E-06,+129.9999915E-03,+0.0E+00
+101.5000E-06,+54.9999904E-03,-15.6250000E-03
+102.0000E-06,+79.9999908E-03,+0.0E+00
+102.5000E-06,+104.9999911E-03,-15.6250000E-03
+103.0000E-06,+79.9999908E-03,-15.6250000E-03
+103.5000E-06,+104.9999911E-03,+0.0E+00
+104.0000E-06,+104.9999911E-03,+0.0E+00
+104.5000E-06,+104.9999911E-03,-31.2500000E-03
+105.0000E-06,+129.9999915E-03,+0.0E+00
+105.5000E-06,+54.9999904E-03,+0.0E+00
+106.0000E-06,+129.9999915E-03,+0.0E+00
+106.5000E-06,+104.9999911E-03,-15.6250000E-03
+107.0000E-06,+104.9999911E-03,-15.6250000E-03
+107.5000E-06,+129.9999915E-03,+0.0E+00
+108.0000E-06,+104.9999911E-03,+0.0E+00
+108.5000E-06,+79.9999908E-03,+0.0E+00
+109.0000E-06,+179.9999923E-03,-15.6250000E-03
+109.5000E-06,+179.9999923E-03,-15.6250000E-03
+110.0000E-06,+179.9999923E-03,-15.6250000E-03
+110.5000E-06,+104.9999911E-03,-15.6250000E-03
+111.0000E-06,+129.9999915E-03,-15.6250000E-03
+111.5000E-06,+179.9999923E-03,-15.6250000E-03
+112.0000E-06,+129.9999915E-03,+0.0E+00
+112.5000E-06,+129.9999915E-03,+0.0E+00
+113.0000E-06,+129.9999915E-03,+15.6250000E-03
+113.5000E-06,+104.9999911E-03,-15.6250000E-03
+114.0000E-06,+179.9999923E-03,+0.0E+00
+114.5000E-06,+154.9999919E-03,+0.0E+00
+115.0000E-06,+129.9999915E-03,+0.0E+00
+115.5000E-06,+104.9999911E-03,-31.2500000E-03
+116.0000E-06,+104.9999911E-03,-15.6250000E-03
+116.5000E-06,+179.9999923E-03,+0.0E+00
+117.0000E-06,+179.9999923E-03,-15.6250000E-03
+117.5000E-06,+154.9999919E-03,+0.0E+00
+118.0000E-06,+179.9999923E-03,+0.0E+00
+118.5000E-06,+179.9999923E-03,+0.0E+00
+119.0000E-06,+204.9999926E-03,+15.6250000E-03
+119.5000E-06,+179.9999923E-03,-15.6250000E-03
+120.0000E-06,+129.9999915E-03,+0.0E+00
+120.5000E-06,+129.9999915E-03,+0.0E+00
+121.0000E-06,+179.9999923E-03,+15.6250000E-03
+121.5000E-06,+154.9999919E-03,-15.6250000E-03
+122.0000E-06,+154.9999919E-03,+0.0E+00
+122.5000E-06,+154.9999919E-03,+0.0E+00
+123.0000E-06,+204.9999926E-03,+15.6250000E-03
+123.5000E-06,+154.9999919E-03,+0.0E+00
+124.0000E-06,+229.9999930E-03,-15.6250000E-03
+124.5000E-06,+129.9999915E-03,+0.0E+00
+125.0000E-06,+204.9999926E-03,+15.6250000E-03
+125.5000E-06,+204.9999926E-03,+0.0E+00
+126.0000E-06,+129.9999915E-03,+0.0E+00
+126.5000E-06,+179.9999923E-03,+0.0E+00
+127.0000E-06,+179.9999923E-03,+0.0E+00
+127.5000E-06,+154.9999919E-03,+0.0E+00
+128.0000E-06,+229.9999930E-03,+0.0E+00
+128.5000E-06,+229.9999930E-03,-15.6250000E-03
+129.0000E-06,+229.9999930E-03,-15.6250000E-03
+129.5000E-06,+204.9999926E-03,+0.0E+00
+130.0000E-06,+154.9999919E-03,+0.0E+00
+130.5000E-06,+179.9999923E-03,+0.0E+00
+131.0000E-06,+179.9999923E-03,+0.0E+00
+131.5000E-06,+179.9999923E-03,-15.6250000E-03
+132.0000E-06,+154.9999919E-03,+0.0E+00
+132.5000E-06,+179.9999923E-03,-15.6250000E-03
+133.0000E-06,+204.9999926E-03,+0.0E+00
+133.5000E-06,+179.9999923E-03,+0.0E+00
+134.0000E-06,+229.9999930E-03,+0.0E+00
+134.5000E-06,+204.9999926E-03,+15.6250000E-03
+135.0000E-06,+254.9999934E-03,-15.6250000E-03
+135.5000E-06,+204.9999926E-03,+0.0E+00
+136.0000E-06,+204.9999926E-03,+0.0E+00
+136.5000E-06,+179.9999923E-03,-15.6250000E-03
+137.0000E-06,+204.9999926E-03,+0.0E+00
+137.5000E-06,+204.9999926E-03,+0.0E+00
+138.0000E-06,+179.9999923E-03,-15.6250000E-03
+138.5000E-06,+204.9999926E-03,+0.0E+00
+139.0000E-06,+254.9999934E-03,+0.0E+00
+139.5000E-06,+204.9999926E-03,+0.0E+00
+140.0000E-06,+229.9999930E-03,+0.0E+00
+140.5000E-06,+254.9999934E-03,+0.0E+00
+141.0000E-06,+204.9999926E-03,+0.0E+00
+141.5000E-06,+204.9999926E-03,+0.0E+00
+142.0000E-06,+304.9999941E-03,+31.2500000E-03
+142.5000E-06,+229.9999930E-03,-15.6250000E-03
+143.0000E-06,+229.9999930E-03,-15.6250000E-03
+143.5000E-06,+254.9999934E-03,+0.0E+00
+144.0000E-06,+179.9999923E-03,+0.0E+00
+144.5000E-06,+254.9999934E-03,+0.0E+00
+145.0000E-06,+229.9999930E-03,+0.0E+00
+145.5000E-06,+254.9999934E-03,+0.0E+00
+146.0000E-06,+229.9999930E-03,+0.0E+00
+146.5000E-06,+254.9999934E-03,-15.6250000E-03
+147.0000E-06,+254.9999934E-03,+0.0E+00
+147.5000E-06,+329.9999945E-03,+0.0E+00
+148.0000E-06,+229.9999930E-03,+0.0E+00
+148.5000E-06,+229.9999930E-03,-15.6250000E-03
+149.0000E-06,+279.9999937E-03,+0.0E+00
+149.5000E-06,+229.9999930E-03,+0.0E+00
+150.0000E-06,+254.9999934E-03,+0.0E+00
+150.5000E-06,+254.9999934E-03,+0.0E+00
+151.0000E-06,+254.9999934E-03,+0.0E+00
+151.5000E-06,+304.9999941E-03,+15.6250000E-03
+152.0000E-06,+229.9999930E-03,+0.0E+00
+152.5000E-06,+254.9999934E-03,+0.0E+00
+153.0000E-06,+279.9999937E-03,+0.0E+00
+153.5000E-06,+254.9999934E-03,+0.0E+00
+154.0000E-06,+229.9999930E-03,+0.0E+00
+154.5000E-06,+279.9999937E-03,+0.0E+00
+155.0000E-06,+279.9999937E-03,+0.0E+00
+155.5000E-06,+229.9999930E-03,+0.0E+00
+156.0000E-06,+254.9999934E-03,+0.0E+00
+156.5000E-06,+279.9999937E-03,+0.0E+00
+157.0000E-06,+254.9999934E-03,+0.0E+00
+157.5000E-06,+304.9999941E-03,+0.0E+00
+158.0000E-06,+254.9999934E-03,-15.6250000E-03
+158.5000E-06,+254.9999934E-03,+0.0E+00
+159.0000E-06,+304.9999941E-03,+0.0E+00
+159.5000E-06,+304.9999941E-03,+15.6250000E-03
+160.0000E-06,+254.9999934E-03,+0.0E+00
+160.5000E-06,+279.9999937E-03,-15.6250000E-03
+161.0000E-06,+329.9999945E-03,-15.6250000E-03
+161.5000E-06,+329.9999945E-03,+0.0E+00
+162.0000E-06,+279.9999937E-03,+0.0E+00
+162.5000E-06,+304.9999941E-03,+0.0E+00
+163.0000E-06,+354.9999949E-03,+15.6250000E-03
+163.5000E-06,+279.9999937E-03,+0.0E+00
+164.0000E-06,+304.9999941E-03,+0.0E+00
+164.5000E-06,+279.9999937E-03,+0.0E+00
+165.0000E-06,+354.9999949E-03,+15.6250000E-03
+165.5000E-06,+354.9999949E-03,+15.6250000E-03
+166.0000E-06,+304.9999941E-03,+0.0E+00
+166.5000E-06,+254.9999934E-03,+0.0E+00
+167.0000E-06,+304.9999941E-03,+0.0E+00
+167.5000E-06,+304.9999941E-03,-15.6250000E-03
+168.0000E-06,+304.9999941E-03,+0.0E+00
+168.5000E-06,+304.9999941E-03,-15.6250000E-03
+169.0000E-06,+279.9999937E-03,+0.0E+00
+169.5000E-06,+329.9999945E-03,+0.0E+00
+170.0000E-06,+329.9999945E-03,+0.0E+00
+170.5000E-06,+329.9999945E-03,-15.6250000E-03
+171.0000E-06,+354.9999949E-03,+15.6250000E-03
+171.5000E-06,+304.9999941E-03,-15.6250000E-03
+172.0000E-06,+304.9999941E-03,+0.0E+00
+172.5000E-06,+329.9999945E-03,+31.2500000E-03
+173.0000E-06,+329.9999945E-03,+0.0E+00
+173.5000E-06,+329.9999945E-03,+15.6250000E-03
+174.0000E-06,+254.9999934E-03,+0.0E+00
+174.5000E-06,+354.9999949E-03,+0.0E+00
+175.0000E-06,+354.9999949E-03,+0.0E+00
+175.5000E-06,+329.9999945E-03,+0.0E+00
+176.0000E-06,+379.9999952E-03,+0.0E+00
+176.5000E-06,+404.9999956E-03,+31.2500000E-03
+177.0000E-06,+379.9999952E-03,+0.0E+00
+177.5000E-06,+329.9999945E-03,+0.0E+00
+178.0000E-06,+404.9999956E-03,+31.2500000E-03
+178.5000E-06,+279.9999937E-03,+0.0E+00
+179.0000E-06,+329.9999945E-03,+15.6250000E-03
+179.5000E-06,+379.9999952E-03,+0.0E+00
+180.0000E-06,+329.9999945E-03,+0.0E+00
+180.5000E-06,+329.9999945E-03,+15.6250000E-03
+181.0000E-06,+279.9999937E-03,+0.0E+00
+181.5000E-06,+379.9999952E-03,+15.6250000E-03
+182.0000E-06,+379.9999952E-03,+15.6250000E-03
+182.5000E-06,+304.9999941E-03,-15.6250000E-03
+183.0000E-06,+304.9999941E-03,+0.0E+00
+183.5000E-06,+329.9999945E-03,+31.2500000E-03
+184.0000E-06,+404.9999956E-03,+31.2500000E-03
+184.5000E-06,+329.9999945E-03,+0.0E+00
+185.0000E-06,+379.9999952E-03,+0.0E+00
+185.5000E-06,+379.9999952E-03,+31.2500000E-03
+186.0000E-06,+329.9999945E-03,-15.6250000E-03
+186.5000E-06,+354.9999949E-03,+15.6250000E-03
+187.0000E-06,+404.9999956E-03,+31.2500000E-03
+187.5000E-06,+404.9999956E-03,+15.6250000E-03
+188.0000E-06,+379.9999952E-03,+15.6250000E-03
+188.5000E-06,+379.9999952E-03,+15.6250000E-03
+189.0000E-06,+404.9999956E-03,+15.6250000E-03
+189.5000E-06,+379.9999952E-03,+46.8750000E-03
+190.0000E-06,+379.9999952E-03,+15.6250000E-03
+190.5000E-06,+379.9999952E-03,+15.6250000E-03
+191.0000E-06,+354.9999949E-03,+15.6250000E-03
+191.5000E-06,+379.9999952E-03,+15.6250000E-03
+192.0000E-06,+379.9999952E-03,+31.2500000E-03
+192.5000E-06,+379.9999952E-03,+15.6250000E-03
+193.0000E-06,+379.9999952E-03,+31.2500000E-03
+193.5000E-06,+404.9999956E-03,+31.2500000E-03
+194.0000E-06,+379.9999952E-03,+31.2500000E-03
+194.5000E-06,+429.9999960E-03,+46.8750000E-03
+195.0000E-06,+379.9999952E-03,+15.6250000E-03
+195.5000E-06,+379.9999952E-03,+31.2500000E-03
+196.0000E-06,+379.9999952E-03,+15.6250000E-03
+196.5000E-06,+379.9999952E-03,+15.6250000E-03
+197.0000E-06,+379.9999952E-03,+31.2500000E-03
+197.5000E-06,+404.9999956E-03,+31.2500000E-03
+198.0000E-06,+354.9999949E-03,+31.2500000E-03
+198.5000E-06,+404.9999956E-03,+0.0E+00
+199.0000E-06,+429.9999960E-03,+31.2500000E-03
+199.5000E-06,+379.9999952E-03,+31.2500000E-03
+200.0000E-06,+379.9999952E-03,+31.2500000E-03
+200.5000E-06,+379.9999952E-03,+31.2500000E-03
+201.0000E-06,+404.9999956E-03,+31.2500000E-03
+201.5000E-06,+404.9999956E-03,+31.2500000E-03
+202.0000E-06,+404.9999956E-03,+31.2500000E-03
+202.5000E-06,+404.9999956E-03,+31.2500000E-03
+203.0000E-06,+379.9999952E-03,+15.6250000E-03
+203.5000E-06,+379.9999952E-03,+31.2500000E-03
+204.0000E-06,+404.9999956E-03,+31.2500000E-03
+204.5000E-06,+404.9999956E-03,+46.8750000E-03
+205.0000E-06,+429.9999960E-03,+46.8750000E-03
+205.5000E-06,+404.9999956E-03,+31.2500000E-03
+206.0000E-06,+404.9999956E-03,+31.2500000E-03
+206.5000E-06,+429.9999960E-03,+46.8750000E-03
+207.0000E-06,+404.9999956E-03,+31.2500000E-03
+207.5000E-06,+454.9999963E-03,+46.8750000E-03
+208.0000E-06,+454.9999963E-03,+62.5000000E-03
+208.5000E-06,+404.9999956E-03,+15.6250000E-03
+209.0000E-06,+404.9999956E-03,+46.8750000E-03
+209.5000E-06,+429.9999960E-03,+46.8750000E-03
+210.0000E-06,+404.9999956E-03,+31.2500000E-03
+210.5000E-06,+429.9999960E-03,+46.8750000E-03
+211.0000E-06,+404.9999956E-03,+46.8750000E-03
+211.5000E-06,+354.9999949E-03,+31.2500000E-03
+212.0000E-06,+429.9999960E-03,+31.2500000E-03
+212.5000E-06,+404.9999956E-03,+15.6250000E-03
+213.0000E-06,+404.9999956E-03,+31.2500000E-03
+213.5000E-06,+429.9999960E-03,+31.2500000E-03
+214.0000E-06,+404.9999956E-03,+46.8750000E-03
+214.5000E-06,+454.9999963E-03,+62.5000000E-03
+215.0000E-06,+454.9999963E-03,+62.5000000E-03
+215.5000E-06,+404.9999956E-03,+46.8750000E-03
+216.0000E-06,+404.9999956E-03,+31.2500000E-03
+216.5000E-06,+404.9999956E-03,+15.6250000E-03
+217.0000E-06,+404.9999956E-03,+46.8750000E-03
+217.5000E-06,+404.9999956E-03,+31.2500000E-03
+218.0000E-06,+404.9999956E-03,+46.8750000E-03
+218.5000E-06,+429.9999960E-03,+78.1250000E-03
+219.0000E-06,+429.9999960E-03,+62.5000000E-03
+219.5000E-06,+479.9999967E-03,+78.1250000E-03
+220.0000E-06,+479.9999967E-03,+62.5000000E-03
+220.5000E-06,+454.9999963E-03,+62.5000000E-03
+221.0000E-06,+429.9999960E-03,+46.8750000E-03
+221.5000E-06,+404.9999956E-03,+46.8750000E-03
+222.0000E-06,+429.9999960E-03,+46.8750000E-03
+222.5000E-06,+429.9999960E-03,+78.1250000E-03
+223.0000E-06,+454.9999963E-03,+62.5000000E-03
+223.5000E-06,+454.9999963E-03,+62.5000000E-03
+224.0000E-06,+404.9999956E-03,+46.8750000E-03
+224.5000E-06,+454.9999963E-03,+62.5000000E-03
+225.0000E-06,+454.9999963E-03,+62.5000000E-03
+225.5000E-06,+429.9999960E-03,+46.8750000E-03
+226.0000E-06,+429.9999960E-03,+62.5000000E-03
+226.5000E-06,+479.9999967E-03,+93.7500000E-03
+227.0000E-06,+479.9999967E-03,+78.1250000E-03
+227.5000E-06,+479.9999967E-03,+62.5000000E-03
+228.0000E-06,+454.9999963E-03,+62.5000000E-03
+228.5000E-06,+429.9999960E-03,+62.5000000E-03
+229.0000E-06,+504.9999971E-03,+78.1250000E-03
+229.5000E-06,+479.9999967E-03,+78.1250000E-03
+230.0000E-06,+504.9999971E-03,+78.1250000E-03
+230.5000E-06,+504.9999971E-03,+93.7500000E-03
+231.0000E-06,+454.9999963E-03,+78.1250000E-03
+231.5000E-06,+454.9999963E-03,+62.5000000E-03
+232.0000E-06,+454.9999963E-03,+78.1250000E-03
+232.5000E-06,+429.9999960E-03,+62.5000000E-03
+233.0000E-06,+454.9999964E-03,+78.1250000E-03
+233.5000E-06,+504.9999971E-03,+93.7500000E-03
+234.0000E-06,+504.9999971E-03,+78.1250000E-03
+234.5000E-06,+504.9999971E-03,+109.3750000E-03
+235.0000E-06,+429.9999960E-03,+78.1250000E-03
+235.5000E-06,+479.9999967E-03,+93.7500000E-03
+236.0000E-06,+429.9999960E-03,+62.5000000E-03
+236.5000E-06,+479.9999967E-03,+78.1250000E-03
+237.0000E-06,+454.9999964E-03,+78.1250000E-03
+237.5000E-06,+504.9999971E-03,+109.3750000E-03
+238.0000E-06,+479.9999967E-03,+93.7500000E-03
+238.5000E-06,+479.9999967E-03,+93.7500000E-03
+239.0000E-06,+479.9999967E-03,+78.1250000E-03
+239.5000E-06,+429.9999960E-03,+78.1250000E-03
+240.0000E-06,+454.9999963E-03,+62.5000000E-03
+240.5000E-06,+454.9999964E-03,+78.1250000E-03
+241.0000E-06,+529.9999975E-03,+93.7500000E-03
+241.5000E-06,+429.9999960E-03,+93.7500000E-03
+242.0000E-06,+479.9999967E-03,+78.1250000E-03
+242.5000E-06,+504.9999971E-03,+109.3750000E-03
+243.0000E-06,+479.9999967E-03,+93.7500000E-03
+243.5000E-06,+504.9999971E-03,+93.7500000E-03
+244.0000E-06,+504.9999971E-03,+93.7500000E-03
+244.5000E-06,+504.9999971E-03,+109.3750000E-03
+245.0000E-06,+504.9999971E-03,+93.7500000E-03
+245.5000E-06,+479.9999967E-03,+93.7500000E-03
+246.0000E-06,+529.9999975E-03,+109.3750000E-03
+246.5000E-06,+529.9999975E-03,+93.7500000E-03
+247.0000E-06,+529.9999975E-03,+93.7500000E-03
+247.5000E-06,+504.9999971E-03,+93.7500000E-03
+248.0000E-06,+479.9999967E-03,+93.7500000E-03
+248.5000E-06,+554.9999978E-03,+140.6250000E-03
+249.0000E-06,+504.9999971E-03,+109.3750000E-03
+249.5000E-06,+504.9999971E-03,+93.7500000E-03
+250.0000E-06,+454.9999963E-03,+93.7500000E-03
+250.5000E-06,+479.9999967E-03,+93.7500000E-03
+251.0000E-06,+479.9999967E-03,+93.7500000E-03
+251.5000E-06,+504.9999971E-03,+125.0000000E-03
+252.0000E-06,+529.9999975E-03,+109.3750000E-03
+252.5000E-06,+504.9999971E-03,+109.3750000E-03
+253.0000E-06,+504.9999971E-03,+109.3750000E-03
+253.5000E-06,+454.9999963E-03,+109.3750000E-03
+254.0000E-06,+479.9999967E-03,+93.7500000E-03
+254.5000E-06,+529.9999975E-03,+125.0000000E-03
+255.0000E-06,+554.9999978E-03,+140.6250000E-03
+255.5000E-06,+479.9999967E-03,+109.3750000E-03
+256.0000E-06,+504.9999971E-03,+109.3750000E-03
+256.5000E-06,+479.9999967E-03,+93.7500000E-03
+257.0000E-06,+479.9999967E-03,+93.7500000E-03
+257.5000E-06,+504.9999971E-03,+109.3750000E-03
+258.0000E-06,+479.9999967E-03,+93.7500000E-03
+258.5000E-06,+529.9999975E-03,+125.0000000E-03
+259.0000E-06,+554.9999978E-03,+140.6250000E-03
+259.5000E-06,+529.9999975E-03,+125.0000000E-03
+260.0000E-06,+504.9999971E-03,+109.3750000E-03
+260.5000E-06,+579.9999982E-03,+156.2500000E-03
+261.0000E-06,+529.9999975E-03,+125.0000000E-03
+261.5000E-06,+529.9999975E-03,+140.6250000E-03
+262.0000E-06,+579.9999982E-03,+140.6250000E-03
+262.5000E-06,+529.9999975E-03,+125.0000000E-03
+263.0000E-06,+554.9999978E-03,+125.0000000E-03
+263.5000E-06,+579.9999982E-03,+156.2500000E-03
+264.0000E-06,+579.9999982E-03,+140.6250000E-03
+264.5000E-06,+504.9999971E-03,+140.6250000E-03
+265.0000E-06,+504.9999971E-03,+109.3750000E-03
+265.5000E-06,+604.9999986E-03,+156.2500000E-03
+266.0000E-06,+504.9999971E-03,+109.3750000E-03
+266.5000E-06,+479.9999967E-03,+109.3750000E-03
+267.0000E-06,+579.9999982E-03,+140.6250000E-03
+267.5000E-06,+554.9999978E-03,+125.0000000E-03
+268.0000E-06,+554.9999978E-03,+140.6250000E-03
+268.5000E-06,+579.9999982E-03,+156.2500000E-03
+269.0000E-06,+479.9999967E-03,+125.0000000E-03
+269.5000E-06,+529.9999975E-03,+140.6250000E-03
+270.0000E-06,+554.9999978E-03,+125.0000000E-03
+270.5000E-06,+504.9999971E-03,+140.6250000E-03
+271.0000E-06,+554.9999978E-03,+125.0000000E-03
+271.5000E-06,+579.9999982E-03,+156.2500000E-03
+272.0000E-06,+504.9999971E-03,+140.6250000E-03
+272.5000E-06,+529.9999975E-03,+125.0000000E-03
+273.0000E-06,+529.9999975E-03,+125.0000000E-03
+273.5000E-06,+579.9999982E-03,+140.6250000E-03
+274.0000E-06,+579.9999982E-03,+140.6250000E-03
+274.5000E-06,+529.9999975E-03,+125.0000000E-03
+275.0000E-06,+504.9999971E-03,+140.6250000E-03
+275.5000E-06,+579.9999982E-03,+156.2500000E-03
+276.0000E-06,+554.9999978E-03,+140.6250000E-03
+276.5000E-06,+529.9999975E-03,+156.2500000E-03
+277.0000E-06,+579.9999982E-03,+156.2500000E-03
+277.5000E-06,+529.9999975E-03,+125.0000000E-03
+278.0000E-06,+579.9999982E-03,+156.2500000E-03
+278.5000E-06,+554.9999978E-03,+140.6250000E-03
+279.0000E-06,+504.9999971E-03,+156.2500000E-03
+279.5000E-06,+579.9999982E-03,+156.2500000E-03
+280.0000E-06,+579.9999982E-03,+156.2500000E-03
+280.5000E-06,+604.9999986E-03,+156.2500000E-03
+281.0000E-06,+629.9999990E-03,+156.2500000E-03
+281.5000E-06,+579.9999982E-03,+156.2500000E-03
+282.0000E-06,+529.9999975E-03,+140.6250000E-03
+282.5000E-06,+529.9999975E-03,+156.2500000E-03
+283.0000E-06,+579.9999982E-03,+156.2500000E-03
+283.5000E-06,+579.9999982E-03,+171.8750000E-03
+284.0000E-06,+579.9999982E-03,+140.6250000E-03
+284.5000E-06,+554.9999978E-03,+140.6250000E-03
+285.0000E-06,+629.9999990E-03,+171.8750000E-03
+285.5000E-06,+554.9999978E-03,+156.2500000E-03
+286.0000E-06,+629.9999990E-03,+187.5000000E-03
+286.5000E-06,+554.9999978E-03,+156.2500000E-03
+287.0000E-06,+579.9999982E-03,+171.8750000E-03
+287.5000E-06,+604.9999986E-03,+171.8750000E-03
+288.0000E-06,+554.9999978E-03,+140.6250000E-03
+288.5000E-06,+604.9999986E-03,+203.1250000E-03
+289.0000E-06,+629.9999990E-03,+187.5000000E-03
+289.5000E-06,+604.9999986E-03,+187.5000000E-03
+290.0000E-06,+579.9999982E-03,+171.8750000E-03
+290.5000E-06,+579.9999982E-03,+140.6250000E-03
+291.0000E-06,+604.9999986E-03,+171.8750000E-03
+291.5000E-06,+604.9999986E-03,+171.8750000E-03
+292.0000E-06,+604.9999986E-03,+171.8750000E-03
+292.5000E-06,+579.9999982E-03,+171.8750000E-03
+293.0000E-06,+554.9999978E-03,+171.8750000E-03
+293.5000E-06,+554.9999978E-03,+156.2500000E-03
+294.0000E-06,+604.9999986E-03,+187.5000000E-03
+294.5000E-06,+604.9999986E-03,+171.8750000E-03
+295.0000E-06,+579.9999982E-03,+171.8750000E-03
+295.5000E-06,+604.9999986E-03,+187.5000000E-03
+296.0000E-06,+604.9999986E-03,+187.5000000E-03
+296.5000E-06,+604.9999986E-03,+171.8750000E-03
+297.0000E-06,+554.9999978E-03,+156.2500000E-03
+297.5000E-06,+604.9999986E-03,+187.5000000E-03
+298.0000E-06,+629.9999990E-03,+218.7500000E-03
+298.5000E-06,+629.9999990E-03,+203.1250000E-03
+299.0000E-06,+604.9999986E-03,+187.5000000E-03
+299.5000E-06,+629.9999990E-03,+203.1250000E-03
+300.0000E-06,+579.9999982E-03,+171.8750000E-03
+300.5000E-06,+629.9999990E-03,+203.1250000E-03
+301.0000E-06,+604.9999986E-03,+187.5000000E-03
+301.5000E-06,+579.9999982E-03,+171.8750000E-03
+302.0000E-06,+604.9999986E-03,+187.5000000E-03
+302.5000E-06,+629.9999990E-03,+218.7500000E-03
+303.0000E-06,+604.9999986E-03,+218.7500000E-03
+303.5000E-06,+554.9999978E-03,+171.8750000E-03
+304.0000E-06,+604.9999986E-03,+187.5000000E-03
+304.5000E-06,+604.9999986E-03,+187.5000000E-03
+305.0000E-06,+654.9999993E-03,+203.1250000E-03
+305.5000E-06,+579.9999982E-03,+187.5000000E-03
+306.0000E-06,+629.9999990E-03,+187.5000000E-03
+306.5000E-06,+629.9999990E-03,+234.3750000E-03
+307.0000E-06,+604.9999986E-03,+203.1250000E-03
+307.5000E-06,+604.9999986E-03,+187.5000000E-03
+308.0000E-06,+629.9999990E-03,+187.5000000E-03
+308.5000E-06,+604.9999986E-03,+187.5000000E-03
+309.0000E-06,+579.9999982E-03,+187.5000000E-03
+309.5000E-06,+604.9999986E-03,+218.7500000E-03
+310.0000E-06,+604.9999986E-03,+218.7500000E-03
+310.5000E-06,+654.9999993E-03,+218.7500000E-03
+311.0000E-06,+604.9999986E-03,+203.1250000E-03
+311.5000E-06,+629.9999990E-03,+203.1250000E-03
+312.0000E-06,+629.9999990E-03,+203.1250000E-03
+312.5000E-06,+629.9999990E-03,+218.7500000E-03
+313.0000E-06,+629.9999990E-03,+234.3750000E-03
+313.5000E-06,+604.9999986E-03,+218.7500000E-03
+314.0000E-06,+654.9999993E-03,+218.7500000E-03
+314.5000E-06,+604.9999986E-03,+234.3750000E-03
+315.0000E-06,+654.9999993E-03,+218.7500000E-03
+315.5000E-06,+654.9999993E-03,+218.7500000E-03
+316.0000E-06,+629.9999990E-03,+203.1250000E-03
+316.5000E-06,+654.9999993E-03,+218.7500000E-03
+317.0000E-06,+679.9999997E-03,+234.3750000E-03
+317.5000E-06,+604.9999986E-03,+203.1250000E-03
+318.0000E-06,+654.9999993E-03,+234.3750000E-03
+318.5000E-06,+654.9999993E-03,+218.7500000E-03
+319.0000E-06,+629.9999990E-03,+218.7500000E-03
+319.5000E-06,+679.9999997E-03,+250.0000000E-03
+320.0000E-06,+629.9999990E-03,+218.7500000E-03
+320.5000E-06,+705.0000001E-03,+234.3750000E-03
+321.0000E-06,+604.9999986E-03,+203.1250000E-03
+321.5000E-06,+679.9999997E-03,+250.0000000E-03
+322.0000E-06,+679.9999997E-03,+250.0000000E-03
+322.5000E-06,+629.9999990E-03,+234.3750000E-03
+323.0000E-06,+679.9999997E-03,+234.3750000E-03
+323.5000E-06,+654.9999993E-03,+234.3750000E-03
+324.0000E-06,+679.9999997E-03,+250.0000000E-03
+324.5000E-06,+654.9999993E-03,+234.3750000E-03
+325.0000E-06,+654.9999993E-03,+234.3750000E-03
+325.5000E-06,+629.9999990E-03,+250.0000000E-03
+326.0000E-06,+629.9999990E-03,+218.7500000E-03
+326.5000E-06,+629.9999990E-03,+234.3750000E-03
+327.0000E-06,+629.9999990E-03,+234.3750000E-03
+327.5000E-06,+654.9999993E-03,+250.0000000E-03
+328.0000E-06,+629.9999990E-03,+250.0000000E-03
+328.5000E-06,+654.9999993E-03,+218.7500000E-03
+329.0000E-06,+654.9999993E-03,+250.0000000E-03
+329.5000E-06,+679.9999997E-03,+265.6250000E-03
+330.0000E-06,+654.9999993E-03,+234.3750000E-03
+330.5000E-06,+654.9999993E-03,+250.0000000E-03
+331.0000E-06,+654.9999993E-03,+265.6250000E-03
+331.5000E-06,+629.9999990E-03,+234.3750000E-03
+332.0000E-06,+705.0000001E-03,+250.0000000E-03
+332.5000E-06,+705.0000001E-03,+265.6250000E-03
+333.0000E-06,+679.9999997E-03,+250.0000000E-03
+333.5000E-06,+705.0000001E-03,+281.2500000E-03
+334.0000E-06,+679.9999997E-03,+281.2500000E-03
+334.5000E-06,+705.0000001E-03,+281.2500000E-03
+335.0000E-06,+679.9999997E-03,+250.0000000E-03
+335.5000E-06,+654.9999993E-03,+281.2500000E-03
+336.0000E-06,+604.9999986E-03,+250.0000000E-03
+336.5000E-06,+705.0000001E-03,+265.6250000E-03
+337.0000E-06,+654.9999993E-03,+265.6250000E-03
+337.5000E-06,+730.0000004E-03,+281.2500000E-03
+338.0000E-06,+679.9999997E-03,+265.6250000E-03
+338.5000E-06,+654.9999993E-03,+265.6250000E-03
+339.0000E-06,+629.9999990E-03,+250.0000000E-03
+339.5000E-06,+730.0000004E-03,+281.2500000E-03
+340.0000E-06,+730.0000004E-03,+281.2500000E-03
+340.5000E-06,+654.9999993E-03,+265.6250000E-03
+341.0000E-06,+629.9999990E-03,+250.0000000E-03
+341.5000E-06,+705.0000001E-03,+281.2500000E-03
+342.0000E-06,+705.0000001E-03,+265.6250000E-03
+342.5000E-06,+730.0000004E-03,+296.8750000E-03
+343.0000E-06,+679.9999997E-03,+265.6250000E-03
+343.5000E-06,+679.9999997E-03,+265.6250000E-03
+344.0000E-06,+730.0000004E-03,+296.8750000E-03
+344.5000E-06,+679.9999997E-03,+281.2500000E-03
+345.0000E-06,+654.9999993E-03,+281.2500000E-03
+345.5000E-06,+679.9999997E-03,+265.6250000E-03
+346.0000E-06,+679.9999997E-03,+265.6250000E-03
+346.5000E-06,+730.0000004E-03,+281.2500000E-03
+347.0000E-06,+679.9999997E-03,+281.2500000E-03
+347.5000E-06,+679.9999997E-03,+281.2500000E-03
+348.0000E-06,+730.0000004E-03,+296.8750000E-03
+348.5000E-06,+755.0000008E-03,+296.8750000E-03
+349.0000E-06,+755.0000008E-03,+312.5000000E-03
+349.5000E-06,+730.0000004E-03,+296.8750000E-03
+350.0000E-06,+705.0000001E-03,+281.2500000E-03
+350.5000E-06,+730.0000004E-03,+296.8750000E-03
+351.0000E-06,+679.9999997E-03,+281.2500000E-03
+351.5000E-06,+730.0000004E-03,+281.2500000E-03
+352.0000E-06,+679.9999997E-03,+281.2500000E-03
+352.5000E-06,+679.9999997E-03,+281.2500000E-03
+353.0000E-06,+705.0000001E-03,+296.8750000E-03
+353.5000E-06,+755.0000008E-03,+312.5000000E-03
+354.0000E-06,+679.9999997E-03,+296.8750000E-03
+354.5000E-06,+730.0000004E-03,+281.2500000E-03
+355.0000E-06,+730.0000004E-03,+296.8750000E-03
+355.5000E-06,+705.0000001E-03,+296.8750000E-03
+356.0000E-06,+755.0000008E-03,+296.8750000E-03
+356.5000E-06,+730.0000004E-03,+296.8750000E-03
+357.0000E-06,+705.0000001E-03,+296.8750000E-03
+357.5000E-06,+755.0000008E-03,+312.5000000E-03
+358.0000E-06,+755.0000008E-03,+312.5000000E-03
+358.5000E-06,+730.0000004E-03,+296.8750000E-03
+359.0000E-06,+705.0000001E-03,+312.5000000E-03
+359.5000E-06,+755.0000008E-03,+296.8750000E-03
+360.0000E-06,+730.0000004E-03,+312.5000000E-03
+360.5000E-06,+705.0000001E-03,+265.6250000E-03
+361.0000E-06,+705.0000001E-03,+296.8750000E-03
+361.5000E-06,+730.0000004E-03,+296.8750000E-03
+362.0000E-06,+730.0000004E-03,+296.8750000E-03
+362.5000E-06,+755.0000008E-03,+312.5000000E-03
+363.0000E-06,+730.0000004E-03,+312.5000000E-03
+363.5000E-06,+780.0000012E-03,+328.1250000E-03
+364.0000E-06,+705.0000001E-03,+296.8750000E-03
+364.5000E-06,+755.0000008E-03,+312.5000000E-03
+365.0000E-06,+755.0000008E-03,+328.1250000E-03
+365.5000E-06,+755.0000008E-03,+328.1250000E-03
+366.0000E-06,+780.0000012E-03,+328.1250000E-03
+366.5000E-06,+780.0000012E-03,+328.1250000E-03
+367.0000E-06,+730.0000004E-03,+328.1250000E-03
+367.5000E-06,+755.0000008E-03,+312.5000000E-03
+368.0000E-06,+730.0000004E-03,+312.5000000E-03
+368.5000E-06,+755.0000008E-03,+328.1250000E-03
+369.0000E-06,+755.0000008E-03,+312.5000000E-03
+369.5000E-06,+679.9999997E-03,+312.5000000E-03
+370.0000E-06,+755.0000008E-03,+328.1250000E-03
+370.5000E-06,+730.0000004E-03,+312.5000000E-03
+371.0000E-06,+730.0000004E-03,+296.8750000E-03
+371.5000E-06,+805.0000016E-03,+343.7500000E-03
+372.0000E-06,+730.0000004E-03,+296.8750000E-03
+372.5000E-06,+805.0000016E-03,+343.7500000E-03
+373.0000E-06,+730.0000004E-03,+328.1250000E-03
+373.5000E-06,+755.0000008E-03,+328.1250000E-03
+374.0000E-06,+805.0000016E-03,+343.7500000E-03
+374.5000E-06,+755.0000008E-03,+328.1250000E-03
+375.0000E-06,+755.0000008E-03,+343.7500000E-03
+375.5000E-06,+780.0000012E-03,+343.7500000E-03
+376.0000E-06,+705.0000001E-03,+328.1250000E-03
+376.5000E-06,+805.0000016E-03,+359.3750000E-03
+377.0000E-06,+730.0000004E-03,+328.1250000E-03
+377.5000E-06,+755.0000008E-03,+328.1250000E-03
+378.0000E-06,+755.0000008E-03,+343.7500000E-03
+378.5000E-06,+755.0000008E-03,+343.7500000E-03
+379.0000E-06,+755.0000008E-03,+328.1250000E-03
+379.5000E-06,+830.0000019E-03,+375.0000000E-03
+380.0000E-06,+730.0000004E-03,+328.1250000E-03
+380.5000E-06,+755.0000008E-03,+328.1250000E-03
+381.0000E-06,+730.0000004E-03,+343.7500000E-03
+381.5000E-06,+730.0000004E-03,+328.1250000E-03
+382.0000E-06,+755.0000008E-03,+343.7500000E-03
+382.5000E-06,+730.0000004E-03,+343.7500000E-03
+383.0000E-06,+780.0000012E-03,+359.3750000E-03
+383.5000E-06,+780.0000012E-03,+359.3750000E-03
+384.0000E-06,+780.0000012E-03,+375.0000000E-03
+384.5000E-06,+805.0000016E-03,+359.3750000E-03
+385.0000E-06,+780.0000012E-03,+375.0000000E-03
+385.5000E-06,+755.0000008E-03,+359.3750000E-03
+386.0000E-06,+805.0000016E-03,+359.3750000E-03
+386.5000E-06,+755.0000008E-03,+343.7500000E-03
+387.0000E-06,+805.0000016E-03,+359.3750000E-03
+387.5000E-06,+780.0000012E-03,+343.7500000E-03
+388.0000E-06,+780.0000012E-03,+359.3750000E-03
+388.5000E-06,+780.0000012E-03,+375.0000000E-03
+389.0000E-06,+780.0000012E-03,+359.3750000E-03
+389.5000E-06,+755.0000008E-03,+343.7500000E-03
+390.0000E-06,+805.0000016E-03,+359.3750000E-03
+390.5000E-06,+780.0000012E-03,+375.0000000E-03
+391.0000E-06,+830.0000019E-03,+375.0000000E-03
+391.5000E-06,+855.0000023E-03,+375.0000000E-03
+392.0000E-06,+830.0000019E-03,+375.0000000E-03
+392.5000E-06,+780.0000012E-03,+375.0000000E-03
+393.0000E-06,+730.0000004E-03,+343.7500000E-03
+393.5000E-06,+805.0000016E-03,+375.0000000E-03
+394.0000E-06,+755.0000008E-03,+375.0000000E-03
+394.5000E-06,+855.0000023E-03,+375.0000000E-03
+395.0000E-06,+830.0000019E-03,+375.0000000E-03
+395.5000E-06,+830.0000019E-03,+375.0000000E-03
+396.0000E-06,+780.0000012E-03,+390.6250000E-03
+396.5000E-06,+830.0000019E-03,+375.0000000E-03
+397.0000E-06,+755.0000008E-03,+375.0000000E-03
+397.5000E-06,+830.0000019E-03,+406.2500000E-03
+398.0000E-06,+780.0000012E-03,+375.0000000E-03
+398.5000E-06,+830.0000019E-03,+390.6250000E-03
+399.0000E-06,+830.0000019E-03,+390.6250000E-03
+399.5000E-06,+805.0000016E-03,+359.3750000E-03
+400.0000E-06,+755.0000008E-03,+375.0000000E-03
+400.5000E-06,+780.0000012E-03,+375.0000000E-03
+401.0000E-06,+780.0000012E-03,+375.0000000E-03
+401.5000E-06,+755.0000008E-03,+375.0000000E-03
+402.0000E-06,+805.0000016E-03,+359.3750000E-03
+402.5000E-06,+830.0000019E-03,+390.6250000E-03
+403.0000E-06,+780.0000012E-03,+375.0000000E-03
+403.5000E-06,+805.0000016E-03,+359.3750000E-03
+404.0000E-06,+830.0000019E-03,+406.2500000E-03
+404.5000E-06,+830.0000019E-03,+406.2500000E-03
+405.0000E-06,+830.0000019E-03,+390.6250000E-03
+405.5000E-06,+855.0000023E-03,+421.8750000E-03
+406.0000E-06,+830.0000019E-03,+406.2500000E-03
+406.5000E-06,+780.0000012E-03,+406.2500000E-03
+407.0000E-06,+880.0000027E-03,+390.6250000E-03
+407.5000E-06,+780.0000012E-03,+390.6250000E-03
+408.0000E-06,+855.0000023E-03,+406.2500000E-03
+408.5000E-06,+805.0000016E-03,+359.3750000E-03
+409.0000E-06,+855.0000023E-03,+406.2500000E-03
+409.5000E-06,+830.0000019E-03,+406.2500000E-03
+410.0000E-06,+855.0000023E-03,+406.2500000E-03
+410.5000E-06,+805.0000016E-03,+390.6250000E-03
+411.0000E-06,+855.0000023E-03,+421.8750000E-03
+411.5000E-06,+855.0000023E-03,+406.2500000E-03
+412.0000E-06,+830.0000019E-03,+406.2500000E-03
+412.5000E-06,+855.0000023E-03,+406.2500000E-03
+413.0000E-06,+805.0000016E-03,+390.6250000E-03
+413.5000E-06,+855.0000023E-03,+421.8750000E-03
+414.0000E-06,+830.0000019E-03,+406.2500000E-03
+414.5000E-06,+830.0000019E-03,+406.2500000E-03
+415.0000E-06,+880.0000027E-03,+406.2500000E-03
+415.5000E-06,+830.0000019E-03,+375.0000000E-03
+416.0000E-06,+780.0000012E-03,+390.6250000E-03
+416.5000E-06,+830.0000019E-03,+421.8750000E-03
+417.0000E-06,+855.0000023E-03,+421.8750000E-03
+417.5000E-06,+855.0000023E-03,+421.8750000E-03
+418.0000E-06,+830.0000019E-03,+406.2500000E-03
+418.5000E-06,+855.0000023E-03,+421.8750000E-03
+419.0000E-06,+880.0000027E-03,+406.2500000E-03
+419.5000E-06,+830.0000019E-03,+421.8750000E-03
+420.0000E-06,+830.0000019E-03,+421.8750000E-03
+420.5000E-06,+830.0000019E-03,+406.2500000E-03
+421.0000E-06,+805.0000016E-03,+406.2500000E-03
+421.5000E-06,+880.0000027E-03,+421.8750000E-03
+422.0000E-06,+830.0000019E-03,+421.8750000E-03
+422.5000E-06,+805.0000016E-03,+406.2500000E-03
+423.0000E-06,+855.0000023E-03,+421.8750000E-03
+423.5000E-06,+830.0000019E-03,+421.8750000E-03
+424.0000E-06,+855.0000023E-03,+421.8750000E-03
+424.5000E-06,+855.0000023E-03,+406.2500000E-03
+425.0000E-06,+855.0000023E-03,+437.5000000E-03
+425.5000E-06,+880.0000027E-03,+453.1250000E-03
+426.0000E-06,+855.0000023E-03,+421.8750000E-03
+426.5000E-06,+880.0000027E-03,+437.5000000E-03
+427.0000E-06,+855.0000023E-03,+437.5000000E-03
+427.5000E-06,+830.0000019E-03,+437.5000000E-03
+428.0000E-06,+855.0000023E-03,+437.5000000E-03
+428.5000E-06,+855.0000023E-03,+453.1250000E-03
+429.0000E-06,+880.0000027E-03,+453.1250000E-03
+429.5000E-06,+855.0000023E-03,+421.8750000E-03
+430.0000E-06,+830.0000019E-03,+453.1250000E-03
+430.5000E-06,+880.0000027E-03,+453.1250000E-03
+431.0000E-06,+855.0000023E-03,+421.8750000E-03
+431.5000E-06,+880.0000027E-03,+453.1250000E-03
+432.0000E-06,+880.0000027E-03,+421.8750000E-03
+432.5000E-06,+930.0000034E-03,+453.1250000E-03
+433.0000E-06,+830.0000019E-03,+421.8750000E-03
+433.5000E-06,+855.0000023E-03,+437.5000000E-03
+434.0000E-06,+830.0000019E-03,+453.1250000E-03
+434.5000E-06,+855.0000023E-03,+421.8750000E-03
+435.0000E-06,+905.0000031E-03,+468.7500000E-03
+435.5000E-06,+855.0000023E-03,+437.5000000E-03
+436.0000E-06,+880.0000027E-03,+453.1250000E-03
+436.5000E-06,+930.0000034E-03,+453.1250000E-03
+437.0000E-06,+855.0000023E-03,+453.1250000E-03
+437.5000E-06,+905.0000031E-03,+468.7500000E-03
+438.0000E-06,+930.0000034E-03,+468.7500000E-03
+438.5000E-06,+930.0000034E-03,+468.7500000E-03
+439.0000E-06,+905.0000031E-03,+437.5000000E-03
+439.5000E-06,+930.0000034E-03,+468.7500000E-03
+440.0000E-06,+880.0000027E-03,+468.7500000E-03
+440.5000E-06,+880.0000027E-03,+453.1250000E-03
+441.0000E-06,+880.0000027E-03,+453.1250000E-03
+441.5000E-06,+880.0000027E-03,+453.1250000E-03
+442.0000E-06,+880.0000027E-03,+453.1250000E-03
+442.5000E-06,+905.0000031E-03,+468.7500000E-03
+443.0000E-06,+880.0000027E-03,+437.5000000E-03
+443.5000E-06,+880.0000027E-03,+468.7500000E-03
+444.0000E-06,+905.0000031E-03,+453.1250000E-03
+444.5000E-06,+855.0000023E-03,+453.1250000E-03
+445.0000E-06,+930.0000034E-03,+468.7500000E-03
+445.5000E-06,+880.0000027E-03,+468.7500000E-03
+446.0000E-06,+905.0000031E-03,+437.5000000E-03
+446.5000E-06,+905.0000031E-03,+468.7500000E-03
+447.0000E-06,+905.0000031E-03,+437.5000000E-03
+447.5000E-06,+930.0000034E-03,+484.3750000E-03
+448.0000E-06,+905.0000031E-03,+468.7500000E-03
+448.5000E-06,+930.0000034E-03,+484.3750000E-03
+449.0000E-06,+905.0000031E-03,+453.1250000E-03
+449.5000E-06,+905.0000031E-03,+468.7500000E-03
+450.0000E-06,+905.0000031E-03,+468.7500000E-03
+450.5000E-06,+930.0000034E-03,+484.3750000E-03
+451.0000E-06,+880.0000027E-03,+484.3750000E-03
+451.5000E-06,+955.0000038E-03,+500.0000000E-03
+452.0000E-06,+905.0000031E-03,+468.7500000E-03
+452.5000E-06,+855.0000023E-03,+468.7500000E-03
+453.0000E-06,+930.0000034E-03,+500.0000000E-03
+453.5000E-06,+905.0000031E-03,+468.7500000E-03
+454.0000E-06,+880.0000027E-03,+453.1250000E-03
+454.5000E-06,+930.0000034E-03,+484.3750000E-03
+455.0000E-06,+930.0000034E-03,+484.3750000E-03
+455.5000E-06,+905.0000031E-03,+484.3750000E-03
+456.0000E-06,+855.0000023E-03,+484.3750000E-03
+456.5000E-06,+930.0000034E-03,+468.7500000E-03
+457.0000E-06,+880.0000027E-03,+468.7500000E-03
+457.5000E-06,+955.0000038E-03,+515.6250000E-03
+458.0000E-06,+930.0000034E-03,+500.0000000E-03
+458.5000E-06,+930.0000034E-03,+500.0000000E-03
+459.0000E-06,+905.0000031E-03,+484.3750000E-03
+459.5000E-06,+1.0050000045E+00,+500.0000000E-03
+460.0000E-06,+980.0000042E-03,+484.3750000E-03
+460.5000E-06,+930.0000034E-03,+500.0000000E-03
+461.0000E-06,+930.0000034E-03,+484.3750000E-03
+461.5000E-06,+905.0000031E-03,+468.7500000E-03
+462.0000E-06,+955.0000038E-03,+500.0000000E-03
+462.5000E-06,+955.0000038E-03,+484.3750000E-03
+463.0000E-06,+905.0000031E-03,+484.3750000E-03
+463.5000E-06,+930.0000034E-03,+500.0000000E-03
+464.0000E-06,+955.0000038E-03,+500.0000000E-03
+464.5000E-06,+930.0000034E-03,+500.0000000E-03
+465.0000E-06,+955.0000038E-03,+500.0000000E-03
+465.5000E-06,+1.0050000045E+00,+515.6250000E-03
+466.0000E-06,+930.0000034E-03,+500.0000000E-03
+466.5000E-06,+955.0000038E-03,+500.0000000E-03
+467.0000E-06,+905.0000031E-03,+484.3750000E-03
+467.5000E-06,+930.0000034E-03,+500.0000000E-03
+468.0000E-06,+955.0000038E-03,+515.6250000E-03
+468.5000E-06,+980.0000042E-03,+515.6250000E-03
+469.0000E-06,+980.0000042E-03,+500.0000000E-03
+469.5000E-06,+980.0000042E-03,+531.2500000E-03
+470.0000E-06,+930.0000034E-03,+500.0000000E-03
+470.5000E-06,+930.0000034E-03,+500.0000000E-03
+471.0000E-06,+980.0000042E-03,+484.3750000E-03
+471.5000E-06,+955.0000038E-03,+500.0000000E-03
+472.0000E-06,+980.0000042E-03,+500.0000000E-03
+472.5000E-06,+930.0000034E-03,+500.0000000E-03
+473.0000E-06,+955.0000038E-03,+515.6250000E-03
+473.5000E-06,+980.0000042E-03,+515.6250000E-03
+474.0000E-06,+955.0000038E-03,+515.6250000E-03
+474.5000E-06,+955.0000038E-03,+500.0000000E-03
+475.0000E-06,+980.0000042E-03,+515.6250000E-03
+475.5000E-06,+1.0050000045E+00,+531.2500000E-03
+476.0000E-06,+930.0000034E-03,+515.6250000E-03
+476.5000E-06,+930.0000034E-03,+531.2500000E-03
+477.0000E-06,+930.0000034E-03,+515.6250000E-03
+477.5000E-06,+955.0000038E-03,+531.2500000E-03
+478.0000E-06,+980.0000042E-03,+531.2500000E-03
+478.5000E-06,+930.0000034E-03,+531.2500000E-03
+479.0000E-06,+955.0000038E-03,+515.6250000E-03
+479.5000E-06,+955.0000038E-03,+515.6250000E-03
+480.0000E-06,+955.0000038E-03,+515.6250000E-03
+480.5000E-06,+1.0050000045E+00,+531.2500000E-03
+481.0000E-06,+955.0000038E-03,+531.2500000E-03
+481.5000E-06,+930.0000034E-03,+531.2500000E-03
+482.0000E-06,+955.0000038E-03,+515.6250000E-03
+482.5000E-06,+980.0000042E-03,+546.8750000E-03
+483.0000E-06,+980.0000042E-03,+531.2500000E-03
+483.5000E-06,+1.0300000049E+00,+546.8750000E-03
+484.0000E-06,+955.0000038E-03,+531.2500000E-03
+484.5000E-06,+980.0000042E-03,+531.2500000E-03
+485.0000E-06,+955.0000038E-03,+515.6250000E-03
+485.5000E-06,+1.0300000049E+00,+546.8750000E-03
+486.0000E-06,+930.0000034E-03,+515.6250000E-03
+486.5000E-06,+980.0000042E-03,+531.2500000E-03
+487.0000E-06,+980.0000042E-03,+531.2500000E-03
+487.5000E-06,+955.0000038E-03,+531.2500000E-03
+488.0000E-06,+1.0050000045E+00,+546.8750000E-03
+488.5000E-06,+1.0300000049E+00,+546.8750000E-03
+489.0000E-06,+980.0000042E-03,+531.2500000E-03
+489.5000E-06,+980.0000042E-03,+531.2500000E-03
+490.0000E-06,+1.0300000049E+00,+546.8750000E-03
+490.5000E-06,+1.0050000045E+00,+562.5000000E-03
+491.0000E-06,+1.0050000045E+00,+562.5000000E-03
+491.5000E-06,+1.0050000045E+00,+546.8750000E-03
+492.0000E-06,+980.0000042E-03,+546.8750000E-03
+492.5000E-06,+1.0050000045E+00,+546.8750000E-03
+493.0000E-06,+980.0000042E-03,+531.2500000E-03
+493.5000E-06,+980.0000042E-03,+531.2500000E-03
+494.0000E-06,+955.0000038E-03,+531.2500000E-03
+494.5000E-06,+980.0000042E-03,+546.8750000E-03
+495.0000E-06,+1.0050000045E+00,+562.5000000E-03
+495.5000E-06,+1.0550000053E+00,+562.5000000E-03
+496.0000E-06,+1.0050000045E+00,+562.5000000E-03
+496.5000E-06,+1.0050000045E+00,+546.8750000E-03
+497.0000E-06,+1.0300000049E+00,+562.5000000E-03
+497.5000E-06,+980.0000042E-03,+546.8750000E-03
+498.0000E-06,+1.0050000045E+00,+578.1250000E-03
+498.5000E-06,+1.0050000045E+00,+546.8750000E-03
+499.0000E-06,+1.0300000049E+00,+562.5000000E-03
+499.5000E-06,+1.0300000049E+00,+562.5000000E-03
