x-axis;1;2;;diodo 1;
second;Volt;Volt;;Vd;Id
-5,00E+00;2,95E+10;2,25E+10;;7,03E+09;1,50E+16
-5,00E+00;2,95E+10;2,25E+10;;7,03E+09;1,50E+16
-4,99E+00;3,00E+10;2,25E+10;;7,53E+09;1,50E+16
-4,99E+00;2,95E+10;2,25E+10;;7,03E+09;1,50E+16
-4,98E+00;2,95E+10;2,25E+10;;7,03E+09;1,50E+16
-4,98E+00;3,00E+10;2,22E+10;;7,84E+09;1,48E+16
-4,97E+00;2,95E+10;2,22E+10;;7,34E+09;1,48E+16
-4,97E+00;3,00E+10;2,22E+10;;7,84E+09;1,48E+16
-4,96E+00;2,95E+10;2,22E+10;;7,34E+09;1,48E+16
-4,96E+00;2,90E+10;2,19E+10;;7,15E+09;1,46E+16
-4,95E+00;2,90E+10;2,19E+10;;7,15E+09;1,46E+16
-4,95E+00;2,90E+10;2,19E+10;;7,15E+09;1,46E+16
-4,94E+00;2,90E+10;2,19E+10;;7,15E+09;1,46E+16
-4,94E+00;2,90E+10;2,19E+10;;7,15E+09;1,46E+16
-4,93E+00;2,90E+10;2,19E+10;;7,15E+09;1,46E+16
-4,93E+00;2,90E+10;2,22E+10;;6,84E+09;1,48E+16
-4,92E+00;2,85E+10;2,19E+10;;6,65E+09;1,46E+16
-4,92E+00;2,85E+10;2,19E+10;;6,65E+09;1,46E+16
-4,91E+00;2,95E+10;2,19E+10;;7,65E+09;1,46E+16
-4,91E+00;2,85E+10;2,19E+10;;6,65E+09;1,46E+16
-4,90E+00;2,90E+10;2,19E+10;;7,15E+09;1,46E+16
-4,90E+00;2,85E+10;2,19E+10;;6,65E+09;1,46E+16
-4,89E+00;2,90E+10;2,16E+10;;7,46E+09;1,44E+16
-4,89E+00;2,85E+10;2,16E+10;;6,96E+09;1,44E+16
-4,88E+00;2,85E+10;2,16E+10;;6,96E+09;1,44E+16
-4,88E+00;2,85E+10;2,16E+10;;6,96E+09;1,44E+16
-4,87E+00;2,85E+10;2,16E+10;;6,96E+09;1,44E+16
-4,87E+00;2,80E+10;2,16E+10;;6,46E+09;1,44E+16
-4,86E+00;2,80E+10;2,16E+10;;6,46E+09;1,44E+16
-4,86E+00;2,85E+10;2,12E+10;;7,28E+09;1,41E+16
-4,85E+00;2,85E+10;2,09E+10;;7,59E+09;1,39E+16
-4,85E+00;2,80E+10;2,12E+10;;6,78E+09;1,41E+16
-4,84E+00;2,85E+10;2,09E+10;;7,59E+09;1,39E+16
-4,84E+00;2,75E+10;2,12E+10;;6,28E+09;1,41E+16
-4,83E+00;2,80E+10;2,12E+10;;6,78E+09;1,41E+16
-4,83E+00;2,80E+10;2,12E+10;;6,78E+09;1,41E+16
-4,82E+00;2,75E+10;2,06E+10;;6,90E+09;1,37E+16
-4,82E+00;2,75E+10;2,09E+10;;6,59E+09;1,39E+16
-4,81E+00;2,80E+10;2,09E+10;;7,09E+09;1,39E+16
-4,81E+00;2,75E+10;2,09E+10;;6,59E+09;1,39E+16
-4,80E+00;2,80E+10;2,09E+10;;7,09E+09;1,39E+16
-4,80E+00;2,80E+10;2,09E+10;;7,09E+09;1,39E+16
-4,79E+00;2,80E+10;2,06E+10;;7,40E+09;1,37E+16
-4,79E+00;2,75E+10;2,06E+10;;6,90E+09;1,37E+16
-4,78E+00;2,80E+10;2,06E+10;;7,40E+09;1,37E+16
-4,78E+00;2,80E+10;2,09E+10;;7,09E+09;1,39E+16
-4,77E+00;2,75E+10;2,06E+10;;6,90E+09;1,37E+16
-4,77E+00;2,75E+10;2,06E+10;;6,90E+09;1,37E+16
-4,76E+00;2,75E+10;2,06E+10;;6,90E+09;1,37E+16
-4,76E+00;2,75E+10;2,06E+10;;6,90E+09;1,37E+16
-4,75E+00;2,70E+10;2,03E+10;;6,71E+09;1,35E+16
-4,75E+00;2,70E+10;2,03E+10;;6,71E+09;1,35E+16
-4,74E+00;2,70E+10;2,03E+10;;6,71E+09;1,35E+16
-4,74E+00;2,75E+10;2,03E+10;;7,21E+09;1,35E+16
-4,73E+00;2,70E+10;2,03E+10;;6,71E+09;1,35E+16
-4,73E+00;2,70E+10;2,03E+10;;6,71E+09;1,35E+16
-4,72E+00;2,70E+10;2,00E+10;;7,03E+09;1,33E+16
-4,72E+00;2,70E+10;2,00E+10;;7,03E+09;1,33E+16
-4,71E+00;2,65E+10;2,00E+10;;6,53E+09;1,33E+16
-4,71E+00;2,70E+10;2,00E+10;;7,03E+09;1,33E+16
-4,70E+00;2,70E+10;2,00E+10;;7,03E+09;1,33E+16
-4,70E+00;2,70E+10;2,00E+10;;7,03E+09;1,33E+16
-4,69E+00;2,65E+10;1,97E+10;;6,84E+09;1,31E+16
-4,69E+00;2,60E+10;2,00E+10;;6,03E+09;1,33E+16
-4,68E+00;2,60E+10;2,00E+10;;6,03E+09;1,33E+16
-4,68E+00;2,65E+10;1,97E+10;;6,84E+09;1,31E+16
-4,67E+00;2,60E+10;1,97E+10;;6,34E+09;1,31E+16
-4,67E+00;2,65E+10;1,97E+10;;6,84E+09;1,31E+16
-4,66E+00;2,65E+10;1,94E+10;;7,15E+09;1,29E+16
-4,66E+00;2,65E+10;1,94E+10;;7,15E+09;1,29E+16
-4,65E+00;2,65E+10;1,94E+10;;7,15E+09;1,29E+16
-4,65E+00;2,60E+10;1,94E+10;;6,65E+09;1,29E+16
-4,64E+00;2,65E+10;1,94E+10;;7,15E+09;1,29E+16
-4,64E+00;2,65E+10;1,87E+10;;7,78E+09;1,25E+16
-4,63E+00;2,65E+10;1,94E+10;;7,15E+09;1,29E+16
-4,63E+00;2,60E+10;1,94E+10;;6,65E+09;1,29E+16
-4,62E+00;2,65E+10;1,94E+10;;7,15E+09;1,29E+16
-4,62E+00;2,65E+10;1,87E+10;;7,78E+09;1,25E+16
-4,61E+00;2,65E+10;1,91E+10;;7,46E+09;1,27E+16
-4,61E+00;2,60E+10;1,91E+10;;6,96E+09;1,27E+16
-4,60E+00;2,60E+10;1,91E+10;;6,96E+09;1,27E+16
-4,60E+00;2,60E+10;1,87E+10;;7,28E+09;1,25E+16
-4,59E+00;2,60E+10;1,91E+10;;6,96E+09;1,27E+16
-4,59E+00;2,55E+10;1,94E+10;;6,15E+09;1,29E+16
-4,58E+00;2,60E+10;1,91E+10;;6,96E+09;1,27E+16
-4,58E+00;2,55E+10;1,91E+10;;6,46E+09;1,27E+16
-4,57E+00;2,55E+10;1,87E+10;;6,78E+09;1,25E+16
-4,57E+00;2,55E+10;1,87E+10;;6,78E+09;1,25E+16
-4,56E+00;2,60E+10;1,87E+10;;7,28E+09;1,25E+16
-4,56E+00;2,60E+10;1,87E+10;;7,28E+09;1,25E+16
-4,55E+00;2,60E+10;1,87E+10;;7,28E+09;1,25E+16
-4,55E+00;2,60E+10;1,84E+10;;7,59E+09;1,23E+16
-4,54E+00;2,55E+10;1,84E+10;;7,09E+09;1,23E+16
-4,54E+00;2,55E+10;1,87E+10;;6,78E+09;1,25E+16
-4,53E+00;2,55E+10;1,84E+10;;7,09E+09;1,23E+16
-4,53E+00;2,55E+10;1,84E+10;;7,09E+09;1,23E+16
-4,52E+00;2,55E+10;1,84E+10;;7,09E+09;1,23E+16
-4,52E+00;2,50E+10;1,81E+10;;6,90E+09;1,21E+16
-4,51E+00;2,55E+10;1,78E+10;;7,71E+09;1,19E+16
-4,51E+00;2,55E+10;1,84E+10;;7,09E+09;1,23E+16
-4,50E+00;2,50E+10;1,81E+10;;6,90E+09;1,21E+16
-4,50E+00;2,50E+10;1,81E+10;;6,90E+09;1,21E+16
-4,49E+00;2,55E+10;1,81E+10;;7,40E+09;1,21E+16
-4,49E+00;2,50E+10;1,78E+10;;7,21E+09;1,19E+16
-4,48E+00;2,50E+10;1,84E+10;;6,59E+09;1,23E+16
-4,48E+00;2,50E+10;1,81E+10;;6,90E+09;1,21E+16
-4,47E+00;2,50E+10;1,81E+10;;6,90E+09;1,21E+16
-4,47E+00;2,50E+10;1,81E+10;;6,90E+09;1,21E+16
-4,46E+00;2,50E+10;1,78E+10;;7,21E+09;1,19E+16
-4,46E+00;2,50E+10;1,78E+10;;7,21E+09;1,19E+16
-4,45E+00;2,50E+10;1,78E+10;;7,21E+09;1,19E+16
-4,45E+00;2,50E+10;1,78E+10;;7,21E+09;1,19E+16
-4,44E+00;2,50E+10;1,78E+10;;7,21E+09;1,19E+16
-4,44E+00;2,45E+10;1,78E+10;;6,71E+09;1,19E+16
-4,43E+00;2,50E+10;1,78E+10;;7,21E+09;1,19E+16
-4,43E+00;2,45E+10;1,78E+10;;6,71E+09;1,19E+16
-4,42E+00;2,50E+10;1,75E+10;;7,53E+09;1,17E+16
-4,42E+00;2,45E+10;1,72E+10;;7,34E+09;1,15E+16
-4,41E+00;2,50E+10;1,75E+10;;7,53E+09;1,17E+16
-4,41E+00;2,50E+10;1,75E+10;;7,53E+09;1,17E+16
-4,40E+00;2,50E+10;1,75E+10;;7,53E+09;1,17E+16
-4,40E+00;2,50E+10;1,75E+10;;7,53E+09;1,17E+16
-4,39E+00;2,40E+10;1,72E+10;;6,84E+09;1,15E+16
-4,39E+00;2,40E+10;1,72E+10;;6,84E+09;1,15E+16
-4,38E+00;2,45E+10;1,72E+10;;7,34E+09;1,15E+16
-4,38E+00;2,45E+10;1,72E+10;;7,34E+09;1,15E+16
-4,37E+00;2,40E+10;1,69E+10;;7,15E+09;1,13E+16
-4,37E+00;2,40E+10;1,72E+10;;6,84E+09;1,15E+16
-4,36E+00;2,45E+10;1,72E+10;;7,34E+09;1,15E+16
-4,36E+00;2,45E+10;1,72E+10;;7,34E+09;1,15E+16
-4,35E+00;2,45E+10;1,72E+10;;7,34E+09;1,15E+16
-4,35E+00;2,45E+10;1,69E+10;;7,65E+09;1,13E+16
-4,34E+00;2,45E+10;1,69E+10;;7,65E+09;1,13E+16
-4,34E+00;2,45E+10;1,69E+10;;7,65E+09;1,13E+16
-4,33E+00;2,45E+10;1,69E+10;;7,65E+09;1,13E+16
-4,33E+00;2,40E+10;1,69E+10;;7,15E+09;1,13E+16
-4,32E+00;2,40E+10;1,69E+10;;7,15E+09;1,13E+16
-4,32E+00;2,45E+10;1,69E+10;;7,65E+09;1,13E+16
-4,31E+00;2,45E+10;1,69E+10;;7,65E+09;1,13E+16
-4,31E+00;2,40E+10;1,66E+10;;7,46E+09;1,11E+16
-4,30E+00;2,35E+10;1,62E+10;;7,28E+09;1,08E+16
-4,30E+00;2,35E+10;1,62E+10;;7,28E+09;1,08E+16
-4,29E+00;2,40E+10;1,62E+10;;7,78E+09;1,08E+16
-4,29E+00;2,40E+10;1,66E+10;;7,46E+09;1,11E+16
-4,28E+00;2,40E+10;1,66E+10;;7,46E+09;1,11E+16
-4,28E+00;2,40E+10;1,62E+10;;7,78E+09;1,08E+16
-4,27E+00;2,35E+10;1,66E+10;;6,96E+09;1,11E+16
-4,27E+00;2,40E+10;1,62E+10;;7,78E+09;1,08E+16
-4,26E+00;2,40E+10;1,62E+10;;7,78E+09;1,08E+16
-4,26E+00;2,40E+10;1,62E+10;;7,78E+09;1,08E+16
-4,25E+00;2,35E+10;1,62E+10;;7,28E+09;1,08E+16
-4,25E+00;2,30E+10;1,56E+10;;7,40E+09;1,04E+16
-4,24E+00;2,30E+10;1,56E+10;;7,40E+09;1,04E+16
-4,24E+00;2,30E+10;1,56E+10;;7,40E+09;1,04E+16
-4,23E+00;2,35E+10;1,59E+10;;7,59E+09;1,06E+16
-4,23E+00;2,35E+10;1,59E+10;;7,59E+09;1,06E+16
-4,22E+00;2,30E+10;1,59E+10;;7,09E+09;1,06E+16
-4,22E+00;2,30E+10;1,59E+10;;7,09E+09;1,06E+16
-4,21E+00;2,35E+10;1,59E+10;;7,59E+09;1,06E+16
-4,21E+00;2,30E+10;1,59E+10;;7,09E+09;1,06E+16
-4,20E+00;2,30E+10;1,59E+10;;7,09E+09;1,06E+16
-4,20E+00;2,30E+10;1,56E+10;;7,40E+09;1,04E+16
-4,19E+00;2,30E+10;1,56E+10;;7,40E+09;1,04E+16
-4,19E+00;2,30E+10;1,56E+10;;7,40E+09;1,04E+16
-4,18E+00;2,30E+10;1,56E+10;;7,40E+09;1,04E+16
-4,18E+00;2,30E+10;1,53E+10;;7,71E+09;1,02E+16
-4,17E+00;2,30E+10;1,53E+10;;7,71E+09;1,02E+16
-4,17E+00;2,25E+10;1,53E+10;;7,21E+09;1,02E+16
-4,16E+00;2,25E+10;1,53E+10;;7,21E+09;1,02E+16
-4,16E+00;2,25E+10;1,53E+10;;7,21E+09;1,02E+16
-4,15E+00;2,25E+10;1,53E+10;;7,21E+09;1,02E+16
-4,15E+00;2,25E+10;1,53E+10;;7,21E+09;1,02E+16
-4,14E+00;2,25E+10;1,50E+10;;7,53E+09;1,00E+16
-4,14E+00;2,25E+10;1,53E+10;;7,21E+09;1,02E+16
-4,13E+00;2,25E+10;1,50E+10;;7,53E+09;1,00E+16
-4,13E+00;2,25E+10;1,50E+10;;7,53E+09;1,00E+16
-4,12E+00;2,25E+10;1,47E+10;;7,84E+09;9,81E+15
-4,12E+00;2,15E+10;1,50E+10;;6,53E+09;1,00E+16
-4,11E+00;2,25E+10;1,50E+10;;7,53E+09;1,00E+16
-4,11E+00;2,20E+10;1,50E+10;;7,03E+09;1,00E+16
-4,10E+00;2,20E+10;1,50E+10;;7,03E+09;1,00E+16
-4,10E+00;2,20E+10;1,47E+10;;7,34E+09;9,81E+15
-4,09E+00;2,15E+10;1,47E+10;;6,84E+09;9,81E+15
-4,09E+00;2,20E+10;1,47E+10;;7,34E+09;9,81E+15
-4,08E+00;2,20E+10;1,47E+10;;7,34E+09;9,81E+15
-4,08E+00;2,20E+10;1,47E+10;;7,34E+09;9,81E+15
-4,07E+00;2,20E+10;1,47E+10;;7,34E+09;9,81E+15
-4,07E+00;2,20E+10;1,47E+10;;7,34E+09;9,81E+15
-4,06E+00;2,15E+10;1,47E+10;;6,84E+09;9,81E+15
-4,06E+00;2,15E+10;1,47E+10;;6,84E+09;9,81E+15
-4,05E+00;2,20E+10;1,44E+10;;7,65E+09;9,61E+15
-4,05E+00;2,15E+10;1,44E+10;;7,15E+09;9,61E+15
-4,04E+00;2,15E+10;1,44E+10;;7,15E+09;9,61E+15
-4,04E+00;2,10E+10;1,41E+10;;6,96E+09;9,41E+15
-4,03E+00;2,15E+10;1,44E+10;;7,15E+09;9,61E+15
-4,03E+00;2,15E+10;1,41E+10;;7,46E+09;9,41E+15
-4,02E+00;2,15E+10;1,41E+10;;7,46E+09;9,41E+15
-4,02E+00;2,15E+10;1,41E+10;;7,46E+09;9,41E+15
-4,01E+00;2,15E+10;1,41E+10;;7,46E+09;9,41E+15
-4,01E+00;2,10E+10;1,41E+10;;6,96E+09;9,41E+15
-4,00E+00;2,15E+10;1,41E+10;;7,46E+09;9,41E+15
-4,00E+00;2,10E+10;1,37E+10;;7,28E+09;9,14E+15
-3,99E+00;2,15E+10;1,41E+10;;7,46E+09;9,41E+15
-3,99E+00;2,10E+10;1,37E+10;;7,28E+09;9,14E+15
-3,98E+00;2,10E+10;1,37E+10;;7,28E+09;9,14E+15
-3,98E+00;2,05E+10;1,37E+10;;6,78E+09;9,14E+15
-3,97E+00;2,10E+10;1,37E+10;;7,28E+09;9,14E+15
-3,97E+00;2,10E+10;1,37E+10;;7,28E+09;9,14E+15
-3,96E+00;2,10E+10;1,37E+10;;7,28E+09;9,14E+15
-3,96E+00;2,10E+10;1,37E+10;;7,28E+09;9,14E+15
-3,95E+00;2,10E+10;1,31E+10;;7,90E+09;8,74E+15
-3,95E+00;2,10E+10;1,34E+10;;7,59E+09;8,94E+15
-3,94E+00;2,10E+10;1,34E+10;;7,59E+09;8,94E+15
-3,94E+00;2,10E+10;1,34E+10;;7,59E+09;8,94E+15
-3,93E+00;2,10E+10;1,34E+10;;7,59E+09;8,94E+15
-3,93E+00;2,05E+10;1,34E+10;;7,09E+09;8,94E+15
-3,92E+00;2,05E+10;1,34E+10;;7,09E+09;8,94E+15
-3,92E+00;2,05E+10;1,34E+10;;7,09E+09;8,94E+15
-3,91E+00;2,05E+10;1,31E+10;;7,40E+09;8,74E+15
-3,91E+00;2,05E+10;1,31E+10;;7,40E+09;8,74E+15
-3,90E+00;2,05E+10;1,28E+10;;7,71E+09;8,54E+15
-3,90E+00;2,05E+10;1,31E+10;;7,40E+09;8,74E+15
-3,89E+00;2,05E+10;1,34E+10;;7,09E+09;8,94E+15
-3,89E+00;2,00E+10;1,28E+10;;7,21E+09;8,54E+15
-3,88E+00;2,00E+10;1,25E+10;;7,53E+09;8,34E+15
-3,88E+00;2,00E+10;1,28E+10;;7,21E+09;8,54E+15
-3,87E+00;2,00E+10;1,28E+10;;7,21E+09;8,54E+15
-3,87E+00;2,00E+10;1,28E+10;;7,21E+09;8,54E+15
-3,86E+00;2,00E+10;1,28E+10;;7,21E+09;8,54E+15
-3,86E+00;2,00E+10;1,28E+10;;7,21E+09;8,54E+15
-3,85E+00;2,00E+10;1,25E+10;;7,53E+09;8,34E+15
-3,85E+00;2,00E+10;1,28E+10;;7,21E+09;8,54E+15
-3,84E+00;2,00E+10;1,28E+10;;7,21E+09;8,54E+15
-3,84E+00;2,00E+10;1,28E+10;;7,21E+09;8,54E+15
-3,83E+00;2,00E+10;1,22E+10;;7,84E+09;8,14E+15
-3,83E+00;1,95E+10;1,25E+10;;7,03E+09;8,34E+15
-3,82E+00;2,00E+10;1,25E+10;;7,53E+09;8,34E+15
-3,82E+00;1,95E+10;1,25E+10;;7,03E+09;8,34E+15
-3,81E+00;1,90E+10;1,22E+10;;6,84E+09;8,14E+15
-3,81E+00;1,95E+10;1,22E+10;;7,34E+09;8,14E+15
-3,80E+00;1,95E+10;1,22E+10;;7,34E+09;8,14E+15
-3,80E+00;1,95E+10;1,22E+10;;7,34E+09;8,14E+15
-3,79E+00;1,95E+10;1,22E+10;;7,34E+09;8,14E+15
-3,79E+00;1,95E+10;1,22E+10;;7,34E+09;8,14E+15
-3,78E+00;1,95E+10;1,22E+10;;7,34E+09;8,14E+15
-3,78E+00;1,95E+10;1,19E+10;;7,65E+09;7,94E+15
-3,77E+00;1,90E+10;1,19E+10;;7,15E+09;7,94E+15
-3,77E+00;1,95E+10;1,19E+10;;7,65E+09;7,94E+15
-3,76E+00;1,90E+10;1,19E+10;;7,15E+09;7,94E+15
-3,76E+00;1,95E+10;1,19E+10;;7,65E+09;7,94E+15
-3,75E+00;1,90E+10;1,19E+10;;7,15E+09;7,94E+15
-3,75E+00;1,95E+10;1,19E+10;;7,65E+09;7,94E+15
-3,74E+00;1,95E+10;1,19E+10;;7,65E+09;7,94E+15
-3,74E+00;1,90E+10;1,19E+10;;7,15E+09;7,94E+15
-3,73E+00;1,85E+10;1,16E+10;;6,96E+09;7,74E+15
-3,73E+00;1,85E+10;1,16E+10;;6,96E+09;7,74E+15
-3,72E+00;1,85E+10;1,16E+10;;6,96E+09;7,74E+15
-3,72E+00;1,85E+10;1,16E+10;;6,96E+09;7,74E+15
-3,71E+00;1,85E+10;1,16E+10;;6,96E+09;7,74E+15
-3,71E+00;1,85E+10;1,16E+10;;6,96E+09;7,74E+15
-3,70E+00;1,85E+10;1,16E+10;;6,96E+09;7,74E+15
-3,70E+00;1,85E+10;1,16E+10;;6,96E+09;7,74E+15
-3,69E+00;1,85E+10;1,12E+10;;7,27E+09;7,47E+15
-3,69E+00;1,80E+10;1,12E+10;;6,77E+09;7,47E+15
-3,68E+00;1,85E+10;1,09E+10;;7,59E+09;7,27E+15
-3,68E+00;1,85E+10;1,12E+10;;7,27E+09;7,47E+15
-3,67E+00;1,90E+10;1,12E+10;;7,77E+09;7,47E+15
-3,67E+00;1,85E+10;1,12E+10;;7,27E+09;7,47E+15
-3,66E+00;1,80E+10;1,09E+10;;7,09E+09;7,27E+15
-3,66E+00;1,80E+10;1,09E+10;;7,09E+09;7,27E+15
-3,65E+00;1,80E+10;1,09E+10;;7,09E+09;7,27E+15
-3,65E+00;1,80E+10;1,09E+10;;7,09E+09;7,27E+15
-3,64E+00;1,80E+10;1,09E+10;;7,09E+09;7,27E+15
-3,64E+00;1,85E+10;1,06E+10;;7,90E+09;7,07E+15
-3,63E+00;1,80E+10;1,09E+10;;7,09E+09;7,27E+15
-3,63E+00;1,80E+10;1,06E+10;;7,40E+09;7,07E+15
-3,62E+00;1,80E+10;1,06E+10;;7,40E+09;7,07E+15
-3,62E+00;1,80E+10;1,06E+10;;7,40E+09;7,07E+15
-3,61E+00;1,85E+10;1,06E+10;;7,90E+09;7,07E+15
-3,61E+00;1,80E+10;1,09E+10;;7,09E+09;7,27E+15
-3,60E+00;1,75E+10;1,06E+10;;6,90E+09;7,07E+15
-3,60E+00;1,75E+10;1,03E+10;;7,21E+09;6,87E+15
-3,59E+00;1,75E+10;1,03E+10;;7,21E+09;6,87E+15
-3,59E+00;1,75E+10;1,03E+10;;7,21E+09;6,87E+15
-3,58E+00;1,75E+10;1,03E+10;;7,21E+09;6,87E+15
-3,58E+00;1,75E+10;1,03E+10;;7,21E+09;6,87E+15
-3,57E+00;1,75E+10;1,03E+10;;7,21E+09;6,87E+15
-3,57E+00;1,75E+10;1,03E+10;;7,21E+09;6,87E+15
-3,56E+00;1,75E+10;1,03E+10;;7,21E+09;6,87E+15
-3,56E+00;1,70E+10;1,00E+07;;1,70E+10;6,67E+12
-3,55E+00;1,70E+10;1,00E+07;;1,70E+10;6,67E+12
-3,55E+00;1,75E+10;1,00E+07;;1,75E+10;6,67E+12
-3,54E+00;1,70E+10;1,00E+07;;1,70E+10;6,67E+12
-3,54E+00;1,70E+10;9,68E+06;;1,70E+10;6,46E+12
-3,53E+00;1,70E+10;9,68E+06;;1,70E+10;6,46E+12
-3,53E+00;1,70E+10;1,00E+07;;1,70E+10;6,67E+12
-3,52E+00;1,70E+10;1,00E+07;;1,70E+10;6,67E+12
-3,52E+00;1,70E+10;1,00E+07;;1,70E+10;6,67E+12
-3,51E+00;1,70E+10;9,68E+06;;1,70E+10;6,46E+12
-3,51E+00;1,70E+10;9,68E+06;;1,70E+10;6,46E+12
-3,50E+00;1,65E+10;9,68E+06;;1,65E+10;6,46E+12
-3,50E+00;1,70E+10;1,00E+07;;1,70E+10;6,67E+12
-3,49E+00;1,70E+10;9,68E+06;;1,70E+10;6,46E+12
-3,49E+00;1,65E+10;9,68E+06;;1,65E+10;6,46E+12
-3,48E+00;1,65E+10;9,37E+06;;1,65E+10;6,25E+12
-3,48E+00;1,65E+10;9,37E+06;;1,65E+10;6,25E+12
-3,47E+00;1,65E+10;9,37E+06;;1,65E+10;6,25E+12
-3,47E+00;1,65E+10;9,06E+06;;1,65E+10;6,04E+12
-3,46E+00;1,65E+10;9,37E+06;;1,65E+10;6,25E+12
-3,46E+00;1,65E+10;9,37E+06;;1,65E+10;6,25E+12
-3,45E+00;1,65E+10;9,06E+06;;1,65E+10;6,04E+12
-3,45E+00;1,65E+10;9,37E+06;;1,65E+10;6,25E+12
-3,44E+00;1,70E+10;9,06E+06;;1,70E+10;6,04E+12
-3,44E+00;1,60E+10;9,06E+06;;1,60E+10;6,04E+12
-3,43E+00;1,60E+10;9,06E+06;;1,60E+10;6,04E+12
-3,43E+00;1,60E+10;9,06E+06;;1,60E+10;6,04E+12
-3,42E+00;1,65E+10;9,06E+06;;1,65E+10;6,04E+12
-3,42E+00;1,65E+10;9,37E+06;;1,65E+10;6,25E+12
-3,41E+00;1,60E+10;9,06E+06;;1,60E+10;6,04E+12
-3,41E+00;1,60E+10;9,06E+06;;1,60E+10;6,04E+12
-3,40E+00;1,60E+10;8,75E+06;;1,60E+10;5,84E+12
-3,40E+00;1,60E+10;9,37E+06;;1,60E+10;6,25E+12
-3,39E+00;1,55E+10;8,75E+06;;1,55E+10;5,84E+12
-3,39E+00;1,55E+10;8,75E+06;;1,55E+10;5,84E+12
-3,38E+00;1,55E+10;8,75E+06;;1,55E+10;5,84E+12
-3,38E+00;1,55E+10;8,75E+06;;1,55E+10;5,84E+12
-3,37E+00;1,60E+10;8,43E+06;;1,60E+10;5,62E+12
-3,37E+00;1,60E+10;8,75E+06;;1,60E+10;5,84E+12
-3,36E+00;1,55E+10;8,75E+06;;1,55E+10;5,84E+12
-3,36E+00;1,55E+10;8,43E+06;;1,55E+10;5,62E+12
-3,35E+00;1,55E+10;8,43E+06;;1,55E+10;5,62E+12
-3,35E+00;1,50E+10;8,43E+06;;1,50E+10;5,62E+12
-3,34E+00;1,50E+10;8,12E+06;;1,50E+10;5,42E+12
-3,34E+00;1,55E+10;8,43E+06;;1,55E+10;5,62E+12
-3,33E+00;1,60E+10;8,12E+06;;1,60E+10;5,42E+12
-3,33E+00;1,50E+10;8,12E+06;;1,50E+10;5,42E+12
-3,32E+00;1,50E+10;8,12E+06;;1,50E+10;5,42E+12
-3,32E+00;1,45E+10;8,12E+06;;1,45E+10;5,42E+12
-3,31E+00;1,45E+10;8,12E+06;;1,45E+10;5,42E+12
-3,31E+00;1,50E+10;8,12E+06;;1,50E+10;5,42E+12
-3,30E+00;1,45E+10;8,43E+06;;1,45E+10;5,62E+12
-3,30E+00;1,45E+10;7,81E+06;;1,45E+10;5,21E+12
-3,29E+00;1,50E+10;8,12E+06;;1,50E+10;5,42E+12
-3,29E+00;1,45E+10;7,81E+06;;1,45E+10;5,21E+12
-3,28E+00;1,45E+10;7,81E+06;;1,45E+10;5,21E+12
-3,28E+00;1,45E+10;7,81E+06;;1,45E+10;5,21E+12
-3,27E+00;1,50E+10;7,81E+06;;1,50E+10;5,21E+12
-3,27E+00;1,45E+10;7,50E+06;;1,45E+10;5,00E+12
-3,26E+00;1,50E+10;7,18E+06;;1,50E+10;4,79E+12
-3,26E+00;1,45E+10;7,50E+06;;1,45E+10;5,00E+12
-3,25E+00;1,45E+10;7,50E+06;;1,45E+10;5,00E+12
-3,25E+00;1,45E+10;7,50E+06;;1,45E+10;5,00E+12
-3,24E+00;1,45E+10;7,50E+06;;1,45E+10;5,00E+12
-3,24E+00;1,45E+10;7,50E+06;;1,45E+10;5,00E+12
-3,23E+00;1,40E+10;7,50E+06;;1,40E+10;5,00E+12
-3,23E+00;1,45E+10;7,50E+06;;1,45E+10;5,00E+12
-3,22E+00;1,40E+10;7,50E+06;;1,40E+10;5,00E+12
-3,22E+00;1,45E+10;7,18E+06;;1,45E+10;4,79E+12
-3,21E+00;1,40E+10;7,50E+06;;1,40E+10;5,00E+12
-3,21E+00;1,40E+10;6,87E+06;;1,40E+10;4,58E+12
-3,20E+00;1,40E+10;7,50E+06;;1,40E+10;5,00E+12
-3,20E+00;1,40E+10;6,87E+06;;1,40E+10;4,58E+12
-3,19E+00;1,45E+10;7,18E+06;;1,45E+10;4,79E+12
-3,19E+00;1,35E+10;7,18E+06;;1,35E+10;4,79E+12
-3,18E+00;1,35E+10;7,18E+06;;1,35E+10;4,79E+12
-3,18E+00;1,40E+10;7,18E+06;;1,40E+10;4,79E+12
-3,17E+00;1,40E+10;6,87E+06;;1,40E+10;4,58E+12
-3,17E+00;1,40E+10;6,87E+06;;1,40E+10;4,58E+12
-3,16E+00;1,35E+10;7,18E+06;;1,35E+10;4,79E+12
-3,16E+00;1,35E+10;6,87E+06;;1,35E+10;4,58E+12
-3,15E+00;1,35E+10;6,56E+06;;1,35E+10;4,38E+12
-3,15E+00;1,35E+10;6,87E+06;;1,35E+10;4,58E+12
-3,14E+00;1,35E+10;6,87E+06;;1,35E+10;4,58E+12
-3,14E+00;1,40E+10;6,87E+06;;1,40E+10;4,58E+12
-3,13E+00;1,35E+10;6,56E+06;;1,35E+10;4,38E+12
-3,13E+00;1,40E+10;6,56E+06;;1,40E+10;4,38E+12
-3,12E+00;1,35E+10;6,25E+06;;1,35E+10;4,17E+12
-3,12E+00;1,35E+10;6,56E+06;;1,35E+10;4,38E+12
-3,11E+00;1,30E+10;5,93E+06;;1,30E+10;3,96E+12
-3,11E+00;1,30E+10;6,56E+06;;1,30E+10;4,38E+12
-3,10E+00;1,35E+10;6,56E+06;;1,35E+10;4,38E+12
-3,10E+00;1,30E+10;5,93E+06;;1,30E+10;3,96E+12
-3,09E+00;1,30E+10;6,56E+06;;1,30E+10;4,38E+12
-3,09E+00;1,30E+10;6,25E+06;;1,30E+10;4,17E+12
-3,08E+00;1,30E+10;6,25E+06;;1,30E+10;4,17E+12
-3,08E+00;1,25E+10;6,25E+06;;1,25E+10;4,17E+12
-3,07E+00;1,25E+10;5,93E+06;;1,25E+10;3,96E+12
-3,07E+00;1,30E+10;5,93E+06;;1,30E+10;3,96E+12
-3,06E+00;1,25E+10;5,93E+06;;1,25E+10;3,96E+12
-3,06E+00;1,25E+10;5,93E+06;;1,25E+10;3,96E+12
-3,05E+00;1,25E+10;5,62E+06;;1,25E+10;3,75E+12
-3,05E+00;1,25E+10;5,93E+06;;1,25E+10;3,96E+12
-3,04E+00;1,25E+10;5,93E+06;;1,25E+10;3,96E+12
-3,04E+00;1,25E+10;5,93E+06;;1,25E+10;3,96E+12
-3,03E+00;1,25E+10;5,93E+06;;1,25E+10;3,96E+12
-3,03E+00;1,20E+10;5,62E+06;;1,20E+10;3,75E+12
-3,02E+00;1,20E+10;5,93E+06;;1,20E+10;3,96E+12
-3,02E+00;1,20E+10;5,62E+06;;1,20E+10;3,75E+12
-3,01E+00;1,30E+10;5,62E+06;;1,30E+10;3,75E+12
-3,01E+00;1,25E+10;5,62E+06;;1,25E+10;3,75E+12
-3,00E+00;1,20E+10;5,62E+06;;1,20E+10;3,75E+12
-3,00E+00;1,20E+10;5,31E+06;;1,20E+10;3,54E+12
-2,99E+00;1,20E+10;5,31E+06;;1,20E+10;3,54E+12
-2,99E+00;1,20E+10;5,31E+06;;1,20E+10;3,54E+12
-2,98E+00;1,20E+10;5,31E+06;;1,20E+10;3,54E+12
-2,98E+00;1,15E+10;5,62E+06;;1,15E+10;3,75E+12
-2,97E+00;1,20E+10;5,31E+06;;1,20E+10;3,54E+12
-2,97E+00;1,15E+10;5,31E+06;;1,15E+10;3,54E+12
-2,96E+00;1,15E+10;5,00E+06;;1,15E+10;3,34E+12
-2,96E+00;1,15E+10;5,31E+06;;1,15E+10;3,54E+12
-2,95E+00;1,20E+10;5,00E+06;;1,20E+10;3,34E+12
-2,95E+00;1,20E+10;5,00E+06;;1,20E+10;3,34E+12
-2,94E+00;1,15E+10;4,68E+06;;1,15E+10;3,12E+12
-2,94E+00;1,15E+10;4,68E+06;;1,15E+10;3,12E+12
-2,93E+00;1,15E+10;5,00E+06;;1,15E+10;3,34E+12
-2,93E+00;1,15E+10;5,00E+06;;1,15E+10;3,34E+12
-2,92E+00;1,15E+10;4,68E+06;;1,15E+10;3,12E+12
-2,92E+00;1,15E+10;4,68E+06;;1,15E+10;3,12E+12
-2,91E+00;1,15E+10;4,68E+06;;1,15E+10;3,12E+12
-2,91E+00;1,15E+10;4,37E+06;;1,15E+10;2,92E+12
-2,90E+00;1,10E+10;4,68E+06;;1,10E+10;3,12E+12
-2,90E+00;1,15E+10;4,37E+06;;1,15E+10;2,92E+12
-2,89E+00;1,10E+10;4,68E+06;;1,10E+10;3,12E+12
-2,89E+00;1,10E+10;4,68E+06;;1,10E+10;3,12E+12
-2,88E+00;1,10E+10;4,68E+06;;1,10E+10;3,12E+12
-2,88E+00;1,10E+10;4,68E+06;;1,10E+10;3,12E+12
-2,87E+00;1,10E+10;4,37E+06;;1,10E+10;2,92E+12
-2,87E+00;1,15E+10;4,37E+06;;1,15E+10;2,92E+12
-2,86E+00;1,10E+10;4,37E+06;;1,10E+10;2,92E+12
-2,86E+00;1,00E+10;4,37E+06;;1,00E+10;2,92E+12
-2,85E+00;1,15E+10;4,37E+06;;1,15E+10;2,92E+12
-2,85E+00;1,05E+10;4,06E+06;;1,05E+10;2,71E+12
-2,84E+00;1,00E+10;4,37E+06;;1,00E+10;2,92E+12
-2,84E+00;1,05E+10;4,06E+06;;1,05E+10;2,71E+12
-2,83E+00;1,05E+10;4,06E+06;;1,05E+10;2,71E+12
-2,83E+00;1,05E+10;4,06E+06;;1,05E+10;2,71E+12
-2,82E+00;1,05E+10;4,06E+06;;1,05E+10;2,71E+12
-2,82E+00;1,05E+10;4,06E+06;;1,05E+10;2,71E+12
-2,81E+00;1,05E+10;3,75E+06;;1,05E+10;2,50E+12
-2,81E+00;1,00E+10;3,75E+06;;1,00E+10;2,50E+12
-2,80E+00;1,00E+10;3,75E+06;;1,00E+10;2,50E+12
-2,80E+00;1,00E+10;3,75E+06;;1,00E+10;2,50E+12
-2,79E+00;1,00E+10;3,75E+06;;1,00E+10;2,50E+12
-2,79E+00;1,05E+10;4,06E+06;;1,05E+10;2,71E+12
-2,78E+00;1,05E+10;4,06E+06;;1,05E+10;2,71E+12
-2,78E+00;1,05E+10;3,75E+06;;1,05E+10;2,50E+12
-2,77E+00;1,00E+10;3,75E+06;;1,00E+10;2,50E+12
-2,77E+00;1,05E+10;3,75E+06;;1,05E+10;2,50E+12
-2,76E+00;1,05E+10;3,43E+06;;1,05E+10;2,29E+12
-2,76E+00;1,05E+10;3,43E+06;;1,05E+10;2,29E+12
-2,75E+00;1,00E+10;3,43E+06;;1,00E+10;2,29E+12
-2,75E+00;1,00E+10;3,43E+06;;1,00E+10;2,29E+12
-2,74E+00;9,52E+06;3,43E+06;;6,09E+06;2,29E+12
-2,74E+00;1,00E+10;3,43E+06;;1,00E+10;2,29E+12
-2,73E+00;1,00E+10;3,43E+06;;1,00E+10;2,29E+12
-2,73E+00;9,52E+06;3,12E+06;;6,40E+06;2,08E+12
-2,72E+00;1,00E+10;3,43E+06;;1,00E+10;2,29E+12
-2,72E+00;9,52E+06;3,12E+06;;6,40E+06;2,08E+12
-2,71E+00;9,52E+06;3,12E+06;;6,40E+06;2,08E+12
-2,71E+00;9,52E+06;3,12E+06;;6,40E+06;2,08E+12
-2,70E+00;9,52E+06;3,12E+06;;6,40E+06;2,08E+12
-2,70E+00;9,52E+06;3,12E+06;;6,40E+06;2,08E+12
-2,69E+00;9,52E+06;3,12E+06;;6,40E+06;2,08E+12
-2,69E+00;9,52E+06;2,81E+06;;6,71E+06;1,87E+12
-2,68E+00;9,52E+06;2,81E+06;;6,71E+06;1,87E+12
-2,68E+00;9,52E+06;3,12E+06;;6,40E+06;2,08E+12
-2,67E+00;9,52E+06;2,50E+06;;7,02E+06;1,67E+12
-2,67E+00;8,52E+06;2,81E+06;;5,71E+06;1,87E+12
-2,66E+00;8,52E+06;2,81E+06;;5,71E+06;1,87E+12
-2,66E+00;9,02E+06;2,81E+06;;6,21E+06;1,87E+12
-2,65E+00;8,52E+06;2,81E+06;;5,71E+06;1,87E+12
-2,65E+00;9,02E+06;2,81E+06;;6,21E+06;1,87E+12
-2,64E+00;9,02E+06;2,50E+06;;6,52E+06;1,67E+12
-2,64E+00;9,02E+06;2,81E+06;;6,21E+06;1,87E+12
-2,63E+00;9,02E+06;2,50E+06;;6,52E+06;1,67E+12
-2,63E+00;9,02E+06;2,50E+06;;6,52E+06;1,67E+12
-2,62E+00;9,02E+06;2,50E+06;;6,52E+06;1,67E+12
-2,62E+00;9,02E+06;2,18E+06;;6,84E+06;1,45E+12
-2,61E+00;8,52E+06;2,50E+06;;6,02E+06;1,67E+12
-2,61E+00;9,02E+06;2,18E+06;;6,84E+06;1,45E+12
-2,60E+00;8,52E+06;2,50E+06;;6,02E+06;1,67E+12
-2,60E+00;8,52E+06;2,18E+06;;6,34E+06;1,45E+12
-2,59E+00;9,02E+06;2,18E+06;;6,84E+06;1,45E+12
-2,59E+00;8,52E+06;1,87E+06;;6,65E+06;1,25E+12
-2,58E+00;8,52E+06;1,87E+06;;6,65E+06;1,25E+12
-2,58E+00;8,52E+06;1,87E+06;;6,65E+06;1,25E+12
-2,57E+00;8,52E+06;1,87E+06;;6,65E+06;1,25E+12
-2,57E+00;8,52E+06;1,87E+06;;6,65E+06;1,25E+12
-2,56E+00;8,52E+06;1,87E+06;;6,65E+06;1,25E+12
-2,56E+00;8,52E+06;1,87E+06;;6,65E+06;1,25E+12
-2,55E+00;8,52E+06;1,87E+06;;6,65E+06;1,25E+12
-2,55E+00;8,52E+06;1,87E+06;;6,65E+06;1,25E+12
-2,54E+00;8,02E+06;1,56E+06;;6,46E+06;1,04E+12
-2,54E+00;8,02E+06;2,18E+06;;5,84E+06;1,45E+12
-2,53E+00;8,52E+06;1,87E+06;;6,65E+06;1,25E+12
-2,53E+00;8,52E+06;1,56E+06;;6,96E+06;1,04E+12
-2,52E+00;8,02E+06;1,56E+06;;6,46E+06;1,04E+12
-2,52E+00;8,02E+06;1,56E+06;;6,46E+06;1,04E+12
-2,51E+00;8,02E+06;1,56E+06;;6,46E+06;1,04E+12
-2,51E+00;7,52E+06;1,56E+06;;5,96E+06;1,04E+12
-2,50E+00;8,02E+06;1,56E+06;;6,46E+06;1,04E+12
-2,50E+00;8,02E+06;1,56E+06;;6,46E+06;1,04E+12
-2,49E+00;8,02E+06;1,56E+06;;6,46E+06;1,04E+12
-2,49E+00;7,52E+06;1,87E+06;;5,65E+06;1,25E+12
-2,48E+00;8,02E+06;1,56E+06;;6,46E+06;1,04E+12
-2,48E+00;8,02E+06;1,56E+06;;6,46E+06;1,04E+12
-2,47E+00;8,02E+06;1,25E+06;;6,77E+06;8,34E+11
-2,47E+00;8,02E+06;1,56E+06;;6,46E+06;1,04E+12
-2,46E+00;7,52E+06;1,25E+06;;6,27E+06;8,34E+11
-2,46E+00;7,02E+06;1,25E+06;;5,77E+06;8,34E+11
-2,45E+00;7,52E+06;1,25E+06;;6,27E+06;8,34E+11
-2,45E+00;7,52E+06;1,25E+06;;6,27E+06;8,34E+11
-2,44E+00;7,02E+06;1,25E+06;;5,77E+06;8,34E+11
-2,44E+00;7,52E+06;1,25E+06;;6,27E+06;8,34E+11
-2,43E+00;6,52E+06;1,25E+06;;5,27E+06;8,34E+11
-2,43E+00;7,52E+06;9,33E+05;;6,59E+06;6,22E+11
-2,42E+00;7,02E+06;9,33E+05;;6,09E+06;6,22E+11
-2,42E+00;7,52E+06;1,25E+06;;6,27E+06;8,34E+11
-2,41E+00;7,02E+06;9,33E+05;;6,09E+06;6,22E+11
-2,41E+00;7,52E+06;9,33E+05;;6,59E+06;6,22E+11
-2,40E+00;6,52E+06;1,25E+06;;5,27E+06;8,34E+11
-2,40E+00;7,02E+06;9,33E+05;;6,09E+06;6,22E+11
-2,39E+00;7,02E+06;6,20E+05;;6,40E+06;4,14E+11
-2,39E+00;7,02E+06;6,20E+05;;6,40E+06;4,14E+11
-2,38E+00;7,02E+06;6,20E+05;;6,40E+06;4,14E+11
-2,38E+00;7,02E+06;9,33E+05;;6,09E+06;6,22E+11
-2,37E+00;7,02E+06;6,20E+05;;6,40E+06;4,14E+11
-2,37E+00;7,02E+06;6,20E+05;;6,40E+06;4,14E+11
-2,36E+00;6,52E+06;9,33E+05;;5,59E+06;6,22E+11
-2,36E+00;6,52E+06;6,20E+05;;5,90E+06;4,14E+11
-2,35E+00;6,52E+06;6,20E+05;;5,90E+06;4,14E+11
-2,35E+00;6,52E+06;9,33E+05;;5,59E+06;6,22E+11
-2,34E+00;6,52E+06;6,20E+05;;5,90E+06;4,14E+11
-2,34E+00;6,02E+06;3,08E+05;;5,71E+06;2,05E+11
-2,33E+00;6,52E+06;3,08E+05;;6,21E+06;2,05E+11
-2,33E+00;6,02E+06;3,08E+05;;5,71E+06;2,05E+11
-2,32E+00;6,52E+06;3,08E+05;;6,21E+06;2,05E+11
-2,32E+00;6,02E+06;3,08E+05;;5,71E+06;2,05E+11
-2,31E+00;6,02E+06;3,08E+05;;5,71E+06;2,05E+11
-2,31E+00;6,02E+06;3,08E+05;;5,71E+06;2,05E+11
-2,30E+00;6,02E+06;3,08E+05;;5,71E+06;2,05E+11
-2,30E+00;6,02E+06;3,08E+05;;5,71E+06;2,05E+11
-2,29E+00;6,02E+06;6,20E+05;;5,40E+06;4,14E+11
-2,29E+00;6,02E+06;3,08E+05;;5,71E+06;2,05E+11
-2,28E+00;5,52E+06;3,08E+05;;5,21E+06;2,05E+11
-2,28E+00;6,02E+06;3,08E+05;;5,71E+06;2,05E+11
-2,27E+00;6,02E+06;3,08E+05;;5,71E+06;2,05E+11
-2,27E+00;5,52E+06;3,08E+05;;5,21E+06;2,05E+11
-2,26E+00;5,52E+06;6,20E+05;;4,90E+06;4,14E+11
-2,26E+00;5,02E+06;3,08E+05;;4,71E+06;2,05E+11
-2,25E+00;5,52E+06;6,20E+05;;4,90E+06;4,14E+11
-2,25E+00;5,52E+06;3,08E+05;;5,21E+06;2,05E+11
-2,24E+00;5,52E+06;-5,00E+00;;5,52E+06;-3,34E+06
-2,24E+00;5,02E+06;3,08E+05;;4,71E+06;2,05E+11
-2,23E+00;5,52E+06;3,08E+05;;5,21E+06;2,05E+11
-2,23E+00;5,52E+06;3,08E+05;;5,21E+06;2,05E+11
-2,22E+00;5,02E+06;-5,00E+00;;5,02E+06;-3,34E+06
-2,22E+00;5,02E+06;3,08E+05;;4,71E+06;2,05E+11
-2,21E+00;5,02E+06;3,08E+05;;4,71E+06;2,05E+11
-2,21E+00;5,02E+06;3,08E+05;;4,71E+06;2,05E+11
-2,20E+00;5,02E+06;6,20E+05;;4,40E+06;4,14E+11
-2,20E+00;5,02E+06;6,20E+05;;4,40E+06;4,14E+11
-2,19E+00;4,52E+06;3,08E+05;;4,21E+06;2,05E+11
-2,19E+00;4,52E+06;6,20E+05;;3,90E+06;4,14E+11
-2,18E+00;4,52E+06;3,08E+05;;4,21E+06;2,05E+11
-2,18E+00;4,52E+06;3,08E+05;;4,21E+06;2,05E+11
-2,17E+00;4,52E+06;3,08E+05;;4,21E+06;2,05E+11
-2,17E+00;4,02E+06;3,08E+05;;3,71E+06;2,05E+11
-2,16E+00;4,02E+06;3,08E+05;;3,71E+06;2,05E+11
-2,16E+00;4,02E+06;3,08E+05;;3,71E+06;2,05E+11
-2,15E+00;4,02E+06;3,08E+05;;3,71E+06;2,05E+11
-2,15E+00;4,02E+06;3,08E+05;;3,71E+06;2,05E+11
-2,14E+00;4,02E+06;3,08E+05;;3,71E+06;2,05E+11
-2,14E+00;4,02E+06;6,20E+05;;3,40E+06;4,14E+11
-2,13E+00;4,02E+06;3,08E+05;;3,71E+06;2,05E+11
-2,13E+00;3,52E+06;6,20E+05;;2,90E+06;4,14E+11
-2,12E+00;4,02E+06;3,08E+05;;3,71E+06;2,05E+11
-2,12E+00;4,02E+06;6,20E+05;;3,40E+06;4,14E+11
-2,11E+00;3,52E+06;3,08E+05;;3,21E+06;2,05E+11
-2,11E+00;4,52E+06;3,08E+05;;4,21E+06;2,05E+11
-2,10E+00;3,02E+06;6,20E+05;;2,40E+06;4,14E+11
-2,10E+00;3,52E+06;3,08E+05;;3,21E+06;2,05E+11
-2,09E+00;3,52E+06;3,08E+05;;3,21E+06;2,05E+11
-2,09E+00;3,52E+06;6,20E+05;;2,90E+06;4,14E+11
-2,08E+00;3,02E+06;3,08E+05;;2,71E+06;2,05E+11
-2,08E+00;3,02E+06;3,08E+05;;2,71E+06;2,05E+11
-2,07E+00;3,52E+06;3,08E+05;;3,21E+06;2,05E+11
-2,07E+00;3,02E+06;6,20E+05;;2,40E+06;4,14E+11
-2,06E+00;3,52E+06;6,20E+05;;2,90E+06;4,14E+11
-2,06E+00;3,02E+06;3,08E+05;;2,71E+06;2,05E+11
-2,05E+00;3,02E+06;3,08E+05;;2,71E+06;2,05E+11
-2,05E+00;3,02E+06;6,20E+05;;2,40E+06;4,14E+11
-2,04E+00;3,52E+06;3,08E+05;;3,21E+06;2,05E+11
-2,04E+00;3,52E+06;3,08E+05;;3,21E+06;2,05E+11
-2,03E+00;3,02E+06;3,08E+05;;2,71E+06;2,05E+11
-2,03E+00;3,02E+06;6,20E+05;;2,40E+06;4,14E+11
-2,02E+00;2,52E+06;3,08E+05;;2,21E+06;2,05E+11
-2,02E+00;2,52E+06;3,08E+05;;2,21E+06;2,05E+11
-2,01E+00;2,52E+06;3,08E+05;;2,21E+06;2,05E+11
-2,01E+00;3,02E+06;6,20E+05;;2,40E+06;4,14E+11
-2,00E+00;2,52E+06;3,08E+05;;2,21E+06;2,05E+11
-2,00E+00;2,52E+06;3,08E+05;;2,21E+06;2,05E+11
-1,99E+00;2,52E+06;3,08E+05;;2,21E+06;2,05E+11
-1,99E+00;2,52E+06;3,08E+05;;2,21E+06;2,05E+11
-1,98E+00;2,52E+06;3,08E+05;;2,21E+06;2,05E+11
-1,98E+00;2,52E+06;6,20E+05;;1,90E+06;4,14E+11
-1,97E+00;2,52E+06;6,20E+05;;1,90E+06;4,14E+11
-1,97E+00;2,02E+06;6,20E+05;;1,40E+06;4,14E+11
-1,96E+00;2,02E+06;3,08E+05;;1,71E+06;2,05E+11
-1,96E+00;2,02E+06;3,08E+05;;1,71E+06;2,05E+11
-1,95E+00;2,02E+06;3,08E+05;;1,71E+06;2,05E+11
-1,95E+00;2,52E+06;9,33E+05;;1,59E+06;6,22E+11
-1,94E+00;2,02E+06;3,08E+05;;1,71E+06;2,05E+11
-1,94E+00;1,52E+06;3,08E+05;;1,21E+06;2,05E+11
-1,93E+00;1,52E+06;6,20E+05;;9,00E+05;4,14E+11
-1,93E+00;1,52E+06;3,08E+05;;1,21E+06;2,05E+11
-1,92E+00;1,52E+06;3,08E+05;;1,21E+06;2,05E+11
-1,92E+00;1,52E+06;6,20E+05;;9,00E+05;4,14E+11
-1,91E+00;1,52E+06;3,08E+05;;1,21E+06;2,05E+11
-1,91E+00;1,52E+06;3,08E+05;;1,21E+06;2,05E+11
-1,90E+00;1,52E+06;9,33E+05;;5,87E+05;6,22E+11
-1,90E+00;1,52E+06;3,08E+05;;1,21E+06;2,05E+11
-1,89E+00;1,02E+06;6,20E+05;;4,00E+05;4,14E+11
-1,89E+00;1,02E+06;3,08E+05;;7,12E+05;2,05E+11
-1,88E+00;1,02E+06;6,20E+05;;4,00E+05;4,14E+11
-1,88E+00;1,02E+06;6,20E+05;;4,00E+05;4,14E+11
-1,87E+00;1,52E+06;6,20E+05;;9,00E+05;4,14E+11
-1,87E+00;1,02E+06;3,08E+05;;7,12E+05;2,05E+11
-1,86E+00;1,52E+06;3,08E+05;;1,21E+06;2,05E+11
-1,86E+00;1,52E+06;3,08E+05;;1,21E+06;2,05E+11
-1,85E+00;1,52E+06;3,08E+05;;1,21E+06;2,05E+11
-1,85E+00;1,52E+06;3,08E+05;;1,21E+06;2,05E+11
-1,84E+00;1,52E+06;3,08E+05;;1,21E+06;2,05E+11
-1,84E+00;1,52E+06;3,08E+05;;1,21E+06;2,05E+11
-1,83E+00;1,52E+06;3,08E+05;;1,21E+06;2,05E+11
-1,83E+00;1,52E+06;3,08E+05;;1,21E+06;2,05E+11
-1,82E+00;1,52E+06;6,20E+05;;9,00E+05;4,14E+11
-1,82E+00;2,02E+06;6,20E+05;;1,40E+06;4,14E+11
-1,81E+00;1,52E+06;6,20E+05;;9,00E+05;4,14E+11
-1,81E+00;2,52E+06;6,20E+05;;1,90E+06;4,14E+11
-1,80E+00;1,52E+06;3,08E+05;;1,21E+06;2,05E+11
-1,80E+00;2,52E+06;3,08E+05;;2,21E+06;2,05E+11
-1,79E+00;2,52E+06;3,08E+05;;2,21E+06;2,05E+11
-1,79E+00;2,02E+06;3,08E+05;;1,71E+06;2,05E+11
-1,78E+00;2,52E+06;3,08E+05;;2,21E+06;2,05E+11
-1,78E+00;2,02E+06;3,08E+05;;1,71E+06;2,05E+11
-1,77E+00;2,02E+06;3,08E+05;;1,71E+06;2,05E+11
-1,77E+00;2,02E+06;3,08E+05;;1,71E+06;2,05E+11
-1,76E+00;2,02E+06;6,20E+05;;1,40E+06;4,14E+11
-1,76E+00;2,52E+06;3,08E+05;;2,21E+06;2,05E+11
-1,75E+00;2,52E+06;3,08E+05;;2,21E+06;2,05E+11
-1,75E+00;2,52E+06;3,08E+05;;2,21E+06;2,05E+11
-1,74E+00;3,52E+06;3,08E+05;;3,21E+06;2,05E+11
-1,74E+00;2,52E+06;3,08E+05;;2,21E+06;2,05E+11
-1,73E+00;3,52E+06;6,20E+05;;2,90E+06;4,14E+11
-1,73E+00;3,02E+06;3,08E+05;;2,71E+06;2,05E+11
-1,72E+00;3,02E+06;3,08E+05;;2,71E+06;2,05E+11
-1,72E+00;3,52E+06;3,08E+05;;3,21E+06;2,05E+11
-1,71E+00;3,02E+06;3,08E+05;;2,71E+06;2,05E+11
-1,71E+00;3,02E+06;6,20E+05;;2,40E+06;4,14E+11
-1,70E+00;3,02E+06;3,08E+05;;2,71E+06;2,05E+11
-1,70E+00;3,02E+06;3,08E+05;;2,71E+06;2,05E+11
-1,69E+00;3,02E+06;3,08E+05;;2,71E+06;2,05E+11
-1,69E+00;3,02E+06;3,08E+05;;2,71E+06;2,05E+11
-1,68E+00;3,52E+06;3,08E+05;;3,21E+06;2,05E+11
-1,68E+00;3,52E+06;3,08E+05;;3,21E+06;2,05E+11
-1,67E+00;3,52E+06;3,08E+05;;3,21E+06;2,05E+11
-1,67E+00;3,52E+06;3,08E+05;;3,21E+06;2,05E+11
-1,66E+00;3,52E+06;3,08E+05;;3,21E+06;2,05E+11
-1,66E+00;3,52E+06;6,20E+05;;2,90E+06;4,14E+11
-1,65E+00;3,52E+06;6,20E+05;;2,90E+06;4,14E+11
-1,65E+00;4,52E+06;6,20E+05;;3,90E+06;4,14E+11
-1,64E+00;3,52E+06;3,08E+05;;3,21E+06;2,05E+11
-1,64E+00;4,02E+06;3,08E+05;;3,71E+06;2,05E+11
-1,63E+00;4,02E+06;3,08E+05;;3,71E+06;2,05E+11
-1,63E+00;4,02E+06;3,08E+05;;3,71E+06;2,05E+11
-1,62E+00;4,02E+06;3,08E+05;;3,71E+06;2,05E+11
-1,62E+00;4,02E+06;3,08E+05;;3,71E+06;2,05E+11
-1,61E+00;4,02E+06;3,08E+05;;3,71E+06;2,05E+11
-1,61E+00;4,52E+06;3,08E+05;;4,21E+06;2,05E+11
-1,60E+00;4,52E+06;3,08E+05;;4,21E+06;2,05E+11
-1,60E+00;4,52E+06;6,20E+05;;3,90E+06;4,14E+11
-1,59E+00;4,52E+06;3,08E+05;;4,21E+06;2,05E+11
-1,59E+00;4,52E+06;6,20E+05;;3,90E+06;4,14E+11
-1,58E+00;4,52E+06;3,08E+05;;4,21E+06;2,05E+11
-1,58E+00;4,52E+06;3,08E+05;;4,21E+06;2,05E+11
-1,57E+00;4,52E+06;3,08E+05;;4,21E+06;2,05E+11
-1,57E+00;5,02E+06;3,08E+05;;4,71E+06;2,05E+11
-1,56E+00;5,02E+06;3,08E+05;;4,71E+06;2,05E+11
-1,56E+00;5,02E+06;3,08E+05;;4,71E+06;2,05E+11
-1,55E+00;5,02E+06;3,08E+05;;4,71E+06;2,05E+11
-1,55E+00;5,02E+06;3,08E+05;;4,71E+06;2,05E+11
-1,54E+00;5,02E+06;3,08E+05;;4,71E+06;2,05E+11
-1,54E+00;5,02E+06;3,08E+05;;4,71E+06;2,05E+11
-1,53E+00;5,02E+06;3,08E+05;;4,71E+06;2,05E+11
-1,53E+00;5,02E+06;6,20E+05;;4,40E+06;4,14E+11
-1,52E+00;5,02E+06;6,20E+05;;4,40E+06;4,14E+11
-1,52E+00;5,52E+06;6,20E+05;;4,90E+06;4,14E+11
-1,51E+00;5,02E+06;6,20E+05;;4,40E+06;4,14E+11
-1,51E+00;5,52E+06;3,08E+05;;5,21E+06;2,05E+11
-1,50E+00;5,52E+06;9,33E+05;;4,59E+06;6,22E+11
-1,50E+00;5,52E+06;6,20E+05;;4,90E+06;4,14E+11
-1,49E+00;5,52E+06;6,20E+05;;4,90E+06;4,14E+11
-1,49E+00;5,52E+06;9,33E+05;;4,59E+06;6,22E+11
-1,48E+00;5,52E+06;6,20E+05;;4,90E+06;4,14E+11
-1,48E+00;6,02E+06;6,20E+05;;5,40E+06;4,14E+11
-1,47E+00;6,02E+06;6,20E+05;;5,40E+06;4,14E+11
-1,47E+00;6,02E+06;9,33E+05;;5,09E+06;6,22E+11
-1,46E+00;6,02E+06;6,20E+05;;5,40E+06;4,14E+11
-1,46E+00;6,02E+06;6,20E+05;;5,40E+06;4,14E+11
-1,45E+00;6,02E+06;6,20E+05;;5,40E+06;4,14E+11
-1,45E+00;6,02E+06;9,33E+05;;5,09E+06;6,22E+11
-1,44E+00;6,02E+06;9,33E+05;;5,09E+06;6,22E+11
-1,44E+00;6,02E+06;6,20E+05;;5,40E+06;4,14E+11
-1,43E+00;6,52E+06;6,20E+05;;5,90E+06;4,14E+11
-1,43E+00;6,02E+06;6,20E+05;;5,40E+06;4,14E+11
-1,42E+00;6,52E+06;9,33E+05;;5,59E+06;6,22E+11
-1,42E+00;6,02E+06;9,33E+05;;5,09E+06;6,22E+11
-1,41E+00;6,52E+06;1,25E+06;;5,27E+06;8,34E+11
-1,41E+00;6,52E+06;9,33E+05;;5,59E+06;6,22E+11
-1,40E+00;6,52E+06;6,20E+05;;5,90E+06;4,14E+11
-1,40E+00;6,52E+06;9,33E+05;;5,59E+06;6,22E+11
-1,39E+00;6,52E+06;9,33E+05;;5,59E+06;6,22E+11
-1,39E+00;7,02E+06;9,33E+05;;6,09E+06;6,22E+11
-1,38E+00;6,52E+06;1,25E+06;;5,27E+06;8,34E+11
-1,38E+00;6,52E+06;9,33E+05;;5,59E+06;6,22E+11
-1,37E+00;7,02E+06;1,25E+06;;5,77E+06;8,34E+11
-1,37E+00;7,02E+06;1,25E+06;;5,77E+06;8,34E+11
-1,36E+00;7,02E+06;1,25E+06;;5,77E+06;8,34E+11
-1,36E+00;7,02E+06;1,25E+06;;5,77E+06;8,34E+11
-1,35E+00;7,02E+06;1,25E+06;;5,77E+06;8,34E+11
-1,35E+00;7,02E+06;1,25E+06;;5,77E+06;8,34E+11
-1,34E+00;7,02E+06;1,25E+06;;5,77E+06;8,34E+11
-1,34E+00;7,02E+06;1,25E+06;;5,77E+06;8,34E+11
-1,33E+00;7,52E+06;1,25E+06;;6,27E+06;8,34E+11
-1,33E+00;7,52E+06;1,25E+06;;6,27E+06;8,34E+11
-1,32E+00;7,52E+06;1,56E+06;;5,96E+06;1,04E+12
-1,32E+00;7,02E+06;1,56E+06;;5,46E+06;1,04E+12
-1,31E+00;7,52E+06;1,56E+06;;5,96E+06;1,04E+12
-1,31E+00;8,02E+06;1,56E+06;;6,46E+06;1,04E+12
-1,30E+00;7,52E+06;1,56E+06;;5,96E+06;1,04E+12
-1,30E+00;7,52E+06;1,56E+06;;5,96E+06;1,04E+12
-1,29E+00;7,52E+06;1,56E+06;;5,96E+06;1,04E+12
-1,29E+00;7,52E+06;1,56E+06;;5,96E+06;1,04E+12
-1,28E+00;7,52E+06;1,87E+06;;5,65E+06;1,25E+12
-1,28E+00;8,02E+06;1,56E+06;;6,46E+06;1,04E+12
-1,27E+00;8,02E+06;1,56E+06;;6,46E+06;1,04E+12
-1,27E+00;8,02E+06;1,87E+06;;6,15E+06;1,25E+12
-1,26E+00;8,02E+06;1,87E+06;;6,15E+06;1,25E+12
-1,26E+00;7,52E+06;2,18E+06;;5,34E+06;1,45E+12
-1,25E+00;8,02E+06;1,87E+06;;6,15E+06;1,25E+12
-1,25E+00;8,02E+06;1,87E+06;;6,15E+06;1,25E+12
-1,24E+00;8,52E+06;1,87E+06;;6,65E+06;1,25E+12
-1,24E+00;8,02E+06;1,87E+06;;6,15E+06;1,25E+12
-1,23E+00;8,52E+06;1,87E+06;;6,65E+06;1,25E+12
-1,23E+00;7,52E+06;2,18E+06;;5,34E+06;1,45E+12
-1,22E+00;8,52E+06;1,87E+06;;6,65E+06;1,25E+12
-1,22E+00;8,02E+06;2,18E+06;;5,84E+06;1,45E+12
-1,21E+00;8,52E+06;1,87E+06;;6,65E+06;1,25E+12
-1,21E+00;8,52E+06;1,87E+06;;6,65E+06;1,25E+12
-1,20E+00;8,52E+06;1,87E+06;;6,65E+06;1,25E+12
-1,20E+00;8,52E+06;2,18E+06;;6,34E+06;1,45E+12
-1,19E+00;8,52E+06;2,18E+06;;6,34E+06;1,45E+12
-1,19E+00;8,52E+06;2,18E+06;;6,34E+06;1,45E+12
-1,18E+00;9,02E+06;2,18E+06;;6,84E+06;1,45E+12
-1,18E+00;9,02E+06;2,50E+06;;6,52E+06;1,67E+12
-1,17E+00;8,52E+06;2,50E+06;;6,02E+06;1,67E+12
-1,17E+00;8,52E+06;2,50E+06;;6,02E+06;1,67E+12
-1,16E+00;9,02E+06;2,50E+06;;6,52E+06;1,67E+12
-1,16E+00;9,02E+06;2,50E+06;;6,52E+06;1,67E+12
-1,15E+00;9,02E+06;2,50E+06;;6,52E+06;1,67E+12
-1,15E+00;9,02E+06;2,50E+06;;6,52E+06;1,67E+12
-1,14E+00;9,02E+06;2,81E+06;;6,21E+06;1,87E+12
-1,14E+00;8,52E+06;2,81E+06;;5,71E+06;1,87E+12
-1,13E+00;8,52E+06;2,81E+06;;5,71E+06;1,87E+12
-1,13E+00;8,52E+06;2,81E+06;;5,71E+06;1,87E+12
-1,12E+00;8,52E+06;2,81E+06;;5,71E+06;1,87E+12
-1,12E+00;9,02E+06;2,81E+06;;6,21E+06;1,87E+12
-1,11E+00;9,02E+06;2,81E+06;;6,21E+06;1,87E+12
-1,11E+00;9,02E+06;3,12E+06;;5,90E+06;2,08E+12
-1,10E+00;9,02E+06;2,50E+06;;6,52E+06;1,67E+12
-1,10E+00;8,52E+06;3,43E+06;;5,09E+06;2,29E+12
-1,09E+00;9,02E+06;3,12E+06;;5,90E+06;2,08E+12
-1,09E+00;9,02E+06;3,12E+06;;5,90E+06;2,08E+12
-1,08E+00;9,52E+06;3,12E+06;;6,40E+06;2,08E+12
-1,08E+00;9,52E+06;3,43E+06;;6,09E+06;2,29E+12
-1,07E+00;9,52E+06;3,12E+06;;6,40E+06;2,08E+12
-1,07E+00;9,52E+06;3,12E+06;;6,40E+06;2,08E+12
-1,06E+00;9,52E+06;3,12E+06;;6,40E+06;2,08E+12
-1,06E+00;9,52E+06;3,12E+06;;6,40E+06;2,08E+12
-1,05E+00;1,00E+10;3,43E+06;;1,00E+10;2,29E+12
-1,05E+00;9,52E+06;3,43E+06;;6,09E+06;2,29E+12
-1,04E+00;9,52E+06;3,12E+06;;6,40E+06;2,08E+12
-1,04E+00;1,00E+10;3,43E+06;;1,00E+10;2,29E+12
-1,03E+00;9,52E+06;3,43E+06;;6,09E+06;2,29E+12
-1,03E+00;1,00E+10;3,43E+06;;1,00E+10;2,29E+12
-1,02E+00;9,52E+06;3,43E+06;;6,09E+06;2,29E+12
-1,02E+00;1,00E+10;3,43E+06;;1,00E+10;2,29E+12
-1,01E+00;1,00E+10;3,75E+06;;1,00E+10;2,50E+12
-1,01E+00;1,00E+10;3,75E+06;;1,00E+10;2,50E+12
-1,00E-01;1,05E+10;4,06E+06;;1,05E+10;2,71E+12
-9,95E-01;1,05E+10;3,75E+06;;1,05E+10;2,50E+12
-9,90E-01;1,05E+10;4,06E+06;;1,05E+10;2,71E+12
-9,85E-01;1,00E+10;3,75E+06;;1,00E+10;2,50E+12
-9,80E-01;1,05E+10;3,75E+06;;1,05E+10;2,50E+12
-9,75E-01;1,05E+10;3,75E+06;;1,05E+10;2,50E+12
-9,70E-01;1,05E+10;4,06E+06;;1,05E+10;2,71E+12
-9,65E-01;1,05E+10;4,06E+06;;1,05E+10;2,71E+12
-9,60E-01;1,00E+10;4,06E+06;;1,00E+10;2,71E+12
-9,55E-01;1,05E+10;4,06E+06;;1,05E+10;2,71E+12
-9,50E-01;1,05E+10;4,06E+06;;1,05E+10;2,71E+12
-9,45E-01;1,05E+10;4,06E+06;;1,05E+10;2,71E+12
-9,40E-01;1,00E+10;4,37E+06;;1,00E+10;2,92E+12
-9,35E-01;1,00E+10;4,06E+06;;1,00E+10;2,71E+12
-9,30E-01;1,05E+10;4,06E+06;;1,05E+10;2,71E+12
-9,25E-01;1,05E+10;4,37E+06;;1,05E+10;2,92E+12
-9,20E-01;1,05E+10;4,37E+06;;1,05E+10;2,92E+12
-9,15E-01;1,00E+10;4,37E+06;;1,00E+10;2,92E+12
-9,10E-01;1,10E+10;4,37E+06;;1,10E+10;2,92E+12
-9,05E-01;1,10E+10;4,68E+06;;1,10E+10;3,12E+12
-9,00E-01;1,10E+10;4,68E+06;;1,10E+10;3,12E+12
-8,95E-01;1,10E+10;4,68E+06;;1,10E+10;3,12E+12
-8,90E-01;1,10E+10;4,68E+06;;1,10E+10;3,12E+12
-8,85E-01;1,15E+10;4,37E+06;;1,15E+10;2,92E+12
-8,80E-01;1,10E+10;4,68E+06;;1,10E+10;3,12E+12
-8,75E-01;1,10E+10;4,68E+06;;1,10E+10;3,12E+12
-8,70E-01;1,10E+10;4,68E+06;;1,10E+10;3,12E+12
-8,65E-01;1,15E+10;4,37E+06;;1,15E+10;2,92E+12
-8,60E-01;1,10E+10;4,68E+06;;1,10E+10;3,12E+12
-8,55E-01;1,10E+10;4,68E+06;;1,10E+10;3,12E+12
-8,50E-01;1,10E+10;4,68E+06;;1,10E+10;3,12E+12
-8,45E-01;1,10E+10;5,00E+06;;1,10E+10;3,34E+12
-8,40E-01;1,15E+10;5,00E+06;;1,15E+10;3,34E+12
-8,35E-01;1,20E+10;5,31E+06;;1,20E+10;3,54E+12
-8,30E-01;1,20E+10;5,00E+06;;1,20E+10;3,34E+12
-8,25E-01;1,20E+10;5,31E+06;;1,20E+10;3,54E+12
-8,20E-01;1,15E+10;5,00E+06;;1,15E+10;3,34E+12
-8,15E-01;1,15E+10;5,31E+06;;1,15E+10;3,54E+12
-8,10E-01;1,20E+10;5,31E+06;;1,20E+10;3,54E+12
-8,05E-01;1,15E+10;5,31E+06;;1,15E+10;3,54E+12
-8,00E-01;1,15E+10;5,31E+06;;1,15E+10;3,54E+12
-7,95E-01;1,15E+10;5,31E+06;;1,15E+10;3,54E+12
-7,90E-01;1,20E+10;5,62E+06;;1,20E+10;3,75E+12
-7,85E-01;1,20E+10;5,62E+06;;1,20E+10;3,75E+12
-7,80E-01;1,20E+10;5,31E+06;;1,20E+10;3,54E+12
-7,75E-01;1,25E+10;5,62E+06;;1,25E+10;3,75E+12
-7,70E-01;1,20E+10;5,31E+06;;1,20E+10;3,54E+12
-7,65E-01;1,20E+10;5,62E+06;;1,20E+10;3,75E+12
-7,60E-01;1,20E+10;5,31E+06;;1,20E+10;3,54E+12
-7,55E-01;1,20E+10;5,62E+06;;1,20E+10;3,75E+12
-7,50E-01;1,25E+10;5,62E+06;;1,25E+10;3,75E+12
-7,45E-01;1,25E+10;5,93E+06;;1,25E+10;3,96E+12
-7,40E-01;1,25E+10;5,93E+06;;1,25E+10;3,96E+12
-7,35E-01;1,25E+10;5,93E+06;;1,25E+10;3,96E+12
-7,30E-01;1,25E+10;5,93E+06;;1,25E+10;3,96E+12
-7,25E-01;1,30E+10;5,93E+06;;1,30E+10;3,96E+12
-7,20E-01;1,25E+10;5,93E+06;;1,25E+10;3,96E+12
-7,15E-01;1,30E+10;5,93E+06;;1,30E+10;3,96E+12
-7,10E-01;1,25E+10;6,25E+06;;1,25E+10;4,17E+12
-7,05E-01;1,25E+10;5,93E+06;;1,25E+10;3,96E+12
-7,00E-01;1,25E+10;6,25E+06;;1,25E+10;4,17E+12
-6,95E-01;1,30E+10;6,25E+06;;1,30E+10;4,17E+12
-6,90E-01;1,25E+10;6,25E+06;;1,25E+10;4,17E+12
-6,85E-01;1,25E+10;6,25E+06;;1,25E+10;4,17E+12
-6,80E-01;1,35E+10;6,25E+06;;1,35E+10;4,17E+12
-6,75E-01;1,30E+10;6,25E+06;;1,30E+10;4,17E+12
-6,70E-01;1,30E+10;5,93E+06;;1,30E+10;3,96E+12
-6,65E-01;1,30E+10;6,56E+06;;1,30E+10;4,38E+12
-6,60E-01;1,30E+10;6,25E+06;;1,30E+10;4,17E+12
-6,55E-01;1,35E+10;6,56E+06;;1,35E+10;4,38E+12
-6,50E-01;1,35E+10;6,56E+06;;1,35E+10;4,38E+12
-6,45E-01;1,35E+10;6,87E+06;;1,35E+10;4,58E+12
-6,40E-01;1,35E+10;6,56E+06;;1,35E+10;4,38E+12
-6,35E-01;1,30E+10;6,87E+06;;1,30E+10;4,58E+12
-6,30E-01;1,40E+10;6,56E+06;;1,40E+10;4,38E+12
-6,25E-01;1,35E+10;6,56E+06;;1,35E+10;4,38E+12
-6,20E-01;1,35E+10;6,87E+06;;1,35E+10;4,58E+12
-6,15E-01;1,35E+10;6,56E+06;;1,35E+10;4,38E+12
-6,10E-01;1,40E+10;6,87E+06;;1,40E+10;4,58E+12
-6,05E-01;1,40E+10;6,87E+06;;1,40E+10;4,58E+12
-6,00E-01;1,35E+10;6,87E+06;;1,35E+10;4,58E+12
-5,95E-01;1,40E+10;7,18E+06;;1,40E+10;4,79E+12
-5,90E-01;1,35E+10;7,18E+06;;1,35E+10;4,79E+12
-5,85E-01;1,35E+10;7,18E+06;;1,35E+10;4,79E+12
-5,80E-01;1,40E+10;7,18E+06;;1,40E+10;4,79E+12
-5,75E-01;1,40E+10;6,87E+06;;1,40E+10;4,58E+12
-5,70E-01;1,45E+10;7,18E+06;;1,45E+10;4,79E+12
-5,65E-01;1,40E+10;7,18E+06;;1,40E+10;4,79E+12
-5,60E-01;1,40E+10;7,50E+06;;1,40E+10;5,00E+12
-5,55E-01;1,40E+10;6,87E+06;;1,40E+10;4,58E+12
-5,50E-01;1,40E+10;7,50E+06;;1,40E+10;5,00E+12
-5,45E-01;1,40E+10;7,50E+06;;1,40E+10;5,00E+12
-5,40E-01;1,45E+10;7,18E+06;;1,45E+10;4,79E+12
-5,35E-01;1,45E+10;7,50E+06;;1,45E+10;5,00E+12
-5,30E-01;1,45E+10;7,50E+06;;1,45E+10;5,00E+12
-5,25E-01;1,40E+10;7,50E+06;;1,40E+10;5,00E+12
-5,20E-01;1,45E+10;7,50E+06;;1,45E+10;5,00E+12
-5,15E-01;1,45E+10;7,50E+06;;1,45E+10;5,00E+12
-5,10E-01;1,50E+10;7,18E+06;;1,50E+10;4,79E+12
-5,05E-01;1,45E+10;8,12E+06;;1,45E+10;5,42E+12
-5,00E-01;1,45E+10;7,81E+06;;1,45E+10;5,21E+12
-4,95E-01;1,45E+10;7,50E+06;;1,45E+10;5,00E+12
-4,90E-01;1,45E+10;7,81E+06;;1,45E+10;5,21E+12
-4,85E-01;1,45E+10;7,50E+06;;1,45E+10;5,00E+12
-4,80E-01;1,50E+10;8,12E+06;;1,50E+10;5,42E+12
-4,75E-01;1,50E+10;7,81E+06;;1,50E+10;5,21E+12
-4,70E-01;1,45E+10;8,12E+06;;1,45E+10;5,42E+12
-4,65E-01;1,45E+10;8,12E+06;;1,45E+10;5,42E+12
-4,60E-01;1,50E+10;8,12E+06;;1,50E+10;5,42E+12
-4,55E-01;1,50E+10;8,12E+06;;1,50E+10;5,42E+12
-4,50E-01;1,50E+10;8,12E+06;;1,50E+10;5,42E+12
-4,45E-01;1,50E+10;8,12E+06;;1,50E+10;5,42E+12
-4,40E-01;1,50E+10;8,12E+06;;1,50E+10;5,42E+12
-4,35E-01;1,50E+10;8,12E+06;;1,50E+10;5,42E+12
-4,30E-01;1,50E+10;8,43E+06;;1,50E+10;5,62E+12
-4,25E-01;1,55E+10;8,12E+06;;1,55E+10;5,42E+12
-4,20E-01;1,50E+10;8,12E+06;;1,50E+10;5,42E+12
-4,15E-01;1,60E+10;8,43E+06;;1,60E+10;5,62E+12
-4,10E-01;1,55E+10;8,43E+06;;1,55E+10;5,62E+12
-4,05E-01;1,55E+10;8,43E+06;;1,55E+10;5,62E+12
-4,00E-01;1,50E+10;8,75E+06;;1,50E+10;5,84E+12
-3,95E-01;1,55E+10;8,75E+06;;1,55E+10;5,84E+12
-3,90E-01;1,60E+10;8,43E+06;;1,60E+10;5,62E+12
-3,85E-01;1,55E+10;8,75E+06;;1,55E+10;5,84E+12
-3,80E-01;1,60E+10;8,75E+06;;1,60E+10;5,84E+12
-3,75E-01;1,55E+10;8,75E+06;;1,55E+10;5,84E+12
-3,70E-01;1,55E+10;8,75E+06;;1,55E+10;5,84E+12
-3,65E-01;1,55E+10;8,75E+06;;1,55E+10;5,84E+12
-3,60E-01;1,55E+10;8,75E+06;;1,55E+10;5,84E+12
-3,55E-01;1,60E+10;9,06E+06;;1,60E+10;6,04E+12
-3,50E-01;1,55E+10;9,06E+06;;1,55E+10;6,04E+12
-3,45E-01;1,60E+10;9,37E+06;;1,60E+10;6,25E+12
-3,40E-01;1,60E+10;9,37E+06;;1,60E+10;6,25E+12
-3,35E-01;1,65E+10;9,06E+06;;1,65E+10;6,04E+12
-3,30E-01;1,65E+10;9,06E+06;;1,65E+10;6,04E+12
-3,25E-01;1,65E+10;9,06E+06;;1,65E+10;6,04E+12
-3,20E-01;1,65E+10;9,06E+06;;1,65E+10;6,04E+12
-3,15E-01;1,65E+10;9,06E+06;;1,65E+10;6,04E+12
-3,10E-01;1,65E+10;9,37E+06;;1,65E+10;6,25E+12
-3,05E-01;1,65E+10;9,37E+06;;1,65E+10;6,25E+12
-3,00E-01;1,65E+10;9,37E+06;;1,65E+10;6,25E+12
-2,95E-01;1,65E+10;9,37E+06;;1,65E+10;6,25E+12
-2,90E-01;1,65E+10;9,37E+06;;1,65E+10;6,25E+12
-2,85E-01;1,65E+10;9,37E+06;;1,65E+10;6,25E+12
-2,80E-01;1,65E+10;9,37E+06;;1,65E+10;6,25E+12
-2,75E-01;1,70E+10;1,00E+07;;1,70E+10;6,67E+12
-2,70E-01;1,70E+10;1,00E+07;;1,70E+10;6,67E+12
-2,65E-01;1,70E+10;9,68E+06;;1,70E+10;6,46E+12
-2,60E-01;1,70E+10;1,00E+07;;1,70E+10;6,67E+12
-2,55E-01;1,70E+10;9,68E+06;;1,70E+10;6,46E+12
-2,50E-01;1,70E+10;1,00E+07;;1,70E+10;6,67E+12
-2,45E-01;1,70E+10;1,00E+07;;1,70E+10;6,67E+12
-2,40E-01;1,70E+10;1,00E+07;;1,70E+10;6,67E+12
-2,35E-01;1,70E+10;1,00E+07;;1,70E+10;6,67E+12
-2,30E-01;1,75E+10;1,00E+07;;1,75E+10;6,67E+12
-2,25E-01;1,70E+10;1,03E+10;;6,71E+09;6,87E+15
-2,20E-01;1,70E+10;1,00E+07;;1,70E+10;6,67E+12
-2,15E-01;1,75E+10;1,00E+07;;1,75E+10;6,67E+12
-2,10E-01;1,75E+10;1,00E+07;;1,75E+10;6,67E+12
-2,05E-01;1,75E+10;1,03E+10;;7,21E+09;6,87E+15
-2,00E-01;1,75E+10;1,03E+10;;7,21E+09;6,87E+15
-1,95E-01;1,75E+10;1,03E+10;;7,21E+09;6,87E+15
-1,90E-01;1,75E+10;1,03E+10;;7,21E+09;6,87E+15
-1,85E-01;1,75E+10;1,03E+10;;7,21E+09;6,87E+15
-1,80E-01;1,75E+10;1,03E+10;;7,21E+09;6,87E+15
-1,75E-01;1,75E+10;1,06E+10;;6,90E+09;7,07E+15
-1,70E-01;1,75E+10;1,06E+10;;6,90E+09;7,07E+15
-1,65E-01;1,75E+10;1,06E+10;;6,90E+09;7,07E+15
-1,60E-01;1,75E+10;1,06E+10;;6,90E+09;7,07E+15
-1,55E-01;1,80E+10;1,06E+10;;7,40E+09;7,07E+15
-1,50E-01;1,80E+10;1,06E+10;;7,40E+09;7,07E+15
-1,45E-01;1,80E+10;1,09E+10;;7,09E+09;7,27E+15
-1,40E-01;1,80E+10;1,06E+10;;7,40E+09;7,07E+15
-1,35E-01;1,80E+10;1,09E+10;;7,09E+09;7,27E+15
-1,30E-01;1,80E+10;1,09E+10;;7,09E+09;7,27E+15
-1,25E-01;1,80E+10;1,09E+10;;7,09E+09;7,27E+15
-1,20E-01;1,80E+10;1,09E+10;;7,09E+09;7,27E+15
-1,15E-01;1,80E+10;1,12E+10;;6,77E+09;7,47E+15
-1,10E-01;1,80E+10;1,09E+10;;7,09E+09;7,27E+15
-1,05E-01;1,85E+10;1,09E+10;;7,59E+09;7,27E+15
-1,00E-02;1,85E+10;1,12E+10;;7,27E+09;7,47E+15
-9,50E-02;1,85E+10;1,12E+10;;7,27E+09;7,47E+15
-9,00E-02;1,85E+10;1,12E+10;;7,27E+09;7,47E+15
-8,50E-02;1,85E+10;1,12E+10;;7,27E+09;7,47E+15
-8,00E-02;1,85E+10;1,12E+10;;7,27E+09;7,47E+15
-7,50E-02;1,85E+10;1,09E+10;;7,59E+09;7,27E+15
-7,00E-02;1,85E+10;1,12E+10;;7,27E+09;7,47E+15
-6,50E-02;1,85E+10;1,16E+10;;6,96E+09;7,74E+15
-6,00E-02;1,85E+10;1,12E+10;;7,27E+09;7,47E+15
-5,50E-02;1,85E+10;1,16E+10;;6,96E+09;7,74E+15
-5,00E-02;1,85E+10;1,16E+10;;6,96E+09;7,74E+15
-4,50E-02;1,85E+10;1,16E+10;;6,96E+09;7,74E+15
-4,00E-02;1,90E+10;1,12E+10;;7,77E+09;7,47E+15
-3,50E-02;1,85E+10;1,16E+10;;6,96E+09;7,74E+15
-3,00E-02;1,95E+10;1,16E+10;;7,96E+09;7,74E+15
-2,50E-02;1,90E+10;1,22E+10;;6,84E+09;8,14E+15
-2,00E-02;1,90E+10;1,22E+10;;6,84E+09;8,14E+15
-1,50E-02;1,90E+10;1,19E+10;;7,15E+09;7,94E+15
-1,00E-03;1,90E+10;1,19E+10;;7,15E+09;7,94E+15
-500.0E-09;1,90E+10;1,19E+10;;7,15E+09;7,94E+15
+0.0E+00;1,90E+10;1,19E+10;;7,15E+09;7,94E+15
+500.0E-09;1,90E+10;1,19E+10;;7,15E+09;7,94E+15
1,00E-02;1,90E+10;1,19E+10;;7,15E+09;7,94E+15
1,50E-02;1,90E+10;1,19E+10;;7,15E+09;7,94E+15
2,00E-02;1,90E+10;1,22E+10;;6,84E+09;8,14E+15
2,50E-02;1,95E+10;1,22E+10;;7,34E+09;8,14E+15
3,00E-02;1,95E+10;1,22E+10;;7,34E+09;8,14E+15
3,50E-02;1,95E+10;1,22E+10;;7,34E+09;8,14E+15
4,00E-02;1,95E+10;1,22E+10;;7,34E+09;8,14E+15
4,50E-02;2,00E+10;1,25E+10;;7,53E+09;8,34E+15
5,00E-02;1,95E+10;1,22E+10;;7,34E+09;8,14E+15
5,50E-02;1,95E+10;1,22E+10;;7,34E+09;8,14E+15
6,00E-02;2,00E+10;1,25E+10;;7,53E+09;8,34E+15
6,50E-02;2,00E+10;1,28E+10;;7,21E+09;8,54E+15
7,00E-02;2,00E+10;1,25E+10;;7,53E+09;8,34E+15
7,50E-02;1,95E+10;1,28E+10;;6,71E+09;8,54E+15
8,00E-02;2,00E+10;1,28E+10;;7,21E+09;8,54E+15
8,50E-02;2,00E+10;1,25E+10;;7,53E+09;8,34E+15
9,00E-02;2,00E+10;1,28E+10;;7,21E+09;8,54E+15
9,50E-02;2,00E+10;1,25E+10;;7,53E+09;8,34E+15
1,00E-01;2,00E+10;1,25E+10;;7,53E+09;8,34E+15
1,05E-01;2,00E+10;1,25E+10;;7,53E+09;8,34E+15
1,10E-01;2,00E+10;1,31E+10;;6,90E+09;8,74E+15
1,15E-01;2,00E+10;1,28E+10;;7,21E+09;8,54E+15
1,20E-01;2,05E+10;1,31E+10;;7,40E+09;8,74E+15
1,25E-01;2,05E+10;1,31E+10;;7,40E+09;8,74E+15
1,30E-01;2,05E+10;1,28E+10;;7,71E+09;8,54E+15
1,35E-01;2,05E+10;1,28E+10;;7,71E+09;8,54E+15
1,40E-01;2,05E+10;1,28E+10;;7,71E+09;8,54E+15
1,45E-01;2,05E+10;1,34E+10;;7,09E+09;8,94E+15
1,50E-01;2,05E+10;1,34E+10;;7,09E+09;8,94E+15
1,55E-01;2,05E+10;1,34E+10;;7,09E+09;8,94E+15
1,60E-01;2,10E+10;1,34E+10;;7,59E+09;8,94E+15
1,65E-01;2,10E+10;1,34E+10;;7,59E+09;8,94E+15
1,70E-01;2,10E+10;1,34E+10;;7,59E+09;8,94E+15
1,75E-01;2,10E+10;1,34E+10;;7,59E+09;8,94E+15
1,80E-01;2,10E+10;1,37E+10;;7,28E+09;9,14E+15
1,85E-01;2,05E+10;1,37E+10;;6,78E+09;9,14E+15
1,90E-01;2,10E+10;1,37E+10;;7,28E+09;9,14E+15
1,95E-01;2,10E+10;1,37E+10;;7,28E+09;9,14E+15
2,00E-01;2,10E+10;1,37E+10;;7,28E+09;9,14E+15
2,05E-01;2,10E+10;1,37E+10;;7,28E+09;9,14E+15
2,10E-01;2,10E+10;1,37E+10;;7,28E+09;9,14E+15
2,15E-01;2,15E+10;1,37E+10;;7,78E+09;9,14E+15
2,20E-01;2,10E+10;1,41E+10;;6,96E+09;9,41E+15
2,25E-01;2,15E+10;1,37E+10;;7,78E+09;9,14E+15
2,30E-01;2,10E+10;1,37E+10;;7,28E+09;9,14E+15
2,35E-01;2,10E+10;1,41E+10;;6,96E+09;9,41E+15
2,40E-01;2,10E+10;1,41E+10;;6,96E+09;9,41E+15
2,45E-01;2,15E+10;1,41E+10;;7,46E+09;9,41E+15
2,50E-01;2,15E+10;1,41E+10;;7,46E+09;9,41E+15
2,55E-01;2,10E+10;1,41E+10;;6,96E+09;9,41E+15
2,60E-01;2,15E+10;1,41E+10;;7,46E+09;9,41E+15
2,65E-01;2,15E+10;1,44E+10;;7,15E+09;9,61E+15
2,70E-01;2,15E+10;1,44E+10;;7,15E+09;9,61E+15
2,75E-01;2,15E+10;1,44E+10;;7,15E+09;9,61E+15
2,80E-01;2,15E+10;1,41E+10;;7,46E+09;9,41E+15
2,85E-01;2,15E+10;1,44E+10;;7,15E+09;9,61E+15
2,90E-01;2,20E+10;1,47E+10;;7,34E+09;9,81E+15
2,95E-01;2,20E+10;1,47E+10;;7,34E+09;9,81E+15
3,00E-01;2,20E+10;1,47E+10;;7,34E+09;9,81E+15
3,05E-01;2,20E+10;1,47E+10;;7,34E+09;9,81E+15
3,10E-01;2,15E+10;1,47E+10;;6,84E+09;9,81E+15
3,15E-01;2,15E+10;1,47E+10;;6,84E+09;9,81E+15
3,20E-01;2,20E+10;1,47E+10;;7,34E+09;9,81E+15
3,25E-01;2,20E+10;1,47E+10;;7,34E+09;9,81E+15
3,30E-01;2,20E+10;1,44E+10;;7,65E+09;9,61E+15
3,35E-01;2,20E+10;1,50E+10;;7,03E+09;1,00E+16
3,40E-01;2,20E+10;1,50E+10;;7,03E+09;1,00E+16
3,45E-01;2,20E+10;1,50E+10;;7,03E+09;1,00E+16
3,50E-01;2,25E+10;1,50E+10;;7,53E+09;1,00E+16
3,55E-01;2,25E+10;1,50E+10;;7,53E+09;1,00E+16
3,60E-01;2,25E+10;1,50E+10;;7,53E+09;1,00E+16
3,65E-01;2,25E+10;1,53E+10;;7,21E+09;1,02E+16
3,70E-01;2,25E+10;1,50E+10;;7,53E+09;1,00E+16
3,75E-01;2,25E+10;1,50E+10;;7,53E+09;1,00E+16
3,80E-01;2,30E+10;1,53E+10;;7,71E+09;1,02E+16
3,85E-01;2,25E+10;1,53E+10;;7,21E+09;1,02E+16
3,90E-01;2,30E+10;1,53E+10;;7,71E+09;1,02E+16
3,95E-01;2,25E+10;1,53E+10;;7,21E+09;1,02E+16
4,00E-01;2,30E+10;1,53E+10;;7,71E+09;1,02E+16
4,05E-01;2,30E+10;1,53E+10;;7,71E+09;1,02E+16
4,10E-01;2,30E+10;1,56E+10;;7,40E+09;1,04E+16
4,15E-01;2,30E+10;1,56E+10;;7,40E+09;1,04E+16
4,20E-01;2,30E+10;1,56E+10;;7,40E+09;1,04E+16
4,25E-01;2,35E+10;1,56E+10;;7,90E+09;1,04E+16
4,30E-01;2,30E+10;1,56E+10;;7,40E+09;1,04E+16
4,35E-01;2,30E+10;1,59E+10;;7,09E+09;1,06E+16
4,40E-01;2,30E+10;1,56E+10;;7,40E+09;1,04E+16
4,45E-01;2,25E+10;1,56E+10;;6,90E+09;1,04E+16
4,50E-01;2,35E+10;1,59E+10;;7,59E+09;1,06E+16
4,55E-01;2,35E+10;1,59E+10;;7,59E+09;1,06E+16
4,60E-01;2,35E+10;1,59E+10;;7,59E+09;1,06E+16
4,65E-01;2,30E+10;1,56E+10;;7,40E+09;1,04E+16
4,70E-01;2,30E+10;1,59E+10;;7,09E+09;1,06E+16
4,75E-01;2,35E+10;1,59E+10;;7,59E+09;1,06E+16
4,80E-01;2,35E+10;1,62E+10;;7,28E+09;1,08E+16
4,85E-01;2,35E+10;1,62E+10;;7,28E+09;1,08E+16
4,90E-01;2,35E+10;1,59E+10;;7,59E+09;1,06E+16
4,95E-01;2,35E+10;1,62E+10;;7,28E+09;1,08E+16
5,00E-01;2,40E+10;1,62E+10;;7,78E+09;1,08E+16
5,05E-01;2,40E+10;1,62E+10;;7,78E+09;1,08E+16
5,10E-01;2,35E+10;1,59E+10;;7,59E+09;1,06E+16
5,15E-01;2,40E+10;1,66E+10;;7,46E+09;1,11E+16
5,20E-01;2,35E+10;1,62E+10;;7,28E+09;1,08E+16
5,25E-01;2,40E+10;1,66E+10;;7,46E+09;1,11E+16
5,30E-01;2,40E+10;1,69E+10;;7,15E+09;1,13E+16
5,35E-01;2,40E+10;1,66E+10;;7,46E+09;1,11E+16
5,40E-01;2,45E+10;1,66E+10;;7,96E+09;1,11E+16
5,45E-01;2,45E+10;1,69E+10;;7,65E+09;1,13E+16
5,50E-01;2,45E+10;1,66E+10;;7,96E+09;1,11E+16
5,55E-01;2,45E+10;1,66E+10;;7,96E+09;1,11E+16
5,60E-01;2,45E+10;1,69E+10;;7,65E+09;1,13E+16
5,65E-01;2,45E+10;1,69E+10;;7,65E+09;1,13E+16
5,70E-01;2,45E+10;1,72E+10;;7,34E+09;1,15E+16
5,75E-01;2,45E+10;1,69E+10;;7,65E+09;1,13E+16
5,80E-01;2,40E+10;1,69E+10;;7,15E+09;1,13E+16
5,85E-01;2,40E+10;1,69E+10;;7,15E+09;1,13E+16
5,90E-01;2,40E+10;1,69E+10;;7,15E+09;1,13E+16
5,95E-01;2,45E+10;1,72E+10;;7,34E+09;1,15E+16
6,00E-01;2,45E+10;1,75E+10;;7,03E+09;1,17E+16
6,05E-01;2,45E+10;1,72E+10;;7,34E+09;1,15E+16
6,10E-01;2,45E+10;1,72E+10;;7,34E+09;1,15E+16
6,15E-01;2,40E+10;1,72E+10;;6,84E+09;1,15E+16
6,20E-01;2,50E+10;1,75E+10;;7,53E+09;1,17E+16
6,25E-01;2,50E+10;1,75E+10;;7,53E+09;1,17E+16
6,30E-01;2,50E+10;1,75E+10;;7,53E+09;1,17E+16
6,35E-01;2,50E+10;1,75E+10;;7,53E+09;1,17E+16
6,40E-01;2,50E+10;1,75E+10;;7,53E+09;1,17E+16
6,45E-01;2,50E+10;1,75E+10;;7,53E+09;1,17E+16
6,50E-01;2,50E+10;1,75E+10;;7,53E+09;1,17E+16
6,55E-01;2,45E+10;1,72E+10;;7,34E+09;1,15E+16
6,60E-01;2,45E+10;1,72E+10;;7,34E+09;1,15E+16
6,65E-01;2,50E+10;1,78E+10;;7,21E+09;1,19E+16
6,70E-01;2,50E+10;1,75E+10;;7,53E+09;1,17E+16
6,75E-01;2,50E+10;1,78E+10;;7,21E+09;1,19E+16
6,80E-01;2,50E+10;1,75E+10;;7,53E+09;1,17E+16
6,85E-01;2,50E+10;1,78E+10;;7,21E+09;1,19E+16
6,90E-01;2,45E+10;1,78E+10;;6,71E+09;1,19E+16
6,95E-01;2,50E+10;1,78E+10;;7,21E+09;1,19E+16
7,00E-01;2,45E+10;1,78E+10;;6,71E+09;1,19E+16
7,05E-01;2,45E+10;1,84E+10;;6,09E+09;1,23E+16
7,10E-01;2,50E+10;1,81E+10;;6,90E+09;1,21E+16
7,15E-01;2,55E+10;1,81E+10;;7,40E+09;1,21E+16
7,20E-01;2,55E+10;1,81E+10;;7,40E+09;1,21E+16
7,25E-01;2,55E+10;1,78E+10;;7,71E+09;1,19E+16
7,30E-01;2,55E+10;1,81E+10;;7,40E+09;1,21E+16
7,35E-01;2,50E+10;1,81E+10;;6,90E+09;1,21E+16
7,40E-01;2,55E+10;1,81E+10;;7,40E+09;1,21E+16
7,45E-01;2,55E+10;1,84E+10;;7,09E+09;1,23E+16
7,50E-01;2,55E+10;1,84E+10;;7,09E+09;1,23E+16
7,55E-01;2,55E+10;1,84E+10;;7,09E+09;1,23E+16
7,60E-01;2,55E+10;1,84E+10;;7,09E+09;1,23E+16
7,65E-01;2,55E+10;1,84E+10;;7,09E+09;1,23E+16
7,70E-01;2,55E+10;1,84E+10;;7,09E+09;1,23E+16
7,75E-01;2,60E+10;1,84E+10;;7,59E+09;1,23E+16
7,80E-01;2,60E+10;1,87E+10;;7,28E+09;1,25E+16
7,85E-01;2,60E+10;1,87E+10;;7,28E+09;1,25E+16
7,90E-01;2,60E+10;1,87E+10;;7,28E+09;1,25E+16
7,95E-01;2,60E+10;1,87E+10;;7,28E+09;1,25E+16
8,00E-01;2,60E+10;1,87E+10;;7,28E+09;1,25E+16
8,05E-01;2,55E+10;1,94E+10;;6,15E+09;1,29E+16
8,10E-01;2,55E+10;1,87E+10;;6,78E+09;1,25E+16
8,15E-01;2,60E+10;1,91E+10;;6,96E+09;1,27E+16
8,20E-01;2,55E+10;1,87E+10;;6,78E+09;1,25E+16
8,25E-01;2,65E+10;1,91E+10;;7,46E+09;1,27E+16
8,30E-01;2,65E+10;1,91E+10;;7,46E+09;1,27E+16
8,35E-01;2,65E+10;1,91E+10;;7,46E+09;1,27E+16
8,40E-01;2,65E+10;1,91E+10;;7,46E+09;1,27E+16
8,45E-01;2,65E+10;1,91E+10;;7,46E+09;1,27E+16
8,50E-01;2,60E+10;1,94E+10;;6,65E+09;1,29E+16
8,55E-01;2,65E+10;1,91E+10;;7,46E+09;1,27E+16
8,60E-01;2,65E+10;1,87E+10;;7,78E+09;1,25E+16
8,65E-01;2,65E+10;1,94E+10;;7,15E+09;1,29E+16
8,70E-01;2,65E+10;1,94E+10;;7,15E+09;1,29E+16
8,75E-01;2,65E+10;1,94E+10;;7,15E+09;1,29E+16
8,80E-01;2,65E+10;1,94E+10;;7,15E+09;1,29E+16
8,85E-01;2,60E+10;1,94E+10;;6,65E+09;1,29E+16
8,90E-01;2,65E+10;1,94E+10;;7,15E+09;1,29E+16
8,95E-01;2,65E+10;1,97E+10;;6,84E+09;1,31E+16
9,00E-01;2,65E+10;1,94E+10;;7,15E+09;1,29E+16
9,05E-01;2,65E+10;1,97E+10;;6,84E+09;1,31E+16
9,10E-01;2,70E+10;1,97E+10;;7,34E+09;1,31E+16
9,15E-01;2,70E+10;1,97E+10;;7,34E+09;1,31E+16
9,20E-01;2,65E+10;1,97E+10;;6,84E+09;1,31E+16
9,25E-01;2,65E+10;2,00E+10;;6,53E+09;1,33E+16
9,30E-01;2,65E+10;2,00E+10;;6,53E+09;1,33E+16
9,35E-01;2,70E+10;1,97E+10;;7,34E+09;1,31E+16
9,40E-01;2,75E+10;2,03E+10;;7,21E+09;1,35E+16
9,45E-01;2,70E+10;2,00E+10;;7,03E+09;1,33E+16
9,50E-01;2,70E+10;2,00E+10;;7,03E+09;1,33E+16
9,55E-01;2,75E+10;2,00E+10;;7,53E+09;1,33E+16
9,60E-01;2,70E+10;2,03E+10;;6,71E+09;1,35E+16
9,65E-01;2,70E+10;2,03E+10;;6,71E+09;1,35E+16
9,70E-01;2,75E+10;2,03E+10;;7,21E+09;1,35E+16
9,75E-01;2,70E+10;2,03E+10;;6,71E+09;1,35E+16
9,80E-01;2,70E+10;2,03E+10;;6,71E+09;1,35E+16
9,85E-01;2,70E+10;2,03E+10;;6,71E+09;1,35E+16
9,90E-01;2,75E+10;2,03E+10;;7,21E+09;1,35E+16
9,95E-01;2,75E+10;2,03E+10;;7,21E+09;1,35E+16
1,00E+00;2,75E+10;2,03E+10;;7,21E+09;1,35E+16
1,01E+00;2,75E+10;2,06E+10;;6,90E+09;1,37E+16
1,01E+00;2,80E+10;2,09E+10;;7,09E+09;1,39E+16
1,02E+00;2,75E+10;2,06E+10;;6,90E+09;1,37E+16
1,02E+00;2,80E+10;2,09E+10;;7,09E+09;1,39E+16
1,03E+00;2,75E+10;2,06E+10;;6,90E+09;1,37E+16
1,03E+00;2,80E+10;2,09E+10;;7,09E+09;1,39E+16
1,04E+00;2,75E+10;2,06E+10;;6,90E+09;1,37E+16
1,04E+00;2,75E+10;2,09E+10;;6,59E+09;1,39E+16
1,05E+00;2,75E+10;2,09E+10;;6,59E+09;1,39E+16
1,05E+00;2,80E+10;2,09E+10;;7,09E+09;1,39E+16
1,06E+00;2,75E+10;2,09E+10;;6,59E+09;1,39E+16
1,06E+00;2,75E+10;2,09E+10;;6,59E+09;1,39E+16
1,07E+00;2,80E+10;2,12E+10;;6,78E+09;1,41E+16
1,07E+00;2,80E+10;2,12E+10;;6,78E+09;1,41E+16
1,08E+00;2,80E+10;2,12E+10;;6,78E+09;1,41E+16
1,08E+00;2,80E+10;2,12E+10;;6,78E+09;1,41E+16
1,09E+00;2,85E+10;2,12E+10;;7,28E+09;1,41E+16
1,09E+00;2,80E+10;2,12E+10;;6,78E+09;1,41E+16
1,10E+00;2,85E+10;2,16E+10;;6,96E+09;1,44E+16
1,10E+00;2,80E+10;2,16E+10;;6,46E+09;1,44E+16
1,11E+00;2,85E+10;2,12E+10;;7,28E+09;1,41E+16
1,11E+00;2,85E+10;2,16E+10;;6,96E+09;1,44E+16
1,12E+00;2,90E+10;2,12E+10;;7,78E+09;1,41E+16
1,12E+00;2,85E+10;2,16E+10;;6,96E+09;1,44E+16
1,13E+00;2,85E+10;2,19E+10;;6,65E+09;1,46E+16
1,13E+00;2,90E+10;2,16E+10;;7,46E+09;1,44E+16
1,14E+00;2,90E+10;2,19E+10;;7,15E+09;1,46E+16
1,14E+00;2,85E+10;2,16E+10;;6,96E+09;1,44E+16
1,15E+00;2,85E+10;2,22E+10;;6,34E+09;1,48E+16
1,15E+00;2,90E+10;2,22E+10;;6,84E+09;1,48E+16
1,16E+00;2,85E+10;2,22E+10;;6,34E+09;1,48E+16
1,16E+00;2,85E+10;2,19E+10;;6,65E+09;1,46E+16
1,17E+00;2,95E+10;2,19E+10;;7,65E+09;1,46E+16
1,17E+00;2,90E+10;2,19E+10;;7,15E+09;1,46E+16
1,18E+00;2,95E+10;2,22E+10;;7,34E+09;1,48E+16
1,18E+00;2,90E+10;2,22E+10;;6,84E+09;1,48E+16
1,19E+00;2,90E+10;2,22E+10;;6,84E+09;1,48E+16
1,19E+00;2,90E+10;2,19E+10;;7,15E+09;1,46E+16
1,20E+00;2,95E+10;2,22E+10;;7,34E+09;1,48E+16
1,20E+00;2,90E+10;2,22E+10;;6,84E+09;1,48E+16
1,21E+00;2,90E+10;2,22E+10;;6,84E+09;1,48E+16
1,21E+00;2,95E+10;2,22E+10;;7,34E+09;1,48E+16
1,22E+00;2,95E+10;2,22E+10;;7,34E+09;1,48E+16
1,22E+00;3,00E+10;2,25E+10;;7,53E+09;1,50E+16
1,23E+00;3,00E+10;2,25E+10;;7,53E+09;1,50E+16
1,23E+00;2,95E+10;2,25E+10;;7,03E+09;1,50E+16
1,24E+00;2,95E+10;2,28E+10;;6,71E+09;1,52E+16
1,24E+00;2,95E+10;2,25E+10;;7,03E+09;1,50E+16
1,25E+00;2,95E+10;2,28E+10;;6,71E+09;1,52E+16
1,25E+00;3,00E+10;2,28E+10;;7,21E+09;1,52E+16
1,26E+00;2,95E+10;2,28E+10;;6,71E+09;1,52E+16
1,26E+00;3,00E+10;2,25E+10;;7,53E+09;1,50E+16
1,27E+00;3,00E+10;2,28E+10;;7,21E+09;1,52E+16
1,27E+00;3,00E+10;2,28E+10;;7,21E+09;1,52E+16
1,28E+00;3,00E+10;2,28E+10;;7,21E+09;1,52E+16
1,28E+00;3,00E+10;2,31E+10;;6,90E+09;1,54E+16
1,29E+00;3,00E+10;2,31E+10;;6,90E+09;1,54E+16
1,29E+00;3,00E+10;2,31E+10;;6,90E+09;1,54E+16
1,30E+00;3,00E+10;2,31E+10;;6,90E+09;1,54E+16
1,30E+00;3,00E+10;2,31E+10;;6,90E+09;1,54E+16
1,31E+00;3,00E+10;2,31E+10;;6,90E+09;1,54E+16
1,31E+00;3,05E+10;2,34E+10;;7,09E+09;1,56E+16
1,32E+00;3,00E+10;2,31E+10;;6,90E+09;1,54E+16
1,32E+00;3,10E+10;2,34E+10;;7,59E+09;1,56E+16
1,33E+00;3,10E+10;2,34E+10;;7,59E+09;1,56E+16
1,33E+00;3,05E+10;2,34E+10;;7,09E+09;1,56E+16
1,34E+00;3,00E+10;2,34E+10;;6,59E+09;1,56E+16
1,34E+00;3,10E+10;2,37E+10;;7,28E+09;1,58E+16
1,35E+00;3,10E+10;2,37E+10;;7,28E+09;1,58E+16
1,35E+00;3,05E+10;2,34E+10;;7,09E+09;1,56E+16
1,36E+00;3,05E+10;2,37E+10;;6,78E+09;1,58E+16
1,36E+00;3,05E+10;2,37E+10;;6,78E+09;1,58E+16
1,37E+00;3,05E+10;2,37E+10;;6,78E+09;1,58E+16
1,37E+00;3,10E+10;2,41E+10;;6,96E+09;1,61E+16
1,38E+00;3,05E+10;2,37E+10;;6,78E+09;1,58E+16
1,38E+00;3,05E+10;2,37E+10;;6,78E+09;1,58E+16
1,39E+00;3,10E+10;2,41E+10;;6,96E+09;1,61E+16
1,39E+00;3,05E+10;2,37E+10;;6,78E+09;1,58E+16
1,40E+00;3,05E+10;2,37E+10;;6,78E+09;1,58E+16
1,40E+00;3,10E+10;2,41E+10;;6,96E+09;1,61E+16
1,41E+00;3,10E+10;2,41E+10;;6,96E+09;1,61E+16
1,41E+00;3,10E+10;2,41E+10;;6,96E+09;1,61E+16
1,42E+00;3,10E+10;2,41E+10;;6,96E+09;1,61E+16
1,42E+00;3,10E+10;2,41E+10;;6,96E+09;1,61E+16
1,43E+00;3,10E+10;2,44E+10;;6,65E+09;1,63E+16
1,43E+00;3,10E+10;2,44E+10;;6,65E+09;1,63E+16
1,44E+00;3,10E+10;2,44E+10;;6,65E+09;1,63E+16
1,44E+00;3,15E+10;2,47E+10;;6,84E+09;1,65E+16
1,45E+00;3,15E+10;2,44E+10;;7,15E+09;1,63E+16
1,45E+00;3,15E+10;2,47E+10;;6,84E+09;1,65E+16
1,46E+00;3,15E+10;2,47E+10;;6,84E+09;1,65E+16
1,46E+00;3,20E+10;2,44E+10;;7,65E+09;1,63E+16
1,47E+00;3,15E+10;2,47E+10;;6,84E+09;1,65E+16
1,47E+00;3,15E+10;2,47E+10;;6,84E+09;1,65E+16
1,48E+00;3,20E+10;2,44E+10;;7,65E+09;1,63E+16
1,48E+00;3,15E+10;2,47E+10;;6,84E+09;1,65E+16
1,49E+00;3,20E+10;2,47E+10;;7,34E+09;1,65E+16
1,49E+00;3,20E+10;2,44E+10;;7,65E+09;1,63E+16
1,50E+00;3,20E+10;2,47E+10;;7,34E+09;1,65E+16
1,50E+00;3,20E+10;2,50E+10;;7,03E+09;1,67E+16
1,51E+00;3,20E+10;2,50E+10;;7,03E+09;1,67E+16
1,51E+00;3,20E+10;2,50E+10;;7,03E+09;1,67E+16
1,52E+00;3,20E+10;2,50E+10;;7,03E+09;1,67E+16
1,52E+00;3,20E+10;2,50E+10;;7,03E+09;1,67E+16
1,53E+00;3,20E+10;2,50E+10;;7,03E+09;1,67E+16
1,53E+00;3,25E+10;2,53E+10;;7,21E+09;1,69E+16
1,54E+00;3,25E+10;2,56E+10;;6,90E+09;1,71E+16
1,54E+00;3,25E+10;2,53E+10;;7,21E+09;1,69E+16
1,55E+00;3,30E+10;2,53E+10;;7,71E+09;1,69E+16
1,55E+00;3,25E+10;2,53E+10;;7,21E+09;1,69E+16
1,56E+00;3,25E+10;2,53E+10;;7,21E+09;1,69E+16
1,56E+00;3,25E+10;2,53E+10;;7,21E+09;1,69E+16
1,57E+00;3,25E+10;2,53E+10;;7,21E+09;1,69E+16
1,57E+00;3,25E+10;2,53E+10;;7,21E+09;1,69E+16
1,58E+00;3,30E+10;2,53E+10;;7,71E+09;1,69E+16
1,58E+00;3,30E+10;2,53E+10;;7,71E+09;1,69E+16
1,59E+00;3,25E+10;2,56E+10;;6,90E+09;1,71E+16
1,59E+00;3,30E+10;2,56E+10;;7,40E+09;1,71E+16
1,60E+00;3,30E+10;2,56E+10;;7,40E+09;1,71E+16
1,60E+00;3,30E+10;2,56E+10;;7,40E+09;1,71E+16
1,61E+00;3,30E+10;2,59E+10;;7,09E+09;1,73E+16
1,61E+00;3,25E+10;2,59E+10;;6,59E+09;1,73E+16
1,62E+00;3,30E+10;2,59E+10;;7,09E+09;1,73E+16
1,62E+00;3,30E+10;2,59E+10;;7,09E+09;1,73E+16
1,63E+00;3,30E+10;2,56E+10;;7,40E+09;1,71E+16
1,63E+00;3,30E+10;2,59E+10;;7,09E+09;1,73E+16
1,64E+00;3,30E+10;2,62E+10;;6,78E+09;1,75E+16
1,64E+00;3,30E+10;2,62E+10;;6,78E+09;1,75E+16
1,65E+00;3,40E+10;2,62E+10;;7,78E+09;1,75E+16
1,65E+00;3,35E+10;2,62E+10;;7,28E+09;1,75E+16
1,66E+00;3,40E+10;2,62E+10;;7,78E+09;1,75E+16
1,66E+00;3,35E+10;2,62E+10;;7,28E+09;1,75E+16
1,67E+00;3,35E+10;2,62E+10;;7,28E+09;1,75E+16
1,67E+00;3,35E+10;2,66E+10;;6,96E+09;1,77E+16
1,68E+00;3,35E+10;2,66E+10;;6,96E+09;1,77E+16
1,68E+00;3,35E+10;2,62E+10;;7,28E+09;1,75E+16
1,69E+00;3,35E+10;2,66E+10;;6,96E+09;1,77E+16
1,69E+00;3,35E+10;2,66E+10;;6,96E+09;1,77E+16
1,70E+00;3,35E+10;2,66E+10;;6,96E+09;1,77E+16
1,70E+00;3,35E+10;2,66E+10;;6,96E+09;1,77E+16
1,71E+00;3,35E+10;2,66E+10;;6,96E+09;1,77E+16
1,71E+00;3,35E+10;2,69E+10;;6,65E+09;1,79E+16
1,72E+00;3,35E+10;2,69E+10;;6,65E+09;1,79E+16
1,72E+00;3,40E+10;2,69E+10;;7,15E+09;1,79E+16
1,73E+00;3,40E+10;2,69E+10;;7,15E+09;1,79E+16
1,73E+00;3,40E+10;2,69E+10;;7,15E+09;1,79E+16
1,74E+00;3,40E+10;2,69E+10;;7,15E+09;1,79E+16
1,74E+00;3,40E+10;2,69E+10;;7,15E+09;1,79E+16
1,75E+00;3,40E+10;2,72E+10;;6,84E+09;1,81E+16
1,75E+00;3,40E+10;2,69E+10;;7,15E+09;1,79E+16
1,76E+00;3,45E+10;2,72E+10;;7,34E+09;1,81E+16
1,76E+00;3,40E+10;2,69E+10;;7,15E+09;1,79E+16
1,77E+00;3,45E+10;2,75E+10;;7,03E+09;1,83E+16
1,77E+00;3,50E+10;2,72E+10;;7,84E+09;1,81E+16
1,78E+00;3,45E+10;2,75E+10;;7,03E+09;1,83E+16
1,78E+00;3,45E+10;2,75E+10;;7,03E+09;1,83E+16
1,79E+00;3,45E+10;2,75E+10;;7,03E+09;1,83E+16
1,79E+00;3,45E+10;2,75E+10;;7,03E+09;1,83E+16
1,80E+00;3,45E+10;2,75E+10;;7,03E+09;1,83E+16
1,80E+00;3,50E+10;2,75E+10;;7,53E+09;1,83E+16
1,81E+00;3,50E+10;2,72E+10;;7,84E+09;1,81E+16
1,81E+00;3,50E+10;2,75E+10;;7,53E+09;1,83E+16
1,82E+00;3,50E+10;2,75E+10;;7,53E+09;1,83E+16
1,82E+00;3,50E+10;2,75E+10;;7,53E+09;1,83E+16
1,83E+00;3,55E+10;2,72E+10;;8,34E+09;1,81E+16
1,83E+00;3,45E+10;2,75E+10;;7,03E+09;1,83E+16
1,84E+00;3,55E+10;2,78E+10;;7,71E+09;1,85E+16
1,84E+00;3,50E+10;2,78E+10;;7,21E+09;1,85E+16
1,85E+00;3,50E+10;2,78E+10;;7,21E+09;1,85E+16
1,85E+00;3,50E+10;2,78E+10;;7,21E+09;1,85E+16
1,86E+00;3,50E+10;2,81E+10;;6,90E+09;1,87E+16
1,86E+00;3,50E+10;2,81E+10;;6,90E+09;1,87E+16
1,87E+00;3,50E+10;2,81E+10;;6,90E+09;1,87E+16
1,87E+00;3,50E+10;2,81E+10;;6,90E+09;1,87E+16
1,88E+00;3,55E+10;2,81E+10;;7,40E+09;1,87E+16
1,88E+00;3,55E+10;2,81E+10;;7,40E+09;1,87E+16
1,89E+00;3,55E+10;2,81E+10;;7,40E+09;1,87E+16
1,89E+00;3,55E+10;2,81E+10;;7,40E+09;1,87E+16
1,90E+00;3,55E+10;2,84E+10;;7,09E+09;1,89E+16
1,90E+00;3,55E+10;2,84E+10;;7,09E+09;1,89E+16
1,91E+00;3,55E+10;2,87E+10;;6,78E+09;1,91E+16
1,91E+00;3,55E+10;2,84E+10;;7,09E+09;1,89E+16
1,92E+00;3,60E+10;2,81E+10;;7,90E+09;1,87E+16
1,92E+00;3,55E+10;2,84E+10;;7,09E+09;1,89E+16
1,93E+00;3,55E+10;2,81E+10;;7,40E+09;1,87E+16
1,93E+00;3,60E+10;2,84E+10;;7,59E+09;1,89E+16
1,94E+00;3,60E+10;2,87E+10;;7,28E+09;1,91E+16
1,94E+00;3,60E+10;2,87E+10;;7,28E+09;1,91E+16
1,95E+00;3,60E+10;2,87E+10;;7,28E+09;1,91E+16
1,95E+00;3,60E+10;2,84E+10;;7,59E+09;1,89E+16
1,96E+00;3,60E+10;2,87E+10;;7,28E+09;1,91E+16
1,96E+00;3,60E+10;2,91E+10;;6,96E+09;1,94E+16
1,97E+00;3,60E+10;2,91E+10;;6,96E+09;1,94E+16
1,97E+00;3,60E+10;2,91E+10;;6,96E+09;1,94E+16
1,98E+00;3,65E+10;2,91E+10;;7,46E+09;1,94E+16
1,98E+00;3,65E+10;2,91E+10;;7,46E+09;1,94E+16
1,99E+00;3,70E+10;2,91E+10;;7,96E+09;1,94E+16
1,99E+00;3,65E+10;2,91E+10;;7,46E+09;1,94E+16
2,00E+00;3,65E+10;2,87E+10;;7,78E+09;1,91E+16
2,00E+00;3,65E+10;2,91E+10;;7,46E+09;1,94E+16
2,01E+00;3,65E+10;2,91E+10;;7,46E+09;1,94E+16
2,01E+00;3,65E+10;2,91E+10;;7,46E+09;1,94E+16
2,02E+00;3,70E+10;2,94E+10;;7,65E+09;1,96E+16
2,02E+00;3,70E+10;2,91E+10;;7,96E+09;1,94E+16
2,03E+00;3,70E+10;2,91E+10;;7,96E+09;1,94E+16
2,03E+00;3,65E+10;2,94E+10;;7,15E+09;1,96E+16
2,04E+00;3,65E+10;2,94E+10;;7,15E+09;1,96E+16
2,04E+00;3,70E+10;2,94E+10;;7,65E+09;1,96E+16
2,05E+00;3,70E+10;2,97E+10;;7,34E+09;1,98E+16
2,05E+00;3,70E+10;2,97E+10;;7,34E+09;1,98E+16
2,06E+00;3,65E+10;2,97E+10;;6,84E+09;1,98E+16
2,06E+00;3,70E+10;2,97E+10;;7,34E+09;1,98E+16
2,07E+00;3,70E+10;2,97E+10;;7,34E+09;1,98E+16
2,07E+00;3,70E+10;2,97E+10;;7,34E+09;1,98E+16
2,08E+00;3,70E+10;2,97E+10;;7,34E+09;1,98E+16
2,08E+00;3,75E+10;2,97E+10;;7,84E+09;1,98E+16
2,09E+00;3,75E+10;3,00E+10;;7,53E+09;2,00E+16
2,09E+00;3,70E+10;3,00E+10;;7,03E+09;2,00E+16
2,10E+00;3,75E+10;3,00E+10;;7,53E+09;2,00E+16
2,10E+00;3,65E+10;3,00E+10;;6,53E+09;2,00E+16
2,11E+00;3,75E+10;3,00E+10;;7,53E+09;2,00E+16
2,11E+00;3,75E+10;3,00E+10;;7,53E+09;2,00E+16
2,12E+00;3,75E+10;3,00E+10;;7,53E+09;2,00E+16
2,12E+00;3,75E+10;3,03E+10;;7,21E+09;2,02E+16
2,13E+00;3,75E+10;3,00E+10;;7,53E+09;2,00E+16
2,13E+00;3,70E+10;3,03E+10;;6,71E+09;2,02E+16
2,14E+00;3,75E+10;3,03E+10;;7,21E+09;2,02E+16
2,14E+00;3,75E+10;3,06E+10;;6,90E+09;2,04E+16
2,15E+00;3,75E+10;3,03E+10;;7,21E+09;2,02E+16
2,15E+00;3,80E+10;3,09E+10;;7,09E+09;2,06E+16
2,16E+00;3,80E+10;3,03E+10;;7,71E+09;2,02E+16
2,16E+00;3,80E+10;3,06E+10;;7,40E+09;2,04E+16
2,17E+00;3,80E+10;3,06E+10;;7,40E+09;2,04E+16
2,17E+00;3,80E+10;3,06E+10;;7,40E+09;2,04E+16
2,18E+00;3,75E+10;3,06E+10;;6,90E+09;2,04E+16
2,18E+00;3,80E+10;3,06E+10;;7,40E+09;2,04E+16
2,19E+00;3,80E+10;3,09E+10;;7,09E+09;2,06E+16
2,19E+00;3,80E+10;3,09E+10;;7,09E+09;2,06E+16
2,20E+00;3,80E+10;3,09E+10;;7,09E+09;2,06E+16
2,20E+00;3,85E+10;3,09E+10;;7,59E+09;2,06E+16
2,21E+00;3,85E+10;3,09E+10;;7,59E+09;2,06E+16
2,21E+00;3,85E+10;3,09E+10;;7,59E+09;2,06E+16
2,22E+00;3,85E+10;3,09E+10;;7,59E+09;2,06E+16
2,22E+00;3,85E+10;3,12E+10;;7,28E+09;2,08E+16
2,23E+00;3,85E+10;3,12E+10;;7,28E+09;2,08E+16
2,23E+00;3,85E+10;3,12E+10;;7,28E+09;2,08E+16
2,24E+00;3,85E+10;3,12E+10;;7,28E+09;2,08E+16
2,24E+00;3,85E+10;3,12E+10;;7,28E+09;2,08E+16
2,25E+00;3,85E+10;3,12E+10;;7,28E+09;2,08E+16
2,25E+00;3,85E+10;3,12E+10;;7,28E+09;2,08E+16
2,26E+00;3,85E+10;3,16E+10;;6,96E+09;2,11E+16
2,26E+00;3,90E+10;3,16E+10;;7,46E+09;2,11E+16
2,27E+00;3,90E+10;3,16E+10;;7,46E+09;2,11E+16
2,27E+00;3,90E+10;3,16E+10;;7,46E+09;2,11E+16
2,28E+00;3,90E+10;3,16E+10;;7,46E+09;2,11E+16
2,28E+00;3,90E+10;3,16E+10;;7,46E+09;2,11E+16
2,29E+00;3,90E+10;3,19E+10;;7,15E+09;2,13E+16
2,29E+00;3,90E+10;3,16E+10;;7,46E+09;2,11E+16
2,30E+00;3,85E+10;3,16E+10;;6,96E+09;2,11E+16
2,30E+00;3,90E+10;3,19E+10;;7,15E+09;2,13E+16
2,31E+00;3,90E+10;3,19E+10;;7,15E+09;2,13E+16
2,31E+00;3,95E+10;3,19E+10;;7,65E+09;2,13E+16
2,32E+00;3,90E+10;3,19E+10;;7,15E+09;2,13E+16
2,32E+00;3,95E+10;3,19E+10;;7,65E+09;2,13E+16
2,33E+00;3,90E+10;3,19E+10;;7,15E+09;2,13E+16
2,33E+00;3,90E+10;3,19E+10;;7,15E+09;2,13E+16
2,34E+00;3,95E+10;3,19E+10;;7,65E+09;2,13E+16
2,34E+00;3,95E+10;3,22E+10;;7,34E+09;2,15E+16
2,35E+00;4,00E+10;3,22E+10;;7,84E+09;2,15E+16
2,35E+00;4,00E+10;3,22E+10;;7,84E+09;2,15E+16
2,36E+00;3,95E+10;3,22E+10;;7,34E+09;2,15E+16
2,36E+00;3,95E+10;3,22E+10;;7,34E+09;2,15E+16
2,37E+00;4,00E+10;3,25E+10;;7,53E+09;2,17E+16
2,37E+00;4,00E+10;3,25E+10;;7,53E+09;2,17E+16
2,38E+00;4,00E+10;3,25E+10;;7,53E+09;2,17E+16
2,38E+00;4,00E+10;3,25E+10;;7,53E+09;2,17E+16
2,39E+00;4,00E+10;3,25E+10;;7,53E+09;2,17E+16
2,39E+00;3,95E+10;3,28E+10;;6,71E+09;2,19E+16
2,40E+00;4,00E+10;3,28E+10;;7,21E+09;2,19E+16
2,40E+00;4,05E+10;3,25E+10;;8,03E+09;2,17E+16
2,41E+00;3,95E+10;3,28E+10;;6,71E+09;2,19E+16
2,41E+00;4,00E+10;3,28E+10;;7,21E+09;2,19E+16
2,42E+00;4,05E+10;3,25E+10;;8,03E+09;2,17E+16
2,42E+00;4,05E+10;3,25E+10;;8,03E+09;2,17E+16
2,43E+00;4,00E+10;3,31E+10;;6,90E+09;2,21E+16
2,43E+00;4,05E+10;3,25E+10;;8,03E+09;2,17E+16
2,44E+00;4,05E+10;3,28E+10;;7,71E+09;2,19E+16
2,44E+00;4,00E+10;3,31E+10;;6,90E+09;2,21E+16
2,45E+00;4,05E+10;3,31E+10;;7,40E+09;2,21E+16
2,45E+00;4,05E+10;3,28E+10;;7,71E+09;2,19E+16
2,46E+00;4,05E+10;3,31E+10;;7,40E+09;2,21E+16
2,46E+00;4,05E+10;3,31E+10;;7,40E+09;2,21E+16
2,47E+00;4,05E+10;3,34E+10;;7,09E+09;2,23E+16
2,47E+00;4,05E+10;3,31E+10;;7,40E+09;2,21E+16
2,48E+00;4,00E+10;3,34E+10;;6,59E+09;2,23E+16
2,48E+00;4,10E+10;3,34E+10;;7,59E+09;2,23E+16
2,49E+00;4,05E+10;3,34E+10;;7,09E+09;2,23E+16
2,49E+00;4,10E+10;3,34E+10;;7,59E+09;2,23E+16
2,50E+00;4,00E+10;3,34E+10;;6,59E+09;2,23E+16
2,50E+00;4,10E+10;3,31E+10;;7,90E+09;2,21E+16
2,51E+00;4,05E+10;3,37E+10;;6,78E+09;2,25E+16
2,51E+00;4,10E+10;3,34E+10;;7,59E+09;2,23E+16
2,52E+00;4,10E+10;3,37E+10;;7,28E+09;2,25E+16
2,52E+00;4,05E+10;3,41E+10;;6,46E+09;2,27E+16
2,53E+00;4,10E+10;3,37E+10;;7,28E+09;2,25E+16
2,53E+00;4,10E+10;3,37E+10;;7,28E+09;2,25E+16
2,54E+00;4,05E+10;3,37E+10;;6,78E+09;2,25E+16
2,54E+00;4,05E+10;3,41E+10;;6,46E+09;2,27E+16
2,55E+00;4,10E+10;3,41E+10;;6,96E+09;2,27E+16
2,55E+00;4,10E+10;3,41E+10;;6,96E+09;2,27E+16
2,56E+00;4,10E+10;3,41E+10;;6,96E+09;2,27E+16
2,56E+00;4,10E+10;3,41E+10;;6,96E+09;2,27E+16
2,57E+00;4,15E+10;3,41E+10;;7,46E+09;2,27E+16
2,57E+00;4,15E+10;3,41E+10;;7,46E+09;2,27E+16
2,58E+00;4,10E+10;3,44E+10;;6,65E+09;2,29E+16
2,58E+00;4,15E+10;3,41E+10;;7,46E+09;2,27E+16
2,59E+00;4,15E+10;3,44E+10;;7,15E+09;2,29E+16
2,59E+00;4,15E+10;3,44E+10;;7,15E+09;2,29E+16
2,60E+00;4,15E+10;3,44E+10;;7,15E+09;2,29E+16
2,60E+00;4,15E+10;3,47E+10;;6,84E+09;2,31E+16
2,61E+00;4,15E+10;3,47E+10;;6,84E+09;2,31E+16
2,61E+00;4,20E+10;3,44E+10;;7,65E+09;2,29E+16
2,62E+00;4,15E+10;3,47E+10;;6,84E+09;2,31E+16
2,62E+00;4,20E+10;3,47E+10;;7,34E+09;2,31E+16
2,63E+00;4,20E+10;3,47E+10;;7,34E+09;2,31E+16
2,63E+00;4,20E+10;3,44E+10;;7,65E+09;2,29E+16
2,64E+00;4,20E+10;3,47E+10;;7,34E+09;2,31E+16
2,64E+00;4,20E+10;3,47E+10;;7,34E+09;2,31E+16
2,65E+00;4,20E+10;3,44E+10;;7,65E+09;2,29E+16
2,65E+00;4,25E+10;3,50E+10;;7,53E+09;2,33E+16
2,66E+00;4,20E+10;3,50E+10;;7,03E+09;2,33E+16
2,66E+00;4,25E+10;3,50E+10;;7,53E+09;2,33E+16
2,67E+00;4,20E+10;3,50E+10;;7,03E+09;2,33E+16
2,67E+00;4,25E+10;3,50E+10;;7,53E+09;2,33E+16
2,68E+00;4,25E+10;3,50E+10;;7,53E+09;2,33E+16
2,68E+00;4,25E+10;3,50E+10;;7,53E+09;2,33E+16
2,69E+00;4,20E+10;3,56E+10;;6,40E+09;2,37E+16
2,69E+00;4,25E+10;3,50E+10;;7,53E+09;2,33E+16
2,70E+00;4,25E+10;3,50E+10;;7,53E+09;2,33E+16
2,70E+00;4,20E+10;3,53E+10;;6,71E+09;2,35E+16
2,71E+00;4,25E+10;3,50E+10;;7,53E+09;2,33E+16
2,71E+00;4,25E+10;3,53E+10;;7,21E+09;2,35E+16
2,72E+00;4,25E+10;3,53E+10;;7,21E+09;2,35E+16
2,72E+00;4,25E+10;3,53E+10;;7,21E+09;2,35E+16
2,73E+00;4,20E+10;3,56E+10;;6,40E+09;2,37E+16
2,73E+00;4,25E+10;3,53E+10;;7,21E+09;2,35E+16
2,74E+00;4,25E+10;3,53E+10;;7,21E+09;2,35E+16
2,74E+00;4,25E+10;3,56E+10;;6,90E+09;2,37E+16
2,75E+00;4,30E+10;3,56E+10;;7,40E+09;2,37E+16
2,75E+00;4,35E+10;3,56E+10;;7,90E+09;2,37E+16
2,76E+00;4,20E+10;3,59E+10;;6,09E+09;2,39E+16
2,76E+00;4,35E+10;3,59E+10;;7,59E+09;2,39E+16
2,77E+00;4,30E+10;3,56E+10;;7,40E+09;2,37E+16
2,77E+00;4,30E+10;3,59E+10;;7,09E+09;2,39E+16
2,78E+00;4,35E+10;3,59E+10;;7,59E+09;2,39E+16
2,78E+00;4,30E+10;3,59E+10;;7,09E+09;2,39E+16
2,79E+00;4,30E+10;3,62E+10;;6,78E+09;2,41E+16
2,79E+00;4,35E+10;3,59E+10;;7,59E+09;2,39E+16
2,80E+00;4,30E+10;3,59E+10;;7,09E+09;2,39E+16
2,80E+00;4,30E+10;3,59E+10;;7,09E+09;2,39E+16
2,81E+00;4,30E+10;3,62E+10;;6,78E+09;2,41E+16
2,81E+00;4,30E+10;3,62E+10;;6,78E+09;2,41E+16
2,82E+00;4,30E+10;3,62E+10;;6,78E+09;2,41E+16
2,82E+00;4,35E+10;3,62E+10;;7,28E+09;2,41E+16
2,83E+00;4,30E+10;3,62E+10;;6,78E+09;2,41E+16
2,83E+00;4,35E+10;3,62E+10;;7,28E+09;2,41E+16
2,84E+00;4,40E+10;3,66E+10;;7,46E+09;2,44E+16
2,84E+00;4,35E+10;3,66E+10;;6,96E+09;2,44E+16
2,85E+00;4,40E+10;3,66E+10;;7,46E+09;2,44E+16
2,85E+00;4,35E+10;3,66E+10;;6,96E+09;2,44E+16
2,86E+00;4,35E+10;3,69E+10;;6,65E+09;2,46E+16
2,86E+00;4,35E+10;3,69E+10;;6,65E+09;2,46E+16
2,87E+00;4,35E+10;3,66E+10;;6,96E+09;2,44E+16
2,87E+00;4,35E+10;3,69E+10;;6,65E+09;2,46E+16
2,88E+00;4,35E+10;3,69E+10;;6,65E+09;2,46E+16
2,88E+00;4,35E+10;3,66E+10;;6,96E+09;2,44E+16
2,89E+00;4,40E+10;3,69E+10;;7,15E+09;2,46E+16
2,89E+00;4,45E+10;3,69E+10;;7,65E+09;2,46E+16
2,90E+00;4,40E+10;3,69E+10;;7,15E+09;2,46E+16
2,90E+00;4,45E+10;3,69E+10;;7,65E+09;2,46E+16
2,91E+00;4,40E+10;3,72E+10;;6,84E+09;2,48E+16
2,91E+00;4,45E+10;3,72E+10;;7,34E+09;2,48E+16
2,92E+00;4,40E+10;3,69E+10;;7,15E+09;2,46E+16
2,92E+00;4,40E+10;3,72E+10;;6,84E+09;2,48E+16
2,93E+00;4,40E+10;3,72E+10;;6,84E+09;2,48E+16
2,93E+00;4,50E+10;3,72E+10;;7,84E+09;2,48E+16
2,94E+00;4,45E+10;3,75E+10;;7,03E+09;2,50E+16
2,94E+00;4,45E+10;3,75E+10;;7,03E+09;2,50E+16
2,95E+00;4,45E+10;3,75E+10;;7,03E+09;2,50E+16
2,95E+00;4,45E+10;3,75E+10;;7,03E+09;2,50E+16
2,96E+00;4,45E+10;3,75E+10;;7,03E+09;2,50E+16
2,96E+00;4,45E+10;3,75E+10;;7,03E+09;2,50E+16
2,97E+00;4,45E+10;3,75E+10;;7,03E+09;2,50E+16
2,97E+00;4,50E+10;3,72E+10;;7,84E+09;2,48E+16
2,98E+00;4,45E+10;3,75E+10;;7,03E+09;2,50E+16
2,98E+00;4,50E+10;3,78E+10;;7,21E+09;2,52E+16
2,99E+00;4,45E+10;3,78E+10;;6,71E+09;2,52E+16
2,99E+00;4,50E+10;3,72E+10;;7,84E+09;2,48E+16
3,00E+00;4,45E+10;3,78E+10;;6,71E+09;2,52E+16
3,00E+00;4,50E+10;3,78E+10;;7,21E+09;2,52E+16
3,01E+00;4,50E+10;3,78E+10;;7,21E+09;2,52E+16
3,01E+00;4,50E+10;3,78E+10;;7,21E+09;2,52E+16
3,02E+00;4,50E+10;3,78E+10;;7,21E+09;2,52E+16
3,02E+00;4,50E+10;3,81E+10;;6,90E+09;2,54E+16
3,03E+00;4,55E+10;3,78E+10;;7,71E+09;2,52E+16
3,03E+00;4,50E+10;3,81E+10;;6,90E+09;2,54E+16
3,04E+00;4,60E+10;3,84E+10;;7,59E+09;2,56E+16
3,04E+00;4,60E+10;3,84E+10;;7,59E+09;2,56E+16
3,05E+00;4,60E+10;3,84E+10;;7,59E+09;2,56E+16
3,05E+00;4,55E+10;3,81E+10;;7,40E+09;2,54E+16
3,06E+00;4,60E+10;3,87E+10;;7,28E+09;2,58E+16
3,06E+00;4,55E+10;3,84E+10;;7,09E+09;2,56E+16
3,07E+00;4,55E+10;3,84E+10;;7,09E+09;2,56E+16
3,07E+00;4,55E+10;3,84E+10;;7,09E+09;2,56E+16
3,08E+00;4,60E+10;3,87E+10;;7,28E+09;2,58E+16
3,08E+00;4,60E+10;3,87E+10;;7,28E+09;2,58E+16
3,09E+00;4,60E+10;3,84E+10;;7,59E+09;2,56E+16
3,09E+00;4,55E+10;3,84E+10;;7,09E+09;2,56E+16
3,10E+00;4,55E+10;3,87E+10;;6,78E+09;2,58E+16
3,10E+00;4,60E+10;3,87E+10;;7,28E+09;2,58E+16
3,11E+00;4,60E+10;3,91E+10;;6,96E+09;2,61E+16
3,11E+00;4,60E+10;3,87E+10;;7,28E+09;2,58E+16
3,12E+00;4,60E+10;3,87E+10;;7,28E+09;2,58E+16
3,12E+00;4,60E+10;3,91E+10;;6,96E+09;2,61E+16
3,13E+00;4,60E+10;3,87E+10;;7,28E+09;2,58E+16
3,13E+00;4,60E+10;3,87E+10;;7,28E+09;2,58E+16
3,14E+00;4,60E+10;3,87E+10;;7,28E+09;2,58E+16
3,14E+00;4,60E+10;3,87E+10;;7,28E+09;2,58E+16
3,15E+00;4,60E+10;3,87E+10;;7,28E+09;2,58E+16
3,15E+00;4,65E+10;3,87E+10;;7,78E+09;2,58E+16
3,16E+00;4,55E+10;3,84E+10;;7,09E+09;2,56E+16
3,16E+00;4,60E+10;3,84E+10;;7,59E+09;2,56E+16
3,17E+00;4,55E+10;3,84E+10;;7,09E+09;2,56E+16
3,17E+00;4,55E+10;3,84E+10;;7,09E+09;2,56E+16
3,18E+00;4,60E+10;3,87E+10;;7,28E+09;2,58E+16
3,18E+00;4,55E+10;3,84E+10;;7,09E+09;2,56E+16
3,19E+00;4,55E+10;3,84E+10;;7,09E+09;2,56E+16
3,19E+00;4,55E+10;3,81E+10;;7,40E+09;2,54E+16
3,20E+00;4,60E+10;3,87E+10;;7,28E+09;2,58E+16
3,20E+00;4,55E+10;3,81E+10;;7,40E+09;2,54E+16
3,21E+00;4,55E+10;3,81E+10;;7,40E+09;2,54E+16
3,21E+00;4,55E+10;3,81E+10;;7,40E+09;2,54E+16
3,22E+00;4,60E+10;3,84E+10;;7,59E+09;2,56E+16
3,22E+00;4,50E+10;3,81E+10;;6,90E+09;2,54E+16
3,23E+00;4,50E+10;3,78E+10;;7,21E+09;2,52E+16
3,23E+00;4,50E+10;3,78E+10;;7,21E+09;2,52E+16
3,24E+00;4,55E+10;3,78E+10;;7,71E+09;2,52E+16
3,24E+00;4,50E+10;3,78E+10;;7,21E+09;2,52E+16
3,25E+00;4,50E+10;3,78E+10;;7,21E+09;2,52E+16
3,25E+00;4,45E+10;3,78E+10;;6,71E+09;2,52E+16
3,26E+00;4,50E+10;3,78E+10;;7,21E+09;2,52E+16
3,26E+00;4,45E+10;3,75E+10;;7,03E+09;2,50E+16
3,27E+00;4,45E+10;3,78E+10;;6,71E+09;2,52E+16
3,27E+00;4,45E+10;3,75E+10;;7,03E+09;2,50E+16
3,28E+00;4,45E+10;3,75E+10;;7,03E+09;2,50E+16
3,28E+00;4,45E+10;3,75E+10;;7,03E+09;2,50E+16
3,29E+00;4,45E+10;3,75E+10;;7,03E+09;2,50E+16
3,29E+00;4,45E+10;3,75E+10;;7,03E+09;2,50E+16
3,30E+00;4,50E+10;3,72E+10;;7,84E+09;2,48E+16
3,30E+00;4,45E+10;3,75E+10;;7,03E+09;2,50E+16
3,31E+00;4,45E+10;3,75E+10;;7,03E+09;2,50E+16
3,31E+00;4,45E+10;3,72E+10;;7,34E+09;2,48E+16
3,32E+00;4,45E+10;3,72E+10;;7,34E+09;2,48E+16
3,32E+00;4,40E+10;3,72E+10;;6,84E+09;2,48E+16
3,33E+00;4,45E+10;3,72E+10;;7,34E+09;2,48E+16
3,33E+00;4,40E+10;3,72E+10;;6,84E+09;2,48E+16
3,34E+00;4,40E+10;3,69E+10;;7,15E+09;2,46E+16
3,34E+00;4,40E+10;3,69E+10;;7,15E+09;2,46E+16
3,35E+00;4,45E+10;3,72E+10;;7,34E+09;2,48E+16
3,35E+00;4,40E+10;3,69E+10;;7,15E+09;2,46E+16
3,36E+00;4,40E+10;3,69E+10;;7,15E+09;2,46E+16
3,36E+00;4,45E+10;3,69E+10;;7,65E+09;2,46E+16
3,37E+00;4,35E+10;3,69E+10;;6,65E+09;2,46E+16
3,37E+00;4,40E+10;3,69E+10;;7,15E+09;2,46E+16
3,38E+00;4,40E+10;3,69E+10;;7,15E+09;2,46E+16
3,38E+00;4,35E+10;3,66E+10;;6,96E+09;2,44E+16
3,39E+00;4,35E+10;3,66E+10;;6,96E+09;2,44E+16
3,39E+00;4,35E+10;3,66E+10;;6,96E+09;2,44E+16
3,40E+00;4,35E+10;3,66E+10;;6,96E+09;2,44E+16
3,40E+00;4,35E+10;3,66E+10;;6,96E+09;2,44E+16
3,41E+00;4,35E+10;3,62E+10;;7,28E+09;2,41E+16
3,41E+00;4,35E+10;3,62E+10;;7,28E+09;2,41E+16
3,42E+00;4,40E+10;3,66E+10;;7,46E+09;2,44E+16
3,42E+00;4,35E+10;3,62E+10;;7,28E+09;2,41E+16
3,43E+00;4,40E+10;3,62E+10;;7,78E+09;2,41E+16
3,43E+00;4,30E+10;3,59E+10;;7,09E+09;2,39E+16
3,44E+00;4,30E+10;3,62E+10;;6,78E+09;2,41E+16
3,44E+00;4,30E+10;3,62E+10;;6,78E+09;2,41E+16
3,45E+00;4,30E+10;3,62E+10;;6,78E+09;2,41E+16
3,45E+00;4,30E+10;3,59E+10;;7,09E+09;2,39E+16
3,46E+00;4,30E+10;3,62E+10;;6,78E+09;2,41E+16
3,46E+00;4,30E+10;3,59E+10;;7,09E+09;2,39E+16
3,47E+00;4,30E+10;3,59E+10;;7,09E+09;2,39E+16
3,47E+00;4,30E+10;3,59E+10;;7,09E+09;2,39E+16
3,48E+00;4,25E+10;3,59E+10;;6,59E+09;2,39E+16
3,48E+00;4,25E+10;3,59E+10;;6,59E+09;2,39E+16
3,49E+00;4,30E+10;3,59E+10;;7,09E+09;2,39E+16
3,49E+00;4,25E+10;3,56E+10;;6,90E+09;2,37E+16
3,50E+00;4,30E+10;3,56E+10;;7,40E+09;2,37E+16
3,50E+00;4,20E+10;3,56E+10;;6,40E+09;2,37E+16
3,51E+00;4,25E+10;3,56E+10;;6,90E+09;2,37E+16
3,51E+00;4,25E+10;3,56E+10;;6,90E+09;2,37E+16
3,52E+00;4,20E+10;3,56E+10;;6,40E+09;2,37E+16
3,52E+00;4,25E+10;3,56E+10;;6,90E+09;2,37E+16
3,53E+00;4,25E+10;3,53E+10;;7,21E+09;2,35E+16
3,53E+00;4,20E+10;3,56E+10;;6,40E+09;2,37E+16
3,54E+00;4,25E+10;3,53E+10;;7,21E+09;2,35E+16
3,54E+00;4,25E+10;3,53E+10;;7,21E+09;2,35E+16
3,55E+00;4,25E+10;3,53E+10;;7,21E+09;2,35E+16
3,55E+00;4,25E+10;3,53E+10;;7,21E+09;2,35E+16
3,56E+00;4,20E+10;3,53E+10;;6,71E+09;2,35E+16
3,56E+00;4,25E+10;3,50E+10;;7,53E+09;2,33E+16
3,57E+00;4,20E+10;3,53E+10;;6,71E+09;2,35E+16
3,57E+00;4,25E+10;3,50E+10;;7,53E+09;2,33E+16
3,58E+00;4,20E+10;3,50E+10;;7,03E+09;2,33E+16
3,58E+00;4,20E+10;3,50E+10;;7,03E+09;2,33E+16
3,59E+00;4,20E+10;3,50E+10;;7,03E+09;2,33E+16
3,59E+00;4,20E+10;3,44E+10;;7,65E+09;2,29E+16
3,60E+00;4,20E+10;3,47E+10;;7,34E+09;2,31E+16
3,60E+00;4,20E+10;3,44E+10;;7,65E+09;2,29E+16
3,61E+00;4,20E+10;3,47E+10;;7,34E+09;2,31E+16
3,61E+00;4,20E+10;3,44E+10;;7,65E+09;2,29E+16
3,62E+00;4,15E+10;3,47E+10;;6,84E+09;2,31E+16
3,62E+00;4,20E+10;3,47E+10;;7,34E+09;2,31E+16
3,63E+00;4,20E+10;3,47E+10;;7,34E+09;2,31E+16
3,63E+00;4,15E+10;3,47E+10;;6,84E+09;2,31E+16
3,64E+00;4,15E+10;3,44E+10;;7,15E+09;2,29E+16
3,64E+00;4,15E+10;3,47E+10;;6,84E+09;2,31E+16
3,65E+00;4,15E+10;3,47E+10;;6,84E+09;2,31E+16
3,65E+00;4,10E+10;3,41E+10;;6,96E+09;2,27E+16
3,66E+00;4,15E+10;3,41E+10;;7,46E+09;2,27E+16
3,66E+00;4,10E+10;3,44E+10;;6,65E+09;2,29E+16
3,67E+00;4,15E+10;3,41E+10;;7,46E+09;2,27E+16
3,67E+00;4,10E+10;3,41E+10;;6,96E+09;2,27E+16
3,68E+00;4,10E+10;3,44E+10;;6,65E+09;2,29E+16
3,68E+00;4,10E+10;3,41E+10;;6,96E+09;2,27E+16
3,69E+00;4,05E+10;3,41E+10;;6,46E+09;2,27E+16
3,69E+00;4,10E+10;3,41E+10;;6,96E+09;2,27E+16
3,70E+00;4,10E+10;3,37E+10;;7,28E+09;2,25E+16
3,70E+00;4,10E+10;3,37E+10;;7,28E+09;2,25E+16
3,71E+00;4,10E+10;3,37E+10;;7,28E+09;2,25E+16
3,71E+00;4,10E+10;3,37E+10;;7,28E+09;2,25E+16
3,72E+00;4,10E+10;3,37E+10;;7,28E+09;2,25E+16
3,72E+00;4,05E+10;3,37E+10;;6,78E+09;2,25E+16
3,73E+00;4,10E+10;3,41E+10;;6,96E+09;2,27E+16
3,73E+00;4,10E+10;3,37E+10;;7,28E+09;2,25E+16
3,74E+00;4,05E+10;3,37E+10;;6,78E+09;2,25E+16
3,74E+00;4,10E+10;3,34E+10;;7,59E+09;2,23E+16
3,75E+00;4,10E+10;3,34E+10;;7,59E+09;2,23E+16
3,75E+00;4,10E+10;3,34E+10;;7,59E+09;2,23E+16
3,76E+00;4,00E+10;3,34E+10;;6,59E+09;2,23E+16
3,76E+00;4,05E+10;3,31E+10;;7,40E+09;2,21E+16
3,77E+00;4,05E+10;3,31E+10;;7,40E+09;2,21E+16
3,77E+00;4,05E+10;3,31E+10;;7,40E+09;2,21E+16
3,78E+00;4,05E+10;3,31E+10;;7,40E+09;2,21E+16
3,78E+00;4,05E+10;3,31E+10;;7,40E+09;2,21E+16
3,79E+00;4,05E+10;3,31E+10;;7,40E+09;2,21E+16
3,79E+00;4,00E+10;3,31E+10;;6,90E+09;2,21E+16
3,80E+00;4,05E+10;3,31E+10;;7,40E+09;2,21E+16
3,80E+00;4,05E+10;3,25E+10;;8,03E+09;2,17E+16
3,81E+00;4,05E+10;3,25E+10;;8,03E+09;2,17E+16
3,81E+00;4,00E+10;3,28E+10;;7,21E+09;2,19E+16
3,82E+00;4,05E+10;3,25E+10;;8,03E+09;2,17E+16
3,82E+00;4,00E+10;3,28E+10;;7,21E+09;2,19E+16
3,83E+00;4,00E+10;3,28E+10;;7,21E+09;2,19E+16
3,83E+00;4,05E+10;3,28E+10;;7,71E+09;2,19E+16
3,84E+00;4,05E+10;3,28E+10;;7,71E+09;2,19E+16
3,84E+00;3,95E+10;3,28E+10;;6,71E+09;2,19E+16
3,85E+00;3,95E+10;3,28E+10;;6,71E+09;2,19E+16
3,85E+00;4,00E+10;3,28E+10;;7,21E+09;2,19E+16
3,86E+00;4,00E+10;3,28E+10;;7,21E+09;2,19E+16
3,86E+00;4,00E+10;3,25E+10;;7,53E+09;2,17E+16
3,87E+00;4,00E+10;3,25E+10;;7,53E+09;2,17E+16
3,87E+00;3,90E+10;3,25E+10;;6,53E+09;2,17E+16
3,88E+00;4,00E+10;3,25E+10;;7,53E+09;2,17E+16
3,88E+00;3,95E+10;3,25E+10;;7,03E+09;2,17E+16
3,89E+00;4,00E+10;3,22E+10;;7,84E+09;2,15E+16
3,89E+00;3,95E+10;3,22E+10;;7,34E+09;2,15E+16
3,90E+00;3,95E+10;3,19E+10;;7,65E+09;2,13E+16
3,90E+00;3,90E+10;3,22E+10;;6,84E+09;2,15E+16
3,91E+00;3,95E+10;3,19E+10;;7,65E+09;2,13E+16
3,91E+00;3,90E+10;3,19E+10;;7,15E+09;2,13E+16
3,92E+00;3,90E+10;3,19E+10;;7,15E+09;2,13E+16
3,92E+00;3,95E+10;3,19E+10;;7,65E+09;2,13E+16
3,93E+00;3,90E+10;3,19E+10;;7,15E+09;2,13E+16
3,93E+00;3,90E+10;3,19E+10;;7,15E+09;2,13E+16
3,94E+00;3,90E+10;3,19E+10;;7,15E+09;2,13E+16
3,94E+00;3,95E+10;3,22E+10;;7,34E+09;2,15E+16
3,95E+00;3,90E+10;3,19E+10;;7,15E+09;2,13E+16
3,95E+00;3,90E+10;3,16E+10;;7,46E+09;2,11E+16
3,96E+00;3,90E+10;3,16E+10;;7,46E+09;2,11E+16
3,96E+00;3,85E+10;3,16E+10;;6,96E+09;2,11E+16
3,97E+00;3,85E+10;3,12E+10;;7,28E+09;2,08E+16
3,97E+00;3,90E+10;3,16E+10;;7,46E+09;2,11E+16
3,98E+00;3,90E+10;3,16E+10;;7,46E+09;2,11E+16
3,98E+00;3,90E+10;3,16E+10;;7,46E+09;2,11E+16
3,99E+00;3,85E+10;3,12E+10;;7,28E+09;2,08E+16
3,99E+00;3,85E+10;3,16E+10;;6,96E+09;2,11E+16
4,00E+00;3,90E+10;3,12E+10;;7,78E+09;2,08E+16
4,00E+00;3,85E+10;3,12E+10;;7,28E+09;2,08E+16
4,01E+00;3,85E+10;3,12E+10;;7,28E+09;2,08E+16
4,01E+00;3,85E+10;3,12E+10;;7,28E+09;2,08E+16
4,02E+00;3,85E+10;3,12E+10;;7,28E+09;2,08E+16
4,02E+00;3,80E+10;3,12E+10;;6,78E+09;2,08E+16
4,03E+00;3,80E+10;3,09E+10;;7,09E+09;2,06E+16
4,03E+00;3,80E+10;3,12E+10;;6,78E+09;2,08E+16
4,04E+00;3,80E+10;3,12E+10;;6,78E+09;2,08E+16
4,04E+00;3,80E+10;3,09E+10;;7,09E+09;2,06E+16
4,05E+00;3,85E+10;3,09E+10;;7,59E+09;2,06E+16
4,05E+00;3,75E+10;3,09E+10;;6,59E+09;2,06E+16
4,06E+00;3,75E+10;3,09E+10;;6,59E+09;2,06E+16
4,06E+00;3,75E+10;3,06E+10;;6,90E+09;2,04E+16
4,07E+00;3,75E+10;3,06E+10;;6,90E+09;2,04E+16
4,07E+00;3,75E+10;3,06E+10;;6,90E+09;2,04E+16
4,08E+00;3,80E+10;3,06E+10;;7,40E+09;2,04E+16
4,08E+00;3,80E+10;3,06E+10;;7,40E+09;2,04E+16
4,09E+00;3,80E+10;3,03E+10;;7,71E+09;2,02E+16
4,09E+00;3,80E+10;3,03E+10;;7,71E+09;2,02E+16
4,10E+00;3,75E+10;3,03E+10;;7,21E+09;2,02E+16
4,10E+00;3,80E+10;3,03E+10;;7,71E+09;2,02E+16
4,11E+00;3,70E+10;3,03E+10;;6,71E+09;2,02E+16
4,11E+00;3,75E+10;3,03E+10;;7,21E+09;2,02E+16
4,12E+00;3,75E+10;3,06E+10;;6,90E+09;2,04E+16
4,12E+00;3,75E+10;3,03E+10;;7,21E+09;2,02E+16
4,13E+00;3,75E+10;3,00E+10;;7,53E+09;2,00E+16
4,13E+00;3,75E+10;3,00E+10;;7,53E+09;2,00E+16
4,14E+00;3,75E+10;3,00E+10;;7,53E+09;2,00E+16
4,14E+00;3,70E+10;3,00E+10;;7,03E+09;2,00E+16
4,15E+00;3,65E+10;3,00E+10;;6,53E+09;2,00E+16
4,15E+00;3,70E+10;3,00E+10;;7,03E+09;2,00E+16
4,16E+00;3,70E+10;3,00E+10;;7,03E+09;2,00E+16
4,16E+00;3,70E+10;2,97E+10;;7,34E+09;1,98E+16
4,17E+00;3,70E+10;2,97E+10;;7,34E+09;1,98E+16
4,17E+00;3,70E+10;2,97E+10;;7,34E+09;1,98E+16
4,18E+00;3,70E+10;2,97E+10;;7,34E+09;1,98E+16
4,18E+00;3,70E+10;2,97E+10;;7,34E+09;1,98E+16
4,19E+00;3,65E+10;2,97E+10;;6,84E+09;1,98E+16
4,19E+00;3,70E+10;2,94E+10;;7,65E+09;1,96E+16
4,20E+00;3,70E+10;2,94E+10;;7,65E+09;1,96E+16
4,20E+00;3,70E+10;2,94E+10;;7,65E+09;1,96E+16
4,21E+00;3,65E+10;2,94E+10;;7,15E+09;1,96E+16
4,21E+00;3,70E+10;2,94E+10;;7,65E+09;1,96E+16
4,22E+00;3,65E+10;2,94E+10;;7,15E+09;1,96E+16
4,22E+00;3,70E+10;2,91E+10;;7,96E+09;1,94E+16
4,23E+00;3,65E+10;2,94E+10;;7,15E+09;1,96E+16
4,23E+00;3,65E+10;2,91E+10;;7,46E+09;1,94E+16
4,24E+00;3,65E+10;2,91E+10;;7,46E+09;1,94E+16
4,24E+00;3,65E+10;2,91E+10;;7,46E+09;1,94E+16
4,25E+00;3,65E+10;2,91E+10;;7,46E+09;1,94E+16
4,25E+00;3,65E+10;2,91E+10;;7,46E+09;1,94E+16
4,26E+00;3,65E+10;2,91E+10;;7,46E+09;1,94E+16
4,26E+00;3,60E+10;2,87E+10;;7,28E+09;1,91E+16
4,27E+00;3,60E+10;2,91E+10;;6,96E+09;1,94E+16
4,27E+00;3,60E+10;2,87E+10;;7,28E+09;1,91E+16
4,28E+00;3,60E+10;2,91E+10;;6,96E+09;1,94E+16
4,28E+00;3,60E+10;2,91E+10;;6,96E+09;1,94E+16
4,29E+00;3,60E+10;2,87E+10;;7,28E+09;1,91E+16
4,29E+00;3,60E+10;2,87E+10;;7,28E+09;1,91E+16
4,30E+00;3,60E+10;2,87E+10;;7,28E+09;1,91E+16
4,30E+00;3,55E+10;2,87E+10;;6,78E+09;1,91E+16
4,31E+00;3,60E+10;2,84E+10;;7,59E+09;1,89E+16
4,31E+00;3,55E+10;2,84E+10;;7,09E+09;1,89E+16
4,32E+00;3,60E+10;2,84E+10;;7,59E+09;1,89E+16
4,32E+00;3,55E+10;2,84E+10;;7,09E+09;1,89E+16
4,33E+00;3,55E+10;2,84E+10;;7,09E+09;1,89E+16
4,33E+00;3,55E+10;2,84E+10;;7,09E+09;1,89E+16
4,34E+00;3,55E+10;2,84E+10;;7,09E+09;1,89E+16
4,34E+00;3,55E+10;2,81E+10;;7,40E+09;1,87E+16
4,35E+00;3,55E+10;2,84E+10;;7,09E+09;1,89E+16
4,35E+00;3,50E+10;2,81E+10;;6,90E+09;1,87E+16
4,36E+00;3,55E+10;2,84E+10;;7,09E+09;1,89E+16
4,36E+00;3,50E+10;2,81E+10;;6,90E+09;1,87E+16
4,37E+00;3,50E+10;2,81E+10;;6,90E+09;1,87E+16
4,37E+00;3,50E+10;2,81E+10;;6,90E+09;1,87E+16
4,38E+00;3,50E+10;2,78E+10;;7,21E+09;1,85E+16
4,38E+00;3,50E+10;2,81E+10;;6,90E+09;1,87E+16
4,39E+00;3,50E+10;2,81E+10;;6,90E+09;1,87E+16
4,39E+00;3,50E+10;2,78E+10;;7,21E+09;1,85E+16
4,40E+00;3,50E+10;2,78E+10;;7,21E+09;1,85E+16
4,40E+00;3,55E+10;2,81E+10;;7,40E+09;1,87E+16
4,41E+00;3,50E+10;2,75E+10;;7,53E+09;1,83E+16
4,41E+00;3,50E+10;2,75E+10;;7,53E+09;1,83E+16
4,42E+00;3,50E+10;2,78E+10;;7,21E+09;1,85E+16
4,42E+00;3,50E+10;2,75E+10;;7,53E+09;1,83E+16
4,43E+00;3,45E+10;2,75E+10;;7,03E+09;1,83E+16
4,43E+00;3,45E+10;2,75E+10;;7,03E+09;1,83E+16
4,44E+00;3,45E+10;2,75E+10;;7,03E+09;1,83E+16
4,44E+00;3,45E+10;2,75E+10;;7,03E+09;1,83E+16
4,45E+00;3,45E+10;2,75E+10;;7,03E+09;1,83E+16
4,45E+00;3,45E+10;2,72E+10;;7,34E+09;1,81E+16
4,46E+00;3,45E+10;2,72E+10;;7,34E+09;1,81E+16
4,46E+00;3,40E+10;2,75E+10;;6,53E+09;1,83E+16
4,47E+00;3,40E+10;2,72E+10;;6,84E+09;1,81E+16
4,47E+00;3,40E+10;2,75E+10;;6,53E+09;1,83E+16
4,48E+00;3,40E+10;2,72E+10;;6,84E+09;1,81E+16
4,48E+00;3,40E+10;2,69E+10;;7,15E+09;1,79E+16
4,49E+00;3,45E+10;2,72E+10;;7,34E+09;1,81E+16
4,49E+00;3,40E+10;2,72E+10;;6,84E+09;1,81E+16
4,50E+00;3,45E+10;2,69E+10;;7,65E+09;1,79E+16
4,50E+00;3,40E+10;2,69E+10;;7,15E+09;1,79E+16
4,51E+00;3,40E+10;2,66E+10;;7,46E+09;1,77E+16
4,51E+00;3,45E+10;2,69E+10;;7,65E+09;1,79E+16
4,52E+00;3,35E+10;2,69E+10;;6,65E+09;1,79E+16
4,52E+00;3,45E+10;2,69E+10;;7,65E+09;1,79E+16
4,53E+00;3,35E+10;2,69E+10;;6,65E+09;1,79E+16
4,53E+00;3,35E+10;2,69E+10;;6,65E+09;1,79E+16
4,54E+00;3,40E+10;2,66E+10;;7,46E+09;1,77E+16
4,54E+00;3,35E+10;2,69E+10;;6,65E+09;1,79E+16
4,55E+00;3,35E+10;2,66E+10;;6,96E+09;1,77E+16
4,55E+00;3,35E+10;2,62E+10;;7,28E+09;1,75E+16
4,56E+00;3,35E+10;2,66E+10;;6,96E+09;1,77E+16
4,56E+00;3,35E+10;2,66E+10;;6,96E+09;1,77E+16
4,57E+00;3,35E+10;2,62E+10;;7,28E+09;1,75E+16
4,57E+00;3,35E+10;2,66E+10;;6,96E+09;1,77E+16
4,58E+00;3,35E+10;2,62E+10;;7,28E+09;1,75E+16
4,58E+00;3,30E+10;2,62E+10;;6,78E+09;1,75E+16
4,59E+00;3,35E+10;2,62E+10;;7,28E+09;1,75E+16
4,59E+00;3,40E+10;2,62E+10;;7,78E+09;1,75E+16
4,60E+00;3,30E+10;2,62E+10;;6,78E+09;1,75E+16
4,60E+00;3,30E+10;2,59E+10;;7,09E+09;1,73E+16
4,61E+00;3,35E+10;2,59E+10;;7,59E+09;1,73E+16
4,61E+00;3,30E+10;2,59E+10;;7,09E+09;1,73E+16
4,62E+00;3,30E+10;2,59E+10;;7,09E+09;1,73E+16
4,62E+00;3,30E+10;2,59E+10;;7,09E+09;1,73E+16
4,63E+00;3,25E+10;2,59E+10;;6,59E+09;1,73E+16
4,63E+00;3,30E+10;2,59E+10;;7,09E+09;1,73E+16
4,64E+00;3,30E+10;2,59E+10;;7,09E+09;1,73E+16
4,64E+00;3,30E+10;2,59E+10;;7,09E+09;1,73E+16
4,65E+00;3,25E+10;2,56E+10;;6,90E+09;1,71E+16
4,65E+00;3,25E+10;2,56E+10;;6,90E+09;1,71E+16
4,66E+00;3,30E+10;2,56E+10;;7,40E+09;1,71E+16
4,66E+00;3,25E+10;2,56E+10;;6,90E+09;1,71E+16
4,67E+00;3,25E+10;2,53E+10;;7,21E+09;1,69E+16
4,67E+00;3,25E+10;2,56E+10;;6,90E+09;1,71E+16
4,68E+00;3,25E+10;2,53E+10;;7,21E+09;1,69E+16
4,68E+00;3,25E+10;2,53E+10;;7,21E+09;1,69E+16
4,69E+00;3,30E+10;2,53E+10;;7,71E+09;1,69E+16
4,69E+00;3,30E+10;2,53E+10;;7,71E+09;1,69E+16
4,70E+00;3,25E+10;2,56E+10;;6,90E+09;1,71E+16
4,70E+00;3,25E+10;2,50E+10;;7,53E+09;1,67E+16
4,71E+00;3,25E+10;2,50E+10;;7,53E+09;1,67E+16
4,71E+00;3,20E+10;2,50E+10;;7,03E+09;1,67E+16
4,72E+00;3,20E+10;2,50E+10;;7,03E+09;1,67E+16
4,72E+00;3,20E+10;2,50E+10;;7,03E+09;1,67E+16
4,73E+00;3,25E+10;2,50E+10;;7,53E+09;1,67E+16
4,73E+00;3,20E+10;2,50E+10;;7,03E+09;1,67E+16
4,74E+00;3,20E+10;2,50E+10;;7,03E+09;1,67E+16
4,74E+00;3,20E+10;2,47E+10;;7,34E+09;1,65E+16
4,75E+00;3,15E+10;2,47E+10;;6,84E+09;1,65E+16
4,75E+00;3,20E+10;2,47E+10;;7,34E+09;1,65E+16
4,76E+00;3,15E+10;2,47E+10;;6,84E+09;1,65E+16
4,76E+00;3,15E+10;2,47E+10;;6,84E+09;1,65E+16
4,77E+00;3,15E+10;2,47E+10;;6,84E+09;1,65E+16
4,77E+00;3,15E+10;2,47E+10;;6,84E+09;1,65E+16
4,78E+00;3,15E+10;2,47E+10;;6,84E+09;1,65E+16
4,78E+00;3,20E+10;2,44E+10;;7,65E+09;1,63E+16
4,79E+00;3,15E+10;2,44E+10;;7,15E+09;1,63E+16
4,79E+00;3,15E+10;2,44E+10;;7,15E+09;1,63E+16
4,80E+00;3,15E+10;2,44E+10;;7,15E+09;1,63E+16
4,80E+00;3,10E+10;2,44E+10;;6,65E+09;1,63E+16
4,81E+00;3,10E+10;2,44E+10;;6,65E+09;1,63E+16
4,81E+00;3,15E+10;2,44E+10;;7,15E+09;1,63E+16
4,82E+00;3,10E+10;2,41E+10;;6,96E+09;1,61E+16
4,82E+00;3,10E+10;2,41E+10;;6,96E+09;1,61E+16
4,83E+00;3,05E+10;2,41E+10;;6,46E+09;1,61E+16
4,83E+00;3,10E+10;2,41E+10;;6,96E+09;1,61E+16
4,84E+00;3,05E+10;2,41E+10;;6,46E+09;1,61E+16
4,84E+00;3,15E+10;2,41E+10;;7,46E+09;1,61E+16
4,85E+00;3,10E+10;2,41E+10;;6,96E+09;1,61E+16
4,85E+00;3,05E+10;2,37E+10;;6,78E+09;1,58E+16
4,86E+00;3,05E+10;2,37E+10;;6,78E+09;1,58E+16
4,86E+00;3,05E+10;2,37E+10;;6,78E+09;1,58E+16
4,87E+00;3,05E+10;2,37E+10;;6,78E+09;1,58E+16
4,87E+00;3,05E+10;2,37E+10;;6,78E+09;1,58E+16
4,88E+00;3,10E+10;2,41E+10;;6,96E+09;1,61E+16
4,88E+00;3,05E+10;2,34E+10;;7,09E+09;1,56E+16
4,89E+00;3,05E+10;2,34E+10;;7,09E+09;1,56E+16
4,89E+00;3,10E+10;2,34E+10;;7,59E+09;1,56E+16
4,90E+00;3,05E+10;2,31E+10;;7,40E+09;1,54E+16
4,90E+00;3,05E+10;2,31E+10;;7,40E+09;1,54E+16
4,91E+00;3,05E+10;2,34E+10;;7,09E+09;1,56E+16
4,91E+00;3,00E+10;2,34E+10;;6,59E+09;1,56E+16
4,92E+00;3,00E+10;2,31E+10;;6,90E+09;1,54E+16
4,92E+00;3,00E+10;2,31E+10;;6,90E+09;1,54E+16
4,93E+00;3,00E+10;2,31E+10;;6,90E+09;1,54E+16
4,93E+00;3,00E+10;2,31E+10;;6,90E+09;1,54E+16
4,94E+00;3,05E+10;2,34E+10;;7,09E+09;1,56E+16
4,94E+00;3,00E+10;2,31E+10;;6,90E+09;1,54E+16
4,95E+00;3,05E+10;2,34E+10;;7,09E+09;1,56E+16
4,95E+00;3,00E+10;2,25E+10;;7,53E+09;1,50E+16
4,96E+00;3,00E+10;2,31E+10;;6,90E+09;1,54E+16
4,96E+00;3,05E+10;2,28E+10;;7,71E+09;1,52E+16
4,97E+00;3,00E+10;2,25E+10;;7,53E+09;1,50E+16
4,97E+00;2,95E+10;2,28E+10;;6,71E+09;1,52E+16
4,98E+00;2,95E+10;2,28E+10;;6,71E+09;1,52E+16
4,98E+00;3,00E+10;2,28E+10;;7,21E+09;1,52E+16
4,99E+00;2,95E+10;2,28E+10;;6,71E+09;1,52E+16
4,99E+00;2,95E+10;2,28E+10;;6,71E+09;1,52E+16
5,00E+00;2,95E+10;2,25E+10;;7,03E+09;1,50E+16
