x-axis;1;2;;Tercer diodo;
second;Volt;Volt;;Vd;Id
-5,00E+00;4,00E+10;1,84E+10;;2,16E+10;8,85E+14
-5,00E+00;4,00E+10;1,87E+10;;2,13E+10;8,99E+14
-4,99E+00;4,00E+10;1,87E+10;;2,13E+10;8,99E+14
-4,99E+00;3,95E+10;1,87E+10;;2,08E+10;8,99E+14
-4,98E+00;4,00E+10;1,84E+10;;2,16E+10;8,85E+14
-4,98E+00;4,05E+10;1,87E+10;;2,18E+10;8,99E+14
-4,97E+00;4,05E+10;1,87E+10;;2,18E+10;8,99E+14
-4,97E+00;4,00E+10;1,87E+10;;2,13E+10;8,99E+14
-4,96E+00;4,00E+10;1,91E+10;;2,10E+10;9,18E+14
-4,96E+00;4,05E+10;1,91E+10;;2,15E+10;9,18E+14
-4,95E+00;4,05E+10;1,91E+10;;2,15E+10;9,18E+14
-4,95E+00;4,05E+10;1,87E+10;;2,18E+10;8,99E+14
-4,94E+00;4,05E+10;1,91E+10;;2,15E+10;9,18E+14
-4,94E+00;4,00E+10;1,91E+10;;2,10E+10;9,18E+14
-4,93E+00;4,05E+10;1,91E+10;;2,15E+10;9,18E+14
-4,93E+00;4,05E+10;1,91E+10;;2,15E+10;9,18E+14
-4,92E+00;4,00E+10;1,91E+10;;2,10E+10;9,18E+14
-4,92E+00;4,05E+10;1,91E+10;;2,15E+10;9,18E+14
-4,91E+00;4,05E+10;1,91E+10;;2,15E+10;9,18E+14
-4,91E+00;4,00E+10;1,94E+10;;2,07E+10;9,33E+14
-4,90E+00;4,10E+10;1,94E+10;;2,17E+10;9,33E+14
-4,90E+00;4,10E+10;1,94E+10;;2,17E+10;9,33E+14
-4,89E+00;4,10E+10;1,94E+10;;2,17E+10;9,33E+14
-4,89E+00;4,10E+10;1,94E+10;;2,17E+10;9,33E+14
-4,88E+00;4,10E+10;1,94E+10;;2,17E+10;9,33E+14
-4,88E+00;4,10E+10;1,97E+10;;2,13E+10;9,47E+14
-4,87E+00;4,10E+10;1,97E+10;;2,13E+10;9,47E+14
-4,87E+00;4,10E+10;1,97E+10;;2,13E+10;9,47E+14
-4,86E+00;4,05E+10;1,97E+10;;2,08E+10;9,47E+14
-4,86E+00;4,10E+10;1,97E+10;;2,13E+10;9,47E+14
-4,85E+00;4,10E+10;1,97E+10;;2,13E+10;9,47E+14
-4,85E+00;4,05E+10;2,00E+10;;2,05E+10;9,62E+14
-4,84E+00;4,10E+10;1,97E+10;;2,13E+10;9,47E+14
-4,84E+00;4,05E+10;1,97E+10;;2,08E+10;9,47E+14
-4,83E+00;4,10E+10;2,00E+10;;2,10E+10;9,62E+14
-4,83E+00;4,05E+10;2,00E+10;;2,05E+10;9,62E+14
-4,82E+00;4,15E+10;2,00E+10;;2,15E+10;9,62E+14
-4,82E+00;4,10E+10;2,00E+10;;2,10E+10;9,62E+14
-4,81E+00;4,15E+10;2,00E+10;;2,15E+10;9,62E+14
-4,81E+00;4,15E+10;2,00E+10;;2,15E+10;9,62E+14
-4,80E+00;4,15E+10;2,00E+10;;2,15E+10;9,62E+14
-4,80E+00;4,15E+10;2,03E+10;;2,12E+10;9,76E+14
-4,79E+00;4,15E+10;2,03E+10;;2,12E+10;9,76E+14
-4,79E+00;4,15E+10;2,03E+10;;2,12E+10;9,76E+14
-4,78E+00;4,15E+10;2,03E+10;;2,12E+10;9,76E+14
-4,78E+00;4,15E+10;2,03E+10;;2,12E+10;9,76E+14
-4,77E+00;4,15E+10;2,03E+10;;2,12E+10;9,76E+14
-4,77E+00;4,20E+10;2,03E+10;;2,17E+10;9,76E+14
-4,76E+00;4,20E+10;2,03E+10;;2,17E+10;9,76E+14
-4,76E+00;4,20E+10;2,06E+10;;2,14E+10;9,90E+14
-4,75E+00;4,20E+10;2,03E+10;;2,17E+10;9,76E+14
-4,75E+00;4,20E+10;2,06E+10;;2,14E+10;9,90E+14
-4,74E+00;4,20E+10;2,06E+10;;2,14E+10;9,90E+14
-4,74E+00;4,25E+10;2,06E+10;;2,19E+10;9,90E+14
-4,73E+00;4,20E+10;2,09E+10;;2,11E+10;1,00E+15
-4,73E+00;4,20E+10;2,06E+10;;2,14E+10;9,90E+14
-4,72E+00;4,25E+10;2,06E+10;;2,19E+10;9,90E+14
-4,72E+00;4,20E+10;2,09E+10;;2,11E+10;1,00E+15
-4,71E+00;4,25E+10;2,09E+10;;2,16E+10;1,00E+15
-4,71E+00;4,25E+10;2,09E+10;;2,16E+10;1,00E+15
-4,70E+00;4,20E+10;2,09E+10;;2,11E+10;1,00E+15
-4,70E+00;4,20E+10;2,09E+10;;2,11E+10;1,00E+15
-4,69E+00;4,25E+10;2,12E+10;;2,13E+10;1,02E+15
-4,69E+00;4,25E+10;2,09E+10;;2,16E+10;1,00E+15
-4,68E+00;4,25E+10;2,12E+10;;2,13E+10;1,02E+15
-4,68E+00;4,25E+10;2,12E+10;;2,13E+10;1,02E+15
-4,67E+00;4,20E+10;2,09E+10;;2,11E+10;1,00E+15
-4,67E+00;4,25E+10;2,12E+10;;2,13E+10;1,02E+15
-4,66E+00;4,20E+10;2,12E+10;;2,08E+10;1,02E+15
-4,66E+00;4,20E+10;2,16E+10;;2,05E+10;1,04E+15
-4,65E+00;4,30E+10;2,16E+10;;2,15E+10;1,04E+15
-4,65E+00;4,20E+10;2,16E+10;;2,05E+10;1,04E+15
-4,64E+00;4,25E+10;2,16E+10;;2,10E+10;1,04E+15
-4,64E+00;4,35E+10;2,12E+10;;2,23E+10;1,02E+15
-4,63E+00;4,30E+10;2,16E+10;;2,15E+10;1,04E+15
-4,63E+00;4,30E+10;2,16E+10;;2,15E+10;1,04E+15
-4,62E+00;4,30E+10;2,19E+10;;2,12E+10;1,05E+15
-4,62E+00;4,30E+10;2,22E+10;;2,08E+10;1,07E+15
-4,61E+00;4,30E+10;2,22E+10;;2,08E+10;1,07E+15
-4,61E+00;4,35E+10;2,19E+10;;2,17E+10;1,05E+15
-4,60E+00;4,30E+10;2,22E+10;;2,08E+10;1,07E+15
-4,60E+00;4,30E+10;2,19E+10;;2,12E+10;1,05E+15
-4,59E+00;4,30E+10;2,16E+10;;2,15E+10;1,04E+15
-4,59E+00;4,30E+10;2,19E+10;;2,12E+10;1,05E+15
-4,58E+00;4,30E+10;2,19E+10;;2,12E+10;1,05E+15
-4,58E+00;4,30E+10;2,22E+10;;2,08E+10;1,07E+15
-4,57E+00;4,35E+10;2,19E+10;;2,17E+10;1,05E+15
-4,57E+00;4,40E+10;2,19E+10;;2,22E+10;1,05E+15
-4,56E+00;4,35E+10;2,22E+10;;2,13E+10;1,07E+15
-4,56E+00;4,35E+10;2,22E+10;;2,13E+10;1,07E+15
-4,55E+00;4,35E+10;2,22E+10;;2,13E+10;1,07E+15
-4,55E+00;4,40E+10;2,19E+10;;2,22E+10;1,05E+15
-4,54E+00;4,35E+10;2,22E+10;;2,13E+10;1,07E+15
-4,54E+00;4,35E+10;2,25E+10;;2,10E+10;1,08E+15
-4,53E+00;4,35E+10;2,22E+10;;2,13E+10;1,07E+15
-4,53E+00;4,35E+10;2,25E+10;;2,10E+10;1,08E+15
-4,52E+00;4,35E+10;2,25E+10;;2,10E+10;1,08E+15
-4,52E+00;4,40E+10;2,25E+10;;2,15E+10;1,08E+15
-4,51E+00;4,40E+10;2,25E+10;;2,15E+10;1,08E+15
-4,51E+00;4,35E+10;2,25E+10;;2,10E+10;1,08E+15
-4,50E+00;4,40E+10;2,25E+10;;2,15E+10;1,08E+15
-4,50E+00;4,45E+10;2,28E+10;;2,17E+10;1,10E+15
-4,49E+00;4,40E+10;2,28E+10;;2,12E+10;1,10E+15
-4,49E+00;4,40E+10;2,25E+10;;2,15E+10;1,08E+15
-4,48E+00;4,40E+10;2,25E+10;;2,15E+10;1,08E+15
-4,48E+00;4,40E+10;2,25E+10;;2,15E+10;1,08E+15
-4,47E+00;4,45E+10;2,28E+10;;2,17E+10;1,10E+15
-4,47E+00;4,45E+10;2,25E+10;;2,20E+10;1,08E+15
-4,46E+00;4,50E+10;2,28E+10;;2,22E+10;1,10E+15
-4,46E+00;4,50E+10;2,34E+10;;2,16E+10;1,13E+15
-4,45E+00;4,45E+10;2,31E+10;;2,14E+10;1,11E+15
-4,45E+00;4,45E+10;2,31E+10;;2,14E+10;1,11E+15
-4,44E+00;4,45E+10;2,31E+10;;2,14E+10;1,11E+15
-4,44E+00;4,45E+10;2,31E+10;;2,14E+10;1,11E+15
-4,43E+00;4,45E+10;2,31E+10;;2,14E+10;1,11E+15
-4,43E+00;4,50E+10;2,34E+10;;2,16E+10;1,13E+15
-4,42E+00;4,45E+10;2,31E+10;;2,14E+10;1,11E+15
-4,42E+00;4,45E+10;2,31E+10;;2,14E+10;1,11E+15
-4,41E+00;4,45E+10;2,31E+10;;2,14E+10;1,11E+15
-4,41E+00;4,45E+10;2,31E+10;;2,14E+10;1,11E+15
-4,40E+00;4,50E+10;2,31E+10;;2,19E+10;1,11E+15
-4,40E+00;4,50E+10;2,34E+10;;2,16E+10;1,13E+15
-4,39E+00;4,50E+10;2,37E+10;;2,13E+10;1,14E+15
-4,39E+00;4,50E+10;2,34E+10;;2,16E+10;1,13E+15
-4,38E+00;4,55E+10;2,37E+10;;2,18E+10;1,14E+15
-4,38E+00;4,50E+10;2,37E+10;;2,13E+10;1,14E+15
-4,37E+00;4,55E+10;2,37E+10;;2,18E+10;1,14E+15
-4,37E+00;4,55E+10;2,37E+10;;2,18E+10;1,14E+15
-4,36E+00;4,60E+10;2,41E+10;;2,20E+10;1,16E+15
-4,36E+00;4,50E+10;2,37E+10;;2,13E+10;1,14E+15
-4,35E+00;4,55E+10;2,37E+10;;2,18E+10;1,14E+15
-4,35E+00;4,55E+10;2,37E+10;;2,18E+10;1,14E+15
-4,34E+00;4,55E+10;2,37E+10;;2,18E+10;1,14E+15
-4,34E+00;4,60E+10;2,41E+10;;2,20E+10;1,16E+15
-4,33E+00;4,55E+10;2,41E+10;;2,15E+10;1,16E+15
-4,33E+00;4,55E+10;2,37E+10;;2,18E+10;1,14E+15
-4,32E+00;4,55E+10;2,41E+10;;2,15E+10;1,16E+15
-4,32E+00;4,55E+10;2,41E+10;;2,15E+10;1,16E+15
-4,31E+00;4,55E+10;2,41E+10;;2,15E+10;1,16E+15
-4,31E+00;4,60E+10;2,41E+10;;2,20E+10;1,16E+15
-4,30E+00;4,60E+10;2,44E+10;;2,17E+10;1,17E+15
-4,30E+00;4,60E+10;2,44E+10;;2,17E+10;1,17E+15
-4,29E+00;4,55E+10;2,44E+10;;2,12E+10;1,17E+15
-4,29E+00;4,60E+10;2,44E+10;;2,17E+10;1,17E+15
-4,28E+00;4,60E+10;2,47E+10;;2,13E+10;1,19E+15
-4,28E+00;4,60E+10;2,44E+10;;2,17E+10;1,17E+15
-4,27E+00;4,60E+10;2,44E+10;;2,17E+10;1,17E+15
-4,27E+00;4,60E+10;2,47E+10;;2,13E+10;1,19E+15
-4,26E+00;4,60E+10;2,47E+10;;2,13E+10;1,19E+15
-4,26E+00;4,65E+10;2,44E+10;;2,22E+10;1,17E+15
-4,25E+00;4,60E+10;2,47E+10;;2,13E+10;1,19E+15
-4,25E+00;4,65E+10;2,47E+10;;2,18E+10;1,19E+15
-4,24E+00;4,60E+10;2,47E+10;;2,13E+10;1,19E+15
-4,24E+00;4,65E+10;2,47E+10;;2,18E+10;1,19E+15
-4,23E+00;4,65E+10;2,47E+10;;2,18E+10;1,19E+15
-4,23E+00;4,65E+10;2,47E+10;;2,18E+10;1,19E+15
-4,22E+00;4,65E+10;2,47E+10;;2,18E+10;1,19E+15
-4,22E+00;4,65E+10;2,50E+10;;2,15E+10;1,20E+15
-4,21E+00;4,65E+10;2,50E+10;;2,15E+10;1,20E+15
-4,21E+00;4,65E+10;2,50E+10;;2,15E+10;1,20E+15
-4,20E+00;4,65E+10;2,50E+10;;2,15E+10;1,20E+15
-4,20E+00;4,65E+10;2,53E+10;;2,12E+10;1,22E+15
-4,19E+00;4,65E+10;2,50E+10;;2,15E+10;1,20E+15
-4,19E+00;4,70E+10;2,53E+10;;2,17E+10;1,22E+15
-4,18E+00;4,65E+10;2,50E+10;;2,15E+10;1,20E+15
-4,18E+00;4,70E+10;2,53E+10;;2,17E+10;1,22E+15
-4,17E+00;4,75E+10;2,53E+10;;2,22E+10;1,22E+15
-4,17E+00;4,75E+10;2,56E+10;;2,19E+10;1,23E+15
-4,16E+00;4,70E+10;2,53E+10;;2,17E+10;1,22E+15
-4,16E+00;4,70E+10;2,56E+10;;2,14E+10;1,23E+15
-4,15E+00;4,75E+10;2,56E+10;;2,19E+10;1,23E+15
-4,15E+00;4,75E+10;2,56E+10;;2,19E+10;1,23E+15
-4,14E+00;4,70E+10;2,56E+10;;2,14E+10;1,23E+15
-4,14E+00;4,75E+10;2,56E+10;;2,19E+10;1,23E+15
-4,13E+00;4,80E+10;2,56E+10;;2,24E+10;1,23E+15
-4,13E+00;4,75E+10;2,56E+10;;2,19E+10;1,23E+15
-4,12E+00;4,75E+10;2,56E+10;;2,19E+10;1,23E+15
-4,12E+00;4,80E+10;2,59E+10;;2,21E+10;1,25E+15
-4,11E+00;4,80E+10;2,59E+10;;2,21E+10;1,25E+15
-4,11E+00;4,75E+10;2,59E+10;;2,16E+10;1,25E+15
-4,10E+00;4,75E+10;2,59E+10;;2,16E+10;1,25E+15
-4,10E+00;4,75E+10;2,59E+10;;2,16E+10;1,25E+15
-4,09E+00;4,80E+10;2,56E+10;;2,24E+10;1,23E+15
-4,09E+00;4,75E+10;2,59E+10;;2,16E+10;1,25E+15
-4,08E+00;4,80E+10;2,59E+10;;2,21E+10;1,25E+15
-4,08E+00;4,80E+10;2,62E+10;;2,18E+10;1,26E+15
-4,07E+00;4,80E+10;2,62E+10;;2,18E+10;1,26E+15
-4,07E+00;4,80E+10;2,62E+10;;2,18E+10;1,26E+15
-4,06E+00;4,80E+10;2,62E+10;;2,18E+10;1,26E+15
-4,06E+00;4,80E+10;2,62E+10;;2,18E+10;1,26E+15
-4,05E+00;4,80E+10;2,62E+10;;2,18E+10;1,26E+15
-4,05E+00;4,80E+10;2,62E+10;;2,18E+10;1,26E+15
-4,04E+00;4,90E+10;2,62E+10;;2,28E+10;1,26E+15
-4,04E+00;4,85E+10;2,66E+10;;2,20E+10;1,28E+15
-4,03E+00;4,85E+10;2,66E+10;;2,20E+10;1,28E+15
-4,03E+00;4,85E+10;2,66E+10;;2,20E+10;1,28E+15
-4,02E+00;4,85E+10;2,66E+10;;2,20E+10;1,28E+15
-4,02E+00;4,85E+10;2,66E+10;;2,20E+10;1,28E+15
-4,01E+00;4,85E+10;2,66E+10;;2,20E+10;1,28E+15
-4,01E+00;4,85E+10;2,66E+10;;2,20E+10;1,28E+15
-4,00E+00;4,85E+10;2,66E+10;;2,20E+10;1,28E+15
-4,00E+00;4,85E+10;2,69E+10;;2,17E+10;1,29E+15
-3,99E+00;4,85E+10;2,69E+10;;2,17E+10;1,29E+15
-3,99E+00;4,90E+10;2,69E+10;;2,22E+10;1,29E+15
-3,98E+00;4,85E+10;2,69E+10;;2,17E+10;1,29E+15
-3,98E+00;4,90E+10;2,69E+10;;2,22E+10;1,29E+15
-3,97E+00;4,90E+10;2,72E+10;;2,18E+10;1,31E+15
-3,97E+00;4,90E+10;2,69E+10;;2,22E+10;1,29E+15
-3,96E+00;4,90E+10;2,72E+10;;2,18E+10;1,31E+15
-3,96E+00;4,90E+10;2,72E+10;;2,18E+10;1,31E+15
-3,95E+00;4,90E+10;2,72E+10;;2,18E+10;1,31E+15
-3,95E+00;4,90E+10;2,72E+10;;2,18E+10;1,31E+15
-3,94E+00;4,95E+10;2,69E+10;;2,27E+10;1,29E+15
-3,94E+00;4,95E+10;2,75E+10;;2,20E+10;1,32E+15
-3,93E+00;4,95E+10;2,75E+10;;2,20E+10;1,32E+15
-3,93E+00;5,00E+10;2,72E+10;;2,28E+10;1,31E+15
-3,92E+00;4,95E+10;2,75E+10;;2,20E+10;1,32E+15
-3,92E+00;4,95E+10;2,75E+10;;2,20E+10;1,32E+15
-3,91E+00;5,00E+10;2,72E+10;;2,28E+10;1,31E+15
-3,91E+00;4,95E+10;2,75E+10;;2,20E+10;1,32E+15
-3,90E+00;4,95E+10;2,75E+10;;2,20E+10;1,32E+15
-3,90E+00;4,95E+10;2,75E+10;;2,20E+10;1,32E+15
-3,89E+00;4,95E+10;2,75E+10;;2,20E+10;1,32E+15
-3,89E+00;5,00E+10;2,78E+10;;2,22E+10;1,34E+15
-3,88E+00;4,95E+10;2,78E+10;;2,17E+10;1,34E+15
-3,88E+00;4,95E+10;2,78E+10;;2,17E+10;1,34E+15
-3,87E+00;5,00E+10;2,81E+10;;2,19E+10;1,35E+15
-3,87E+00;5,00E+10;2,78E+10;;2,22E+10;1,34E+15
-3,86E+00;4,95E+10;2,75E+10;;2,20E+10;1,32E+15
-3,86E+00;5,00E+10;2,72E+10;;2,28E+10;1,31E+15
-3,85E+00;5,00E+10;2,78E+10;;2,22E+10;1,34E+15
-3,85E+00;5,00E+10;2,72E+10;;2,28E+10;1,31E+15
-3,84E+00;4,95E+10;2,75E+10;;2,20E+10;1,32E+15
-3,84E+00;4,95E+10;2,75E+10;;2,20E+10;1,32E+15
-3,83E+00;4,95E+10;2,75E+10;;2,20E+10;1,32E+15
-3,83E+00;4,95E+10;2,75E+10;;2,20E+10;1,32E+15
-3,82E+00;5,00E+10;2,72E+10;;2,28E+10;1,31E+15
-3,82E+00;4,95E+10;2,75E+10;;2,20E+10;1,32E+15
-3,81E+00;4,90E+10;2,75E+10;;2,15E+10;1,32E+15
-3,81E+00;4,95E+10;2,75E+10;;2,20E+10;1,32E+15
-3,80E+00;4,95E+10;2,72E+10;;2,23E+10;1,31E+15
-3,80E+00;4,95E+10;2,69E+10;;2,27E+10;1,29E+15
-3,79E+00;4,90E+10;2,72E+10;;2,18E+10;1,31E+15
-3,79E+00;4,90E+10;2,72E+10;;2,18E+10;1,31E+15
-3,78E+00;4,90E+10;2,72E+10;;2,18E+10;1,31E+15
-3,78E+00;4,90E+10;2,69E+10;;2,22E+10;1,29E+15
-3,77E+00;4,90E+10;2,69E+10;;2,22E+10;1,29E+15
-3,77E+00;4,90E+10;2,72E+10;;2,18E+10;1,31E+15
-3,76E+00;4,90E+10;2,72E+10;;2,18E+10;1,31E+15
-3,76E+00;4,90E+10;2,69E+10;;2,22E+10;1,29E+15
-3,75E+00;4,85E+10;2,69E+10;;2,17E+10;1,29E+15
-3,75E+00;4,90E+10;2,69E+10;;2,22E+10;1,29E+15
-3,74E+00;4,85E+10;2,69E+10;;2,17E+10;1,29E+15
-3,74E+00;4,85E+10;2,66E+10;;2,20E+10;1,28E+15
-3,73E+00;4,85E+10;2,69E+10;;2,17E+10;1,29E+15
-3,73E+00;4,85E+10;2,69E+10;;2,17E+10;1,29E+15
-3,72E+00;4,90E+10;2,66E+10;;2,25E+10;1,28E+15
-3,72E+00;4,90E+10;2,69E+10;;2,22E+10;1,29E+15
-3,71E+00;4,85E+10;2,62E+10;;2,23E+10;1,26E+15
-3,71E+00;4,90E+10;2,66E+10;;2,25E+10;1,28E+15
-3,70E+00;4,85E+10;2,66E+10;;2,20E+10;1,28E+15
-3,70E+00;4,85E+10;2,62E+10;;2,23E+10;1,26E+15
-3,69E+00;4,85E+10;2,62E+10;;2,23E+10;1,26E+15
-3,69E+00;4,85E+10;2,62E+10;;2,23E+10;1,26E+15
-3,68E+00;4,85E+10;2,62E+10;;2,23E+10;1,26E+15
-3,68E+00;4,80E+10;2,62E+10;;2,18E+10;1,26E+15
-3,67E+00;4,80E+10;2,62E+10;;2,18E+10;1,26E+15
-3,67E+00;4,85E+10;2,62E+10;;2,23E+10;1,26E+15
-3,66E+00;4,80E+10;2,62E+10;;2,18E+10;1,26E+15
-3,66E+00;4,80E+10;2,62E+10;;2,18E+10;1,26E+15
-3,65E+00;4,75E+10;2,59E+10;;2,16E+10;1,25E+15
-3,65E+00;4,80E+10;2,59E+10;;2,21E+10;1,25E+15
-3,64E+00;4,75E+10;2,59E+10;;2,16E+10;1,25E+15
-3,64E+00;4,80E+10;2,59E+10;;2,21E+10;1,25E+15
-3,63E+00;4,75E+10;2,56E+10;;2,19E+10;1,23E+15
-3,63E+00;4,75E+10;2,59E+10;;2,16E+10;1,25E+15
-3,62E+00;4,75E+10;2,59E+10;;2,16E+10;1,25E+15
-3,62E+00;4,75E+10;2,59E+10;;2,16E+10;1,25E+15
-3,61E+00;4,75E+10;2,56E+10;;2,19E+10;1,23E+15
-3,61E+00;4,75E+10;2,56E+10;;2,19E+10;1,23E+15
-3,60E+00;4,75E+10;2,56E+10;;2,19E+10;1,23E+15
-3,60E+00;4,70E+10;2,56E+10;;2,14E+10;1,23E+15
-3,59E+00;4,75E+10;2,56E+10;;2,19E+10;1,23E+15
-3,59E+00;4,75E+10;2,56E+10;;2,19E+10;1,23E+15
-3,58E+00;4,75E+10;2,56E+10;;2,19E+10;1,23E+15
-3,58E+00;4,70E+10;2,53E+10;;2,17E+10;1,22E+15
-3,57E+00;4,75E+10;2,53E+10;;2,22E+10;1,22E+15
-3,57E+00;4,70E+10;2,56E+10;;2,14E+10;1,23E+15
-3,56E+00;4,70E+10;2,53E+10;;2,17E+10;1,22E+15
-3,56E+00;4,75E+10;2,56E+10;;2,19E+10;1,23E+15
-3,55E+00;4,70E+10;2,56E+10;;2,14E+10;1,23E+15
-3,55E+00;4,70E+10;2,50E+10;;2,20E+10;1,20E+15
-3,54E+00;4,65E+10;2,50E+10;;2,15E+10;1,20E+15
-3,54E+00;4,65E+10;2,53E+10;;2,12E+10;1,22E+15
-3,53E+00;4,70E+10;2,53E+10;;2,17E+10;1,22E+15
-3,53E+00;4,65E+10;2,50E+10;;2,15E+10;1,20E+15
-3,52E+00;4,65E+10;2,50E+10;;2,15E+10;1,20E+15
-3,52E+00;4,65E+10;2,50E+10;;2,15E+10;1,20E+15
-3,51E+00;4,65E+10;2,50E+10;;2,15E+10;1,20E+15
-3,51E+00;4,65E+10;2,47E+10;;2,18E+10;1,19E+15
-3,50E+00;4,65E+10;2,47E+10;;2,18E+10;1,19E+15
-3,50E+00;4,65E+10;2,44E+10;;2,22E+10;1,17E+15
-3,49E+00;4,65E+10;2,47E+10;;2,18E+10;1,19E+15
-3,49E+00;4,65E+10;2,47E+10;;2,18E+10;1,19E+15
-3,48E+00;4,60E+10;2,47E+10;;2,13E+10;1,19E+15
-3,48E+00;4,65E+10;2,44E+10;;2,22E+10;1,17E+15
-3,47E+00;4,65E+10;2,44E+10;;2,22E+10;1,17E+15
-3,47E+00;4,65E+10;2,44E+10;;2,22E+10;1,17E+15
-3,46E+00;4,60E+10;2,47E+10;;2,13E+10;1,19E+15
-3,46E+00;4,60E+10;2,44E+10;;2,17E+10;1,17E+15
-3,45E+00;4,60E+10;2,44E+10;;2,17E+10;1,17E+15
-3,45E+00;4,60E+10;2,44E+10;;2,17E+10;1,17E+15
-3,44E+00;4,55E+10;2,44E+10;;2,12E+10;1,17E+15
-3,44E+00;4,55E+10;2,44E+10;;2,12E+10;1,17E+15
-3,43E+00;4,60E+10;2,44E+10;;2,17E+10;1,17E+15
-3,43E+00;4,60E+10;2,44E+10;;2,17E+10;1,17E+15
-3,42E+00;4,65E+10;2,41E+10;;2,25E+10;1,16E+15
-3,42E+00;4,65E+10;2,41E+10;;2,25E+10;1,16E+15
-3,41E+00;4,55E+10;2,41E+10;;2,15E+10;1,16E+15
-3,41E+00;4,55E+10;2,41E+10;;2,15E+10;1,16E+15
-3,40E+00;4,55E+10;2,37E+10;;2,18E+10;1,14E+15
-3,40E+00;4,55E+10;2,37E+10;;2,18E+10;1,14E+15
-3,39E+00;4,55E+10;2,37E+10;;2,18E+10;1,14E+15
-3,39E+00;4,60E+10;2,41E+10;;2,20E+10;1,16E+15
-3,38E+00;4,55E+10;2,37E+10;;2,18E+10;1,14E+15
-3,38E+00;4,50E+10;2,37E+10;;2,13E+10;1,14E+15
-3,37E+00;4,55E+10;2,37E+10;;2,18E+10;1,14E+15
-3,37E+00;4,55E+10;2,37E+10;;2,18E+10;1,14E+15
-3,36E+00;4,60E+10;2,37E+10;;2,23E+10;1,14E+15
-3,36E+00;4,50E+10;2,34E+10;;2,16E+10;1,13E+15
-3,35E+00;4,50E+10;2,37E+10;;2,13E+10;1,14E+15
-3,35E+00;4,50E+10;2,37E+10;;2,13E+10;1,14E+15
-3,34E+00;4,50E+10;2,34E+10;;2,16E+10;1,13E+15
-3,34E+00;4,45E+10;2,31E+10;;2,14E+10;1,11E+15
-3,33E+00;4,50E+10;2,31E+10;;2,19E+10;1,11E+15
-3,33E+00;4,50E+10;2,34E+10;;2,16E+10;1,13E+15
-3,32E+00;4,55E+10;2,34E+10;;2,21E+10;1,13E+15
-3,32E+00;4,50E+10;2,31E+10;;2,19E+10;1,11E+15
-3,31E+00;4,45E+10;2,31E+10;;2,14E+10;1,11E+15
-3,31E+00;4,45E+10;2,31E+10;;2,14E+10;1,11E+15
-3,30E+00;4,50E+10;2,34E+10;;2,16E+10;1,13E+15
-3,30E+00;4,50E+10;2,34E+10;;2,16E+10;1,13E+15
-3,29E+00;4,50E+10;2,34E+10;;2,16E+10;1,13E+15
-3,29E+00;4,50E+10;2,34E+10;;2,16E+10;1,13E+15
-3,28E+00;4,45E+10;2,31E+10;;2,14E+10;1,11E+15
-3,28E+00;4,50E+10;2,28E+10;;2,22E+10;1,10E+15
-3,27E+00;4,45E+10;2,28E+10;;2,17E+10;1,10E+15
-3,27E+00;4,45E+10;2,28E+10;;2,17E+10;1,10E+15
-3,26E+00;4,40E+10;2,28E+10;;2,12E+10;1,10E+15
-3,26E+00;4,40E+10;2,28E+10;;2,12E+10;1,10E+15
-3,25E+00;4,40E+10;2,25E+10;;2,15E+10;1,08E+15
-3,25E+00;4,40E+10;2,28E+10;;2,12E+10;1,10E+15
-3,24E+00;4,40E+10;2,28E+10;;2,12E+10;1,10E+15
-3,24E+00;4,40E+10;2,25E+10;;2,15E+10;1,08E+15
-3,23E+00;4,35E+10;2,28E+10;;2,07E+10;1,10E+15
-3,23E+00;4,40E+10;2,25E+10;;2,15E+10;1,08E+15
-3,22E+00;4,40E+10;2,25E+10;;2,15E+10;1,08E+15
-3,22E+00;4,40E+10;2,25E+10;;2,15E+10;1,08E+15
-3,21E+00;4,35E+10;2,25E+10;;2,10E+10;1,08E+15
-3,21E+00;4,35E+10;2,25E+10;;2,10E+10;1,08E+15
-3,20E+00;4,35E+10;2,25E+10;;2,10E+10;1,08E+15
-3,20E+00;4,35E+10;2,22E+10;;2,13E+10;1,07E+15
-3,19E+00;4,35E+10;2,22E+10;;2,13E+10;1,07E+15
-3,19E+00;4,40E+10;2,22E+10;;2,18E+10;1,07E+15
-3,18E+00;4,35E+10;2,22E+10;;2,13E+10;1,07E+15
-3,18E+00;4,40E+10;2,22E+10;;2,18E+10;1,07E+15
-3,17E+00;4,30E+10;2,22E+10;;2,08E+10;1,07E+15
-3,17E+00;4,40E+10;2,19E+10;;2,22E+10;1,05E+15
-3,16E+00;4,35E+10;2,19E+10;;2,17E+10;1,05E+15
-3,16E+00;4,35E+10;2,19E+10;;2,17E+10;1,05E+15
-3,15E+00;4,30E+10;2,19E+10;;2,12E+10;1,05E+15
-3,15E+00;4,30E+10;2,22E+10;;2,08E+10;1,07E+15
-3,14E+00;4,30E+10;2,19E+10;;2,12E+10;1,05E+15
-3,14E+00;4,30E+10;2,19E+10;;2,12E+10;1,05E+15
-3,13E+00;4,30E+10;2,19E+10;;2,12E+10;1,05E+15
-3,13E+00;4,30E+10;2,22E+10;;2,08E+10;1,07E+15
-3,12E+00;4,30E+10;2,19E+10;;2,12E+10;1,05E+15
-3,12E+00;4,30E+10;2,19E+10;;2,12E+10;1,05E+15
-3,11E+00;4,35E+10;2,12E+10;;2,23E+10;1,02E+15
-3,11E+00;4,35E+10;2,19E+10;;2,17E+10;1,05E+15
-3,10E+00;4,25E+10;2,16E+10;;2,10E+10;1,04E+15
-3,10E+00;4,30E+10;2,16E+10;;2,15E+10;1,04E+15
-3,09E+00;4,30E+10;2,16E+10;;2,15E+10;1,04E+15
-3,09E+00;4,25E+10;2,16E+10;;2,10E+10;1,04E+15
-3,08E+00;4,25E+10;2,16E+10;;2,10E+10;1,04E+15
-3,08E+00;4,25E+10;2,16E+10;;2,10E+10;1,04E+15
-3,07E+00;4,25E+10;2,12E+10;;2,13E+10;1,02E+15
-3,07E+00;4,25E+10;2,12E+10;;2,13E+10;1,02E+15
-3,06E+00;4,25E+10;2,12E+10;;2,13E+10;1,02E+15
-3,06E+00;4,25E+10;2,12E+10;;2,13E+10;1,02E+15
-3,05E+00;4,20E+10;2,12E+10;;2,08E+10;1,02E+15
-3,05E+00;4,20E+10;2,12E+10;;2,08E+10;1,02E+15
-3,04E+00;4,25E+10;2,12E+10;;2,13E+10;1,02E+15
-3,04E+00;4,20E+10;2,09E+10;;2,11E+10;1,00E+15
-3,03E+00;4,25E+10;2,09E+10;;2,16E+10;1,00E+15
-3,03E+00;4,25E+10;2,09E+10;;2,16E+10;1,00E+15
-3,02E+00;4,20E+10;2,09E+10;;2,11E+10;1,00E+15
-3,02E+00;4,20E+10;2,06E+10;;2,14E+10;9,90E+14
-3,01E+00;4,25E+10;2,09E+10;;2,16E+10;1,00E+15
-3,01E+00;4,20E+10;2,06E+10;;2,14E+10;9,90E+14
-3,00E+00;4,25E+10;2,06E+10;;2,19E+10;9,90E+14
-3,00E+00;4,20E+10;2,06E+10;;2,14E+10;9,90E+14
-2,99E+00;4,20E+10;2,06E+10;;2,14E+10;9,90E+14
-2,99E+00;4,20E+10;2,06E+10;;2,14E+10;9,90E+14
-2,98E+00;4,20E+10;2,06E+10;;2,14E+10;9,90E+14
-2,98E+00;4,20E+10;2,03E+10;;2,17E+10;9,76E+14
-2,97E+00;4,20E+10;2,03E+10;;2,17E+10;9,76E+14
-2,97E+00;4,15E+10;2,03E+10;;2,12E+10;9,76E+14
-2,96E+00;4,15E+10;2,03E+10;;2,12E+10;9,76E+14
-2,96E+00;4,15E+10;2,03E+10;;2,12E+10;9,76E+14
-2,95E+00;4,15E+10;2,03E+10;;2,12E+10;9,76E+14
-2,95E+00;4,15E+10;2,03E+10;;2,12E+10;9,76E+14
-2,94E+00;4,15E+10;2,03E+10;;2,12E+10;9,76E+14
-2,94E+00;4,15E+10;2,03E+10;;2,12E+10;9,76E+14
-2,93E+00;4,15E+10;2,00E+10;;2,15E+10;9,62E+14
-2,93E+00;4,15E+10;2,00E+10;;2,15E+10;9,62E+14
-2,92E+00;4,10E+10;2,03E+10;;2,07E+10;9,76E+14
-2,92E+00;4,10E+10;2,00E+10;;2,10E+10;9,62E+14
-2,91E+00;4,10E+10;2,00E+10;;2,10E+10;9,62E+14
-2,91E+00;4,10E+10;2,00E+10;;2,10E+10;9,62E+14
-2,90E+00;4,10E+10;1,97E+10;;2,13E+10;9,47E+14
-2,90E+00;4,05E+10;1,97E+10;;2,08E+10;9,47E+14
-2,89E+00;4,05E+10;2,03E+10;;2,02E+10;9,76E+14
-2,89E+00;4,10E+10;2,00E+10;;2,10E+10;9,62E+14
-2,88E+00;4,10E+10;1,97E+10;;2,13E+10;9,47E+14
-2,88E+00;4,05E+10;1,97E+10;;2,08E+10;9,47E+14
-2,87E+00;4,10E+10;1,97E+10;;2,13E+10;9,47E+14
-2,87E+00;4,10E+10;1,94E+10;;2,17E+10;9,33E+14
-2,86E+00;4,10E+10;1,94E+10;;2,17E+10;9,33E+14
-2,86E+00;4,10E+10;1,94E+10;;2,17E+10;9,33E+14
-2,85E+00;4,10E+10;1,97E+10;;2,13E+10;9,47E+14
-2,85E+00;4,10E+10;1,94E+10;;2,17E+10;9,33E+14
-2,84E+00;4,05E+10;1,94E+10;;2,12E+10;9,33E+14
-2,84E+00;4,05E+10;1,91E+10;;2,15E+10;9,18E+14
-2,83E+00;4,05E+10;1,91E+10;;2,15E+10;9,18E+14
-2,83E+00;4,05E+10;1,94E+10;;2,12E+10;9,33E+14
-2,82E+00;4,05E+10;1,91E+10;;2,15E+10;9,18E+14
-2,82E+00;4,00E+10;1,91E+10;;2,10E+10;9,18E+14
-2,81E+00;4,05E+10;1,91E+10;;2,15E+10;9,18E+14
-2,81E+00;4,05E+10;1,87E+10;;2,18E+10;8,99E+14
-2,80E+00;4,00E+10;1,91E+10;;2,10E+10;9,18E+14
-2,80E+00;4,05E+10;1,91E+10;;2,15E+10;9,18E+14
-2,79E+00;4,05E+10;1,91E+10;;2,15E+10;9,18E+14
-2,79E+00;4,05E+10;1,91E+10;;2,15E+10;9,18E+14
-2,78E+00;4,05E+10;1,91E+10;;2,15E+10;9,18E+14
-2,78E+00;4,05E+10;1,84E+10;;2,21E+10;8,85E+14
-2,77E+00;4,00E+10;1,87E+10;;2,13E+10;8,99E+14
-2,77E+00;4,00E+10;1,87E+10;;2,13E+10;8,99E+14
-2,76E+00;4,05E+10;1,87E+10;;2,18E+10;8,99E+14
-2,76E+00;4,00E+10;1,87E+10;;2,13E+10;8,99E+14
-2,75E+00;4,00E+10;1,87E+10;;2,13E+10;8,99E+14
-2,75E+00;4,00E+10;1,87E+10;;2,13E+10;8,99E+14
-2,74E+00;3,95E+10;1,87E+10;;2,08E+10;8,99E+14
-2,74E+00;3,95E+10;1,87E+10;;2,08E+10;8,99E+14
-2,73E+00;4,00E+10;1,87E+10;;2,13E+10;8,99E+14
-2,73E+00;4,00E+10;1,84E+10;;2,16E+10;8,85E+14
-2,72E+00;4,00E+10;1,87E+10;;2,13E+10;8,99E+14
-2,72E+00;4,00E+10;1,84E+10;;2,16E+10;8,85E+14
-2,71E+00;3,95E+10;1,81E+10;;2,14E+10;8,70E+14
-2,71E+00;4,00E+10;1,84E+10;;2,16E+10;8,85E+14
-2,70E+00;3,95E+10;1,81E+10;;2,14E+10;8,70E+14
-2,70E+00;3,95E+10;1,81E+10;;2,14E+10;8,70E+14
-2,69E+00;3,90E+10;1,81E+10;;2,09E+10;8,70E+14
-2,69E+00;3,95E+10;1,81E+10;;2,14E+10;8,70E+14
-2,68E+00;3,95E+10;1,81E+10;;2,14E+10;8,70E+14
-2,68E+00;3,85E+10;1,81E+10;;2,04E+10;8,70E+14
-2,67E+00;3,95E+10;1,81E+10;;2,14E+10;8,70E+14
-2,67E+00;3,90E+10;1,81E+10;;2,09E+10;8,70E+14
-2,66E+00;3,85E+10;1,81E+10;;2,04E+10;8,70E+14
-2,66E+00;3,90E+10;1,78E+10;;2,12E+10;8,56E+14
-2,65E+00;3,90E+10;1,78E+10;;2,12E+10;8,56E+14
-2,65E+00;3,85E+10;1,81E+10;;2,04E+10;8,70E+14
-2,64E+00;3,90E+10;1,78E+10;;2,12E+10;8,56E+14
-2,64E+00;3,90E+10;1,78E+10;;2,12E+10;8,56E+14
-2,63E+00;3,90E+10;1,78E+10;;2,12E+10;8,56E+14
-2,63E+00;3,90E+10;1,78E+10;;2,12E+10;8,56E+14
-2,62E+00;3,85E+10;1,75E+10;;2,10E+10;8,41E+14
-2,62E+00;3,85E+10;1,78E+10;;2,07E+10;8,56E+14
-2,61E+00;3,90E+10;1,72E+10;;2,18E+10;8,27E+14
-2,61E+00;3,85E+10;1,75E+10;;2,10E+10;8,41E+14
-2,60E+00;3,85E+10;1,72E+10;;2,13E+10;8,27E+14
-2,60E+00;3,85E+10;1,75E+10;;2,10E+10;8,41E+14
-2,59E+00;3,85E+10;1,75E+10;;2,10E+10;8,41E+14
-2,59E+00;3,85E+10;1,75E+10;;2,10E+10;8,41E+14
-2,58E+00;3,85E+10;1,75E+10;;2,10E+10;8,41E+14
-2,58E+00;3,85E+10;1,75E+10;;2,10E+10;8,41E+14
-2,57E+00;3,80E+10;1,72E+10;;2,08E+10;8,27E+14
-2,57E+00;3,85E+10;1,72E+10;;2,13E+10;8,27E+14
-2,56E+00;3,80E+10;1,69E+10;;2,12E+10;8,13E+14
-2,56E+00;3,85E+10;1,72E+10;;2,13E+10;8,27E+14
-2,55E+00;3,80E+10;1,72E+10;;2,08E+10;8,27E+14
-2,55E+00;3,80E+10;1,69E+10;;2,12E+10;8,13E+14
-2,54E+00;3,80E+10;1,72E+10;;2,08E+10;8,27E+14
-2,54E+00;3,80E+10;1,72E+10;;2,08E+10;8,27E+14
-2,53E+00;3,80E+10;1,72E+10;;2,08E+10;8,27E+14
-2,53E+00;3,80E+10;1,72E+10;;2,08E+10;8,27E+14
-2,52E+00;3,80E+10;1,69E+10;;2,12E+10;8,13E+14
-2,52E+00;3,80E+10;1,69E+10;;2,12E+10;8,13E+14
-2,51E+00;3,80E+10;1,69E+10;;2,12E+10;8,13E+14
-2,51E+00;3,80E+10;1,69E+10;;2,12E+10;8,13E+14
-2,50E+00;3,75E+10;1,69E+10;;2,07E+10;8,13E+14
-2,50E+00;3,75E+10;1,66E+10;;2,10E+10;7,98E+14
-2,49E+00;3,70E+10;1,69E+10;;2,02E+10;8,13E+14
-2,49E+00;3,75E+10;1,66E+10;;2,10E+10;7,98E+14
-2,48E+00;3,75E+10;1,66E+10;;2,10E+10;7,98E+14
-2,48E+00;3,75E+10;1,66E+10;;2,10E+10;7,98E+14
-2,47E+00;3,70E+10;1,62E+10;;2,08E+10;7,79E+14
-2,47E+00;3,75E+10;1,66E+10;;2,10E+10;7,98E+14
-2,46E+00;3,75E+10;1,66E+10;;2,10E+10;7,98E+14
-2,46E+00;3,75E+10;1,66E+10;;2,10E+10;7,98E+14
-2,45E+00;3,75E+10;1,62E+10;;2,13E+10;7,79E+14
-2,45E+00;3,75E+10;1,59E+10;;2,16E+10;7,64E+14
-2,44E+00;3,70E+10;1,62E+10;;2,08E+10;7,79E+14
-2,44E+00;3,70E+10;1,62E+10;;2,08E+10;7,79E+14
-2,43E+00;3,70E+10;1,62E+10;;2,08E+10;7,79E+14
-2,43E+00;3,70E+10;1,62E+10;;2,08E+10;7,79E+14
-2,42E+00;3,70E+10;1,56E+10;;2,14E+10;7,50E+14
-2,42E+00;3,65E+10;1,62E+10;;2,03E+10;7,79E+14
-2,41E+00;3,65E+10;1,59E+10;;2,06E+10;7,64E+14
-2,41E+00;3,65E+10;1,62E+10;;2,03E+10;7,79E+14
-2,40E+00;3,70E+10;1,59E+10;;2,11E+10;7,64E+14
-2,40E+00;3,65E+10;1,59E+10;;2,06E+10;7,64E+14
-2,39E+00;3,65E+10;1,59E+10;;2,06E+10;7,64E+14
-2,39E+00;3,70E+10;1,56E+10;;2,14E+10;7,50E+14
-2,38E+00;3,65E+10;1,59E+10;;2,06E+10;7,64E+14
-2,38E+00;3,65E+10;1,56E+10;;2,09E+10;7,50E+14
-2,37E+00;3,65E+10;1,56E+10;;2,09E+10;7,50E+14
-2,37E+00;3,65E+10;1,56E+10;;2,09E+10;7,50E+14
-2,36E+00;3,65E+10;1,56E+10;;2,09E+10;7,50E+14
-2,36E+00;3,65E+10;1,56E+10;;2,09E+10;7,50E+14
-2,35E+00;3,65E+10;1,56E+10;;2,09E+10;7,50E+14
-2,35E+00;3,65E+10;1,56E+10;;2,09E+10;7,50E+14
-2,34E+00;3,60E+10;1,53E+10;;2,07E+10;7,36E+14
-2,34E+00;3,65E+10;1,53E+10;;2,12E+10;7,36E+14
-2,33E+00;3,60E+10;1,53E+10;;2,07E+10;7,36E+14
-2,33E+00;3,60E+10;1,53E+10;;2,07E+10;7,36E+14
-2,32E+00;3,60E+10;1,53E+10;;2,07E+10;7,36E+14
-2,32E+00;3,60E+10;1,50E+10;;2,10E+10;7,21E+14
-2,31E+00;3,60E+10;1,53E+10;;2,07E+10;7,36E+14
-2,31E+00;3,60E+10;1,50E+10;;2,10E+10;7,21E+14
-2,30E+00;3,60E+10;1,50E+10;;2,10E+10;7,21E+14
-2,30E+00;3,60E+10;1,50E+10;;2,10E+10;7,21E+14
-2,29E+00;3,60E+10;1,50E+10;;2,10E+10;7,21E+14
-2,29E+00;3,60E+10;1,50E+10;;2,10E+10;7,21E+14
-2,28E+00;3,55E+10;1,50E+10;;2,05E+10;7,21E+14
-2,28E+00;3,55E+10;1,50E+10;;2,05E+10;7,21E+14
-2,27E+00;3,55E+10;1,50E+10;;2,05E+10;7,21E+14
-2,27E+00;3,55E+10;1,50E+10;;2,05E+10;7,21E+14
-2,26E+00;3,55E+10;1,50E+10;;2,05E+10;7,21E+14
-2,26E+00;3,55E+10;1,47E+10;;2,08E+10;7,07E+14
-2,25E+00;3,55E+10;1,44E+10;;2,12E+10;6,92E+14
-2,25E+00;3,55E+10;1,47E+10;;2,08E+10;7,07E+14
-2,24E+00;3,50E+10;1,47E+10;;2,03E+10;7,07E+14
-2,24E+00;3,55E+10;1,44E+10;;2,12E+10;6,92E+14
-2,23E+00;3,50E+10;1,47E+10;;2,03E+10;7,07E+14
-2,23E+00;3,50E+10;1,47E+10;;2,03E+10;7,07E+14
-2,22E+00;3,50E+10;1,47E+10;;2,03E+10;7,07E+14
-2,22E+00;3,50E+10;1,44E+10;;2,07E+10;6,92E+14
-2,21E+00;3,55E+10;1,44E+10;;2,12E+10;6,92E+14
-2,21E+00;3,55E+10;1,44E+10;;2,12E+10;6,92E+14
-2,20E+00;3,50E+10;1,44E+10;;2,07E+10;6,92E+14
-2,20E+00;3,55E+10;1,44E+10;;2,12E+10;6,92E+14
-2,19E+00;3,50E+10;1,44E+10;;2,07E+10;6,92E+14
-2,19E+00;3,45E+10;1,41E+10;;2,05E+10;6,78E+14
-2,18E+00;3,45E+10;1,41E+10;;2,05E+10;6,78E+14
-2,18E+00;3,50E+10;1,41E+10;;2,10E+10;6,78E+14
-2,17E+00;3,50E+10;1,41E+10;;2,10E+10;6,78E+14
-2,17E+00;3,50E+10;1,44E+10;;2,07E+10;6,92E+14
-2,16E+00;3,50E+10;1,41E+10;;2,10E+10;6,78E+14
-2,16E+00;3,50E+10;1,37E+10;;2,13E+10;6,59E+14
-2,15E+00;3,45E+10;1,37E+10;;2,08E+10;6,59E+14
-2,15E+00;3,45E+10;1,37E+10;;2,08E+10;6,59E+14
-2,14E+00;3,50E+10;1,37E+10;;2,13E+10;6,59E+14
-2,14E+00;3,40E+10;1,37E+10;;2,03E+10;6,59E+14
-2,13E+00;3,45E+10;1,41E+10;;2,05E+10;6,78E+14
-2,13E+00;3,40E+10;1,34E+10;;2,06E+10;6,44E+14
-2,12E+00;3,40E+10;1,37E+10;;2,03E+10;6,59E+14
-2,12E+00;3,45E+10;1,31E+10;;2,14E+10;6,30E+14
-2,11E+00;3,40E+10;1,37E+10;;2,03E+10;6,59E+14
-2,11E+00;3,45E+10;1,37E+10;;2,08E+10;6,59E+14
-2,10E+00;3,45E+10;1,31E+10;;2,14E+10;6,30E+14
-2,10E+00;3,35E+10;1,34E+10;;2,01E+10;6,44E+14
-2,09E+00;3,40E+10;1,31E+10;;2,09E+10;6,30E+14
-2,09E+00;3,35E+10;1,34E+10;;2,01E+10;6,44E+14
-2,08E+00;3,40E+10;1,34E+10;;2,06E+10;6,44E+14
-2,08E+00;3,35E+10;1,34E+10;;2,01E+10;6,44E+14
-2,07E+00;3,35E+10;1,34E+10;;2,01E+10;6,44E+14
-2,07E+00;3,35E+10;1,34E+10;;2,01E+10;6,44E+14
-2,06E+00;3,35E+10;1,34E+10;;2,01E+10;6,44E+14
-2,06E+00;3,40E+10;1,31E+10;;2,09E+10;6,30E+14
-2,05E+00;3,40E+10;1,31E+10;;2,09E+10;6,30E+14
-2,05E+00;3,40E+10;1,31E+10;;2,09E+10;6,30E+14
-2,04E+00;3,35E+10;1,31E+10;;2,04E+10;6,30E+14
-2,04E+00;3,35E+10;1,31E+10;;2,04E+10;6,30E+14
-2,03E+00;3,35E+10;1,28E+10;;2,07E+10;6,15E+14
-2,03E+00;3,30E+10;1,28E+10;;2,02E+10;6,15E+14
-2,02E+00;3,30E+10;1,28E+10;;2,02E+10;6,15E+14
-2,02E+00;3,30E+10;1,28E+10;;2,02E+10;6,15E+14
-2,01E+00;3,30E+10;1,28E+10;;2,02E+10;6,15E+14
-2,01E+00;3,30E+10;1,28E+10;;2,02E+10;6,15E+14
-2,00E+00;3,30E+10;1,25E+10;;2,05E+10;6,01E+14
-2,00E+00;3,30E+10;1,28E+10;;2,02E+10;6,15E+14
-1,99E+00;3,30E+10;1,28E+10;;2,02E+10;6,15E+14
-1,99E+00;3,35E+10;1,25E+10;;2,10E+10;6,01E+14
-1,98E+00;3,30E+10;1,25E+10;;2,05E+10;6,01E+14
-1,98E+00;3,30E+10;1,25E+10;;2,05E+10;6,01E+14
-1,97E+00;3,30E+10;1,25E+10;;2,05E+10;6,01E+14
-1,97E+00;3,30E+10;1,25E+10;;2,05E+10;6,01E+14
-1,96E+00;3,25E+10;1,22E+10;;2,03E+10;5,87E+14
-1,96E+00;3,30E+10;1,22E+10;;2,08E+10;5,87E+14
-1,95E+00;3,35E+10;1,22E+10;;2,13E+10;5,87E+14
-1,95E+00;3,30E+10;1,22E+10;;2,08E+10;5,87E+14
-1,94E+00;3,25E+10;1,22E+10;;2,03E+10;5,87E+14
-1,94E+00;3,30E+10;1,22E+10;;2,08E+10;5,87E+14
-1,93E+00;3,25E+10;1,22E+10;;2,03E+10;5,87E+14
-1,93E+00;3,25E+10;1,22E+10;;2,03E+10;5,87E+14
-1,92E+00;3,20E+10;1,19E+10;;2,02E+10;5,72E+14
-1,92E+00;3,25E+10;1,19E+10;;2,07E+10;5,72E+14
-1,91E+00;3,25E+10;1,19E+10;;2,07E+10;5,72E+14
-1,91E+00;3,25E+10;1,19E+10;;2,07E+10;5,72E+14
-1,90E+00;3,20E+10;1,19E+10;;2,02E+10;5,72E+14
-1,90E+00;3,20E+10;1,19E+10;;2,02E+10;5,72E+14
-1,89E+00;3,20E+10;1,19E+10;;2,02E+10;5,72E+14
-1,89E+00;3,20E+10;1,19E+10;;2,02E+10;5,72E+14
-1,88E+00;3,15E+10;1,22E+10;;1,93E+10;5,87E+14
-1,88E+00;3,20E+10;1,16E+10;;2,05E+10;5,58E+14
-1,87E+00;3,15E+10;1,16E+10;;2,00E+10;5,58E+14
-1,87E+00;3,15E+10;1,22E+10;;1,93E+10;5,87E+14
-1,86E+00;3,15E+10;1,12E+10;;2,03E+10;5,38E+14
-1,86E+00;3,20E+10;1,16E+10;;2,05E+10;5,58E+14
-1,85E+00;3,15E+10;1,16E+10;;2,00E+10;5,58E+14
-1,85E+00;3,15E+10;1,16E+10;;2,00E+10;5,58E+14
-1,84E+00;3,15E+10;1,16E+10;;2,00E+10;5,58E+14
-1,84E+00;3,15E+10;1,16E+10;;2,00E+10;5,58E+14
-1,83E+00;3,15E+10;1,16E+10;;2,00E+10;5,58E+14
-1,83E+00;3,10E+10;1,12E+10;;1,98E+10;5,38E+14
-1,82E+00;3,10E+10;1,12E+10;;1,98E+10;5,38E+14
-1,82E+00;3,10E+10;1,12E+10;;1,98E+10;5,38E+14
-1,81E+00;3,15E+10;1,12E+10;;2,03E+10;5,38E+14
-1,81E+00;3,10E+10;1,12E+10;;1,98E+10;5,38E+14
-1,80E+00;3,10E+10;1,09E+10;;2,01E+10;5,24E+14
-1,80E+00;3,20E+10;1,09E+10;;2,11E+10;5,24E+14
-1,79E+00;3,10E+10;1,09E+10;;2,01E+10;5,24E+14
-1,79E+00;3,10E+10;1,09E+10;;2,01E+10;5,24E+14
-1,78E+00;3,15E+10;1,09E+10;;2,06E+10;5,24E+14
-1,78E+00;3,10E+10;1,09E+10;;2,01E+10;5,24E+14
-1,77E+00;3,10E+10;1,09E+10;;2,01E+10;5,24E+14
-1,77E+00;3,15E+10;1,09E+10;;2,06E+10;5,24E+14
-1,76E+00;3,05E+10;1,09E+10;;1,96E+10;5,24E+14
-1,76E+00;3,05E+10;1,06E+10;;1,99E+10;5,10E+14
-1,75E+00;3,05E+10;1,06E+10;;1,99E+10;5,10E+14
-1,75E+00;3,05E+10;1,06E+10;;1,99E+10;5,10E+14
-1,74E+00;3,05E+10;1,06E+10;;1,99E+10;5,10E+14
-1,74E+00;3,05E+10;1,06E+10;;1,99E+10;5,10E+14
-1,73E+00;3,05E+10;1,06E+10;;1,99E+10;5,10E+14
-1,73E+00;3,05E+10;1,03E+10;;2,02E+10;4,95E+14
-1,72E+00;3,05E+10;1,03E+10;;2,02E+10;4,95E+14
-1,72E+00;3,10E+10;1,06E+10;;2,04E+10;5,10E+14
-1,71E+00;3,05E+10;1,03E+10;;2,02E+10;4,95E+14
-1,71E+00;3,00E+10;1,03E+10;;1,97E+10;4,95E+14
-1,70E+00;3,05E+10;1,03E+10;;2,02E+10;4,95E+14
-1,70E+00;3,00E+10;1,03E+10;;1,97E+10;4,95E+14
-1,69E+00;3,00E+10;1,03E+10;;1,97E+10;4,95E+14
-1,69E+00;3,05E+10;1,03E+10;;2,02E+10;4,95E+14
-1,68E+00;3,00E+10;1,00E+07;;3,00E+10;4,81E+11
-1,68E+00;3,00E+10;1,03E+10;;1,97E+10;4,95E+14
-1,67E+00;3,05E+10;1,03E+10;;2,02E+10;4,95E+14
-1,67E+00;3,00E+10;1,00E+07;;3,00E+10;4,81E+11
-1,66E+00;3,05E+10;1,00E+07;;3,05E+10;4,81E+11
-1,66E+00;3,00E+10;1,00E+07;;3,00E+10;4,81E+11
-1,65E+00;2,95E+10;1,00E+07;;2,95E+10;4,81E+11
-1,65E+00;2,95E+10;9,68E+06;;2,95E+10;4,65E+11
-1,64E+00;2,95E+10;9,68E+06;;2,95E+10;4,65E+11
-1,64E+00;3,00E+10;1,00E+07;;3,00E+10;4,81E+11
-1,63E+00;2,95E+10;9,68E+06;;2,95E+10;4,65E+11
-1,63E+00;2,95E+10;9,68E+06;;2,95E+10;4,65E+11
-1,62E+00;2,95E+10;9,68E+06;;2,95E+10;4,65E+11
-1,62E+00;2,95E+10;9,68E+06;;2,95E+10;4,65E+11
-1,61E+00;2,95E+10;9,37E+06;;2,95E+10;4,50E+11
-1,61E+00;2,95E+10;9,37E+06;;2,95E+10;4,50E+11
-1,60E+00;3,00E+10;9,68E+06;;3,00E+10;4,65E+11
-1,60E+00;3,00E+10;9,68E+06;;3,00E+10;4,65E+11
-1,59E+00;2,90E+10;9,06E+06;;2,90E+10;4,36E+11
-1,59E+00;2,90E+10;9,37E+06;;2,90E+10;4,50E+11
-1,58E+00;2,90E+10;9,37E+06;;2,90E+10;4,50E+11
-1,58E+00;2,95E+10;9,06E+06;;2,95E+10;4,36E+11
-1,57E+00;2,90E+10;9,06E+06;;2,90E+10;4,36E+11
-1,57E+00;2,95E+10;9,06E+06;;2,95E+10;4,36E+11
-1,56E+00;2,90E+10;9,06E+06;;2,90E+10;4,36E+11
-1,56E+00;2,90E+10;9,06E+06;;2,90E+10;4,36E+11
-1,55E+00;2,90E+10;9,06E+06;;2,90E+10;4,36E+11
-1,55E+00;2,85E+10;9,37E+06;;2,85E+10;4,50E+11
-1,54E+00;2,85E+10;9,37E+06;;2,85E+10;4,50E+11
-1,54E+00;2,85E+10;9,06E+06;;2,85E+10;4,36E+11
-1,53E+00;2,85E+10;9,37E+06;;2,85E+10;4,50E+11
-1,53E+00;2,85E+10;9,37E+06;;2,85E+10;4,50E+11
-1,52E+00;2,85E+10;8,75E+06;;2,85E+10;4,21E+11
-1,52E+00;2,90E+10;8,75E+06;;2,90E+10;4,21E+11
-1,51E+00;2,90E+10;8,75E+06;;2,90E+10;4,21E+11
-1,51E+00;2,85E+10;8,75E+06;;2,85E+10;4,21E+11
-1,50E+00;2,85E+10;8,43E+06;;2,85E+10;4,05E+11
-1,50E+00;2,85E+10;8,75E+06;;2,85E+10;4,21E+11
-1,49E+00;2,85E+10;8,75E+06;;2,85E+10;4,21E+11
-1,49E+00;2,80E+10;8,75E+06;;2,80E+10;4,21E+11
-1,48E+00;2,85E+10;8,75E+06;;2,85E+10;4,21E+11
-1,48E+00;2,85E+10;8,75E+06;;2,85E+10;4,21E+11
-1,47E+00;2,85E+10;8,75E+06;;2,85E+10;4,21E+11
-1,47E+00;2,80E+10;8,43E+06;;2,80E+10;4,05E+11
-1,46E+00;2,80E+10;8,43E+06;;2,80E+10;4,05E+11
-1,46E+00;2,80E+10;8,43E+06;;2,80E+10;4,05E+11
-1,45E+00;2,80E+10;8,43E+06;;2,80E+10;4,05E+11
-1,45E+00;2,80E+10;8,12E+06;;2,80E+10;3,90E+11
-1,44E+00;2,75E+10;8,12E+06;;2,75E+10;3,90E+11
-1,44E+00;2,80E+10;8,43E+06;;2,80E+10;4,05E+11
-1,43E+00;2,75E+10;8,12E+06;;2,75E+10;3,90E+11
-1,43E+00;2,75E+10;8,12E+06;;2,75E+10;3,90E+11
-1,42E+00;2,75E+10;7,81E+06;;2,75E+10;3,75E+11
-1,42E+00;2,75E+10;7,81E+06;;2,75E+10;3,75E+11
-1,41E+00;2,75E+10;7,81E+06;;2,75E+10;3,75E+11
-1,41E+00;2,75E+10;7,81E+06;;2,75E+10;3,75E+11
-1,40E+00;2,75E+10;7,81E+06;;2,75E+10;3,75E+11
-1,40E+00;2,75E+10;7,81E+06;;2,75E+10;3,75E+11
-1,39E+00;2,70E+10;7,81E+06;;2,70E+10;3,75E+11
-1,39E+00;2,75E+10;7,81E+06;;2,75E+10;3,75E+11
-1,38E+00;2,70E+10;7,81E+06;;2,70E+10;3,75E+11
-1,38E+00;2,70E+10;7,50E+06;;2,70E+10;3,61E+11
-1,37E+00;2,70E+10;7,50E+06;;2,70E+10;3,61E+11
-1,37E+00;2,70E+10;7,50E+06;;2,70E+10;3,61E+11
-1,36E+00;2,75E+10;7,18E+06;;2,75E+10;3,45E+11
-1,36E+00;2,70E+10;7,50E+06;;2,70E+10;3,61E+11
-1,35E+00;2,70E+10;7,50E+06;;2,70E+10;3,61E+11
-1,35E+00;2,70E+10;7,50E+06;;2,70E+10;3,61E+11
-1,34E+00;2,70E+10;7,50E+06;;2,70E+10;3,61E+11
-1,34E+00;2,70E+10;7,50E+06;;2,70E+10;3,61E+11
-1,33E+00;2,65E+10;7,50E+06;;2,65E+10;3,61E+11
-1,33E+00;2,75E+10;7,18E+06;;2,75E+10;3,45E+11
-1,32E+00;2,75E+10;7,18E+06;;2,75E+10;3,45E+11
-1,32E+00;2,65E+10;6,87E+06;;2,65E+10;3,30E+11
-1,31E+00;2,65E+10;6,87E+06;;2,65E+10;3,30E+11
-1,31E+00;2,65E+10;7,18E+06;;2,65E+10;3,45E+11
-1,30E+00;2,65E+10;6,87E+06;;2,65E+10;3,30E+11
-1,30E+00;2,65E+10;7,18E+06;;2,65E+10;3,45E+11
-1,29E+00;2,65E+10;7,18E+06;;2,65E+10;3,45E+11
-1,29E+00;2,65E+10;7,18E+06;;2,65E+10;3,45E+11
-1,28E+00;2,65E+10;6,87E+06;;2,65E+10;3,30E+11
-1,28E+00;2,65E+10;6,87E+06;;2,65E+10;3,30E+11
-1,27E+00;2,60E+10;6,87E+06;;2,60E+10;3,30E+11
-1,27E+00;2,60E+10;6,87E+06;;2,60E+10;3,30E+11
-1,26E+00;2,65E+10;6,87E+06;;2,65E+10;3,30E+11
-1,26E+00;2,65E+10;6,56E+06;;2,65E+10;3,15E+11
-1,25E+00;2,65E+10;6,87E+06;;2,65E+10;3,30E+11
-1,25E+00;2,65E+10;6,56E+06;;2,65E+10;3,15E+11
-1,24E+00;2,65E+10;6,56E+06;;2,65E+10;3,15E+11
-1,24E+00;2,60E+10;6,87E+06;;2,60E+10;3,30E+11
-1,23E+00;2,55E+10;6,56E+06;;2,55E+10;3,15E+11
-1,23E+00;2,60E+10;6,56E+06;;2,60E+10;3,15E+11
-1,22E+00;2,60E+10;6,56E+06;;2,60E+10;3,15E+11
-1,22E+00;2,60E+10;6,56E+06;;2,60E+10;3,15E+11
-1,21E+00;2,60E+10;6,56E+06;;2,60E+10;3,15E+11
-1,21E+00;2,60E+10;6,56E+06;;2,60E+10;3,15E+11
-1,20E+00;2,60E+10;6,56E+06;;2,60E+10;3,15E+11
-1,20E+00;2,60E+10;6,56E+06;;2,60E+10;3,15E+11
-1,19E+00;2,60E+10;6,25E+06;;2,60E+10;3,00E+11
-1,19E+00;2,60E+10;6,25E+06;;2,60E+10;3,00E+11
-1,18E+00;2,55E+10;6,25E+06;;2,55E+10;3,00E+11
-1,18E+00;2,55E+10;6,25E+06;;2,55E+10;3,00E+11
-1,17E+00;2,55E+10;6,25E+06;;2,55E+10;3,00E+11
-1,17E+00;2,50E+10;6,25E+06;;2,50E+10;3,00E+11
-1,16E+00;2,50E+10;6,25E+06;;2,50E+10;3,00E+11
-1,16E+00;2,55E+10;5,93E+06;;2,55E+10;2,85E+11
-1,15E+00;2,55E+10;5,93E+06;;2,55E+10;2,85E+11
-1,15E+00;2,55E+10;5,93E+06;;2,55E+10;2,85E+11
-1,14E+00;2,55E+10;5,93E+06;;2,55E+10;2,85E+11
-1,14E+00;2,55E+10;5,93E+06;;2,55E+10;2,85E+11
-1,13E+00;2,55E+10;5,62E+06;;2,55E+10;2,70E+11
-1,13E+00;2,55E+10;5,62E+06;;2,55E+10;2,70E+11
-1,12E+00;2,55E+10;5,93E+06;;2,55E+10;2,85E+11
-1,12E+00;2,50E+10;5,62E+06;;2,50E+10;2,70E+11
-1,11E+00;2,45E+10;5,93E+06;;2,45E+10;2,85E+11
-1,11E+00;2,50E+10;5,62E+06;;2,50E+10;2,70E+11
-1,10E+00;2,45E+10;5,62E+06;;2,45E+10;2,70E+11
-1,10E+00;2,50E+10;5,62E+06;;2,50E+10;2,70E+11
-1,09E+00;2,50E+10;5,62E+06;;2,50E+10;2,70E+11
-1,09E+00;2,45E+10;5,62E+06;;2,45E+10;2,70E+11
-1,08E+00;2,45E+10;5,62E+06;;2,45E+10;2,70E+11
-1,08E+00;2,45E+10;5,31E+06;;2,45E+10;2,55E+11
-1,07E+00;2,50E+10;5,62E+06;;2,50E+10;2,70E+11
-1,07E+00;2,45E+10;5,62E+06;;2,45E+10;2,70E+11
-1,06E+00;2,50E+10;5,31E+06;;2,50E+10;2,55E+11
-1,06E+00;2,45E+10;5,31E+06;;2,45E+10;2,55E+11
-1,05E+00;2,50E+10;5,00E+06;;2,50E+10;2,40E+11
-1,05E+00;2,50E+10;5,00E+06;;2,50E+10;2,40E+11
-1,04E+00;2,50E+10;5,00E+06;;2,50E+10;2,40E+11
-1,04E+00;2,50E+10;5,00E+06;;2,50E+10;2,40E+11
-1,03E+00;2,50E+10;5,31E+06;;2,50E+10;2,55E+11
-1,03E+00;2,50E+10;5,00E+06;;2,50E+10;2,40E+11
-1,02E+00;2,40E+10;5,00E+06;;2,40E+10;2,40E+11
-1,02E+00;2,40E+10;5,00E+06;;2,40E+10;2,40E+11
-1,01E+00;2,45E+10;4,68E+06;;2,45E+10;2,25E+11
-1,01E+00;2,45E+10;5,00E+06;;2,45E+10;2,40E+11
-1,00E-01;2,45E+10;4,68E+06;;2,45E+10;2,25E+11
-9,95E-01;2,45E+10;4,68E+06;;2,45E+10;2,25E+11
-9,90E-01;2,40E+10;4,37E+06;;2,40E+10;2,10E+11
-9,85E-01;2,45E+10;4,68E+06;;2,45E+10;2,25E+11
-9,80E-01;2,45E+10;4,68E+06;;2,45E+10;2,25E+11
-9,75E-01;2,45E+10;4,68E+06;;2,45E+10;2,25E+11
-9,70E-01;2,45E+10;4,68E+06;;2,45E+10;2,25E+11
-9,65E-01;2,40E+10;4,37E+06;;2,40E+10;2,10E+11
-9,60E-01;2,40E+10;4,37E+06;;2,40E+10;2,10E+11
-9,55E-01;2,40E+10;4,68E+06;;2,40E+10;2,25E+11
-9,50E-01;2,35E+10;4,37E+06;;2,35E+10;2,10E+11
-9,45E-01;2,40E+10;4,68E+06;;2,40E+10;2,25E+11
-9,40E-01;2,40E+10;4,37E+06;;2,40E+10;2,10E+11
-9,35E-01;2,35E+10;4,37E+06;;2,35E+10;2,10E+11
-9,30E-01;2,40E+10;4,37E+06;;2,40E+10;2,10E+11
-9,25E-01;2,40E+10;4,37E+06;;2,40E+10;2,10E+11
-9,20E-01;2,40E+10;4,06E+06;;2,40E+10;1,95E+11
-9,15E-01;2,40E+10;4,06E+06;;2,40E+10;1,95E+11
-9,10E-01;2,40E+10;4,06E+06;;2,40E+10;1,95E+11
-9,05E-01;2,35E+10;4,06E+06;;2,35E+10;1,95E+11
-9,00E-01;2,35E+10;4,06E+06;;2,35E+10;1,95E+11
-8,95E-01;2,35E+10;4,06E+06;;2,35E+10;1,95E+11
-8,90E-01;2,35E+10;4,06E+06;;2,35E+10;1,95E+11
-8,85E-01;2,35E+10;3,75E+06;;2,35E+10;1,80E+11
-8,80E-01;2,35E+10;3,75E+06;;2,35E+10;1,80E+11
-8,75E-01;2,35E+10;4,06E+06;;2,35E+10;1,95E+11
-8,70E-01;2,35E+10;3,75E+06;;2,35E+10;1,80E+11
-8,65E-01;2,30E+10;3,75E+06;;2,30E+10;1,80E+11
-8,60E-01;2,35E+10;4,06E+06;;2,35E+10;1,95E+11
-8,55E-01;2,30E+10;3,75E+06;;2,30E+10;1,80E+11
-8,50E-01;2,35E+10;4,06E+06;;2,35E+10;1,95E+11
-8,45E-01;2,30E+10;3,75E+06;;2,30E+10;1,80E+11
-8,40E-01;2,30E+10;3,75E+06;;2,30E+10;1,80E+11
-8,35E-01;2,30E+10;3,43E+06;;2,30E+10;1,65E+11
-8,30E-01;2,25E+10;3,75E+06;;2,25E+10;1,80E+11
-8,25E-01;2,30E+10;3,43E+06;;2,30E+10;1,65E+11
-8,20E-01;2,30E+10;3,43E+06;;2,30E+10;1,65E+11
-8,15E-01;2,30E+10;3,43E+06;;2,30E+10;1,65E+11
-8,10E-01;2,30E+10;3,43E+06;;2,30E+10;1,65E+11
-8,05E-01;2,25E+10;3,43E+06;;2,25E+10;1,65E+11
-8,00E-01;2,30E+10;3,43E+06;;2,30E+10;1,65E+11
-7,95E-01;2,30E+10;3,43E+06;;2,30E+10;1,65E+11
-7,90E-01;2,25E+10;3,43E+06;;2,25E+10;1,65E+11
-7,85E-01;2,30E+10;3,12E+06;;2,30E+10;1,50E+11
-7,80E-01;2,25E+10;3,12E+06;;2,25E+10;1,50E+11
-7,75E-01;2,25E+10;3,12E+06;;2,25E+10;1,50E+11
-7,70E-01;2,25E+10;3,12E+06;;2,25E+10;1,50E+11
-7,65E-01;2,25E+10;3,12E+06;;2,25E+10;1,50E+11
-7,60E-01;2,25E+10;3,43E+06;;2,25E+10;1,65E+11
-7,55E-01;2,25E+10;3,12E+06;;2,25E+10;1,50E+11
-7,50E-01;2,20E+10;2,81E+06;;2,20E+10;1,35E+11
-7,45E-01;2,20E+10;2,81E+06;;2,20E+10;1,35E+11
-7,40E-01;2,20E+10;2,81E+06;;2,20E+10;1,35E+11
-7,35E-01;2,20E+10;2,81E+06;;2,20E+10;1,35E+11
-7,30E-01;2,20E+10;2,81E+06;;2,20E+10;1,35E+11
-7,25E-01;2,20E+10;2,81E+06;;2,20E+10;1,35E+11
-7,20E-01;2,20E+10;2,81E+06;;2,20E+10;1,35E+11
-7,15E-01;2,20E+10;2,81E+06;;2,20E+10;1,35E+11
-7,10E-01;2,20E+10;2,81E+06;;2,20E+10;1,35E+11
-7,05E-01;2,15E+10;2,81E+06;;2,15E+10;1,35E+11
-7,00E-01;2,15E+10;2,81E+06;;2,15E+10;1,35E+11
-6,95E-01;2,20E+10;2,81E+06;;2,20E+10;1,35E+11
-6,90E-01;2,20E+10;2,50E+06;;2,20E+10;1,20E+11
-6,85E-01;2,20E+10;2,50E+06;;2,20E+10;1,20E+11
-6,80E-01;2,15E+10;2,50E+06;;2,15E+10;1,20E+11
-6,75E-01;2,15E+10;2,50E+06;;2,15E+10;1,20E+11
-6,70E-01;2,10E+10;2,18E+06;;2,10E+10;1,05E+11
-6,65E-01;2,15E+10;2,50E+06;;2,15E+10;1,20E+11
-6,60E-01;2,15E+10;2,50E+06;;2,15E+10;1,20E+11
-6,55E-01;2,15E+10;2,18E+06;;2,15E+10;1,05E+11
-6,50E-01;2,15E+10;2,18E+06;;2,15E+10;1,05E+11
-6,45E-01;2,15E+10;2,50E+06;;2,15E+10;1,20E+11
-6,40E-01;2,10E+10;2,50E+06;;2,10E+10;1,20E+11
-6,35E-01;2,10E+10;2,18E+06;;2,10E+10;1,05E+11
-6,30E-01;2,10E+10;2,18E+06;;2,10E+10;1,05E+11
-6,25E-01;2,15E+10;1,87E+06;;2,15E+10;8,99E+10
-6,20E-01;2,10E+10;1,87E+06;;2,10E+10;8,99E+10
-6,15E-01;2,10E+10;1,87E+06;;2,10E+10;8,99E+10
-6,10E-01;2,10E+10;2,18E+06;;2,10E+10;1,05E+11
-6,05E-01;2,10E+10;1,87E+06;;2,10E+10;8,99E+10
-6,00E-01;2,10E+10;2,18E+06;;2,10E+10;1,05E+11
-5,95E-01;2,10E+10;2,18E+06;;2,10E+10;1,05E+11
-5,90E-01;2,10E+10;1,87E+06;;2,10E+10;8,99E+10
-5,85E-01;2,10E+10;1,87E+06;;2,10E+10;8,99E+10
-5,80E-01;2,10E+10;2,18E+06;;2,10E+10;1,05E+11
-5,75E-01;2,10E+10;2,18E+06;;2,10E+10;1,05E+11
-5,70E-01;2,05E+10;1,56E+06;;2,05E+10;7,50E+10
-5,65E-01;2,05E+10;1,56E+06;;2,05E+10;7,50E+10
-5,60E-01;2,05E+10;1,87E+06;;2,05E+10;8,99E+10
-5,55E-01;2,05E+10;1,56E+06;;2,05E+10;7,50E+10
-5,50E-01;2,05E+10;1,56E+06;;2,05E+10;7,50E+10
-5,45E-01;2,05E+10;1,56E+06;;2,05E+10;7,50E+10
-5,40E-01;2,00E+10;1,56E+06;;2,00E+10;7,50E+10
-5,35E-01;2,05E+10;1,56E+06;;2,05E+10;7,50E+10
-5,30E-01;2,05E+10;1,56E+06;;2,05E+10;7,50E+10
-5,25E-01;2,00E+10;1,56E+06;;2,00E+10;7,50E+10
-5,20E-01;2,00E+10;1,25E+06;;2,00E+10;6,01E+10
-5,15E-01;2,00E+10;1,56E+06;;2,00E+10;7,50E+10
-5,10E-01;2,00E+10;1,25E+06;;2,00E+10;6,01E+10
-5,05E-01;2,00E+10;1,25E+06;;2,00E+10;6,01E+10
-5,00E-01;2,00E+10;1,25E+06;;2,00E+10;6,01E+10
-4,95E-01;2,00E+10;1,25E+06;;2,00E+10;6,01E+10
-4,90E-01;2,00E+10;1,25E+06;;2,00E+10;6,01E+10
-4,85E-01;2,00E+10;1,25E+06;;2,00E+10;6,01E+10
-4,80E-01;1,95E+10;9,33E+05;;1,95E+10;4,49E+10
-4,75E-01;1,95E+10;1,25E+06;;1,95E+10;6,01E+10
-4,70E-01;1,95E+10;1,25E+06;;1,95E+10;6,01E+10
-4,65E-01;2,00E+10;1,25E+06;;2,00E+10;6,01E+10
-4,60E-01;1,95E+10;1,25E+06;;1,95E+10;6,01E+10
-4,55E-01;1,95E+10;1,25E+06;;1,95E+10;6,01E+10
-4,50E-01;1,90E+10;9,33E+05;;1,90E+10;4,49E+10
-4,45E-01;1,90E+10;9,33E+05;;1,90E+10;4,49E+10
-4,40E-01;1,90E+10;6,20E+05;;1,90E+10;2,98E+10
-4,35E-01;1,90E+10;9,33E+05;;1,90E+10;4,49E+10
-4,30E-01;1,90E+10;9,33E+05;;1,90E+10;4,49E+10
-4,25E-01;1,90E+10;9,33E+05;;1,90E+10;4,49E+10
-4,20E-01;1,90E+10;6,20E+05;;1,90E+10;2,98E+10
-4,15E-01;1,95E+10;9,33E+05;;1,95E+10;4,49E+10
-4,10E-01;1,95E+10;9,33E+05;;1,95E+10;4,49E+10
-4,05E-01;1,90E+10;6,20E+05;;1,90E+10;2,98E+10
-4,00E-01;1,90E+10;6,20E+05;;1,90E+10;2,98E+10
-3,95E-01;1,90E+10;6,20E+05;;1,90E+10;2,98E+10
-3,90E-01;1,95E+10;9,33E+05;;1,95E+10;4,49E+10
-3,85E-01;1,85E+10;6,20E+05;;1,85E+10;2,98E+10
-3,80E-01;1,85E+10;6,20E+05;;1,85E+10;2,98E+10
-3,75E-01;1,90E+10;9,33E+05;;1,90E+10;4,49E+10
-3,70E-01;1,85E+10;6,20E+05;;1,85E+10;2,98E+10
-3,65E-01;1,85E+10;9,33E+05;;1,85E+10;4,49E+10
-3,60E-01;1,85E+10;6,20E+05;;1,85E+10;2,98E+10
-3,55E-01;1,85E+10;6,20E+05;;1,85E+10;2,98E+10
-3,50E-01;1,85E+10;6,20E+05;;1,85E+10;2,98E+10
-3,45E-01;1,80E+10;6,20E+05;;1,80E+10;2,98E+10
-3,40E-01;1,80E+10;3,08E+05;;1,80E+10;1,48E+10
-3,35E-01;1,80E+10;3,08E+05;;1,80E+10;1,48E+10
-3,30E-01;1,80E+10;3,08E+05;;1,80E+10;1,48E+10
-3,25E-01;1,85E+10;6,20E+05;;1,85E+10;2,98E+10
-3,20E-01;1,80E+10;3,08E+05;;1,80E+10;1,48E+10
-3,15E-01;1,80E+10;6,20E+05;;1,80E+10;2,98E+10
-3,10E-01;1,80E+10;6,20E+05;;1,80E+10;2,98E+10
-3,05E-01;1,80E+10;3,08E+05;;1,80E+10;1,48E+10
-3,00E-01;1,80E+10;3,08E+05;;1,80E+10;1,48E+10
-2,95E-01;1,75E+10;6,20E+05;;1,75E+10;2,98E+10
-2,90E-01;1,75E+10;3,08E+05;;1,75E+10;1,48E+10
-2,85E-01;1,75E+10;3,08E+05;;1,75E+10;1,48E+10
-2,80E-01;1,75E+10;3,08E+05;;1,75E+10;1,48E+10
-2,75E-01;1,75E+10;3,08E+05;;1,75E+10;1,48E+10
-2,70E-01;1,75E+10;3,08E+05;;1,75E+10;1,48E+10
-2,65E-01;1,75E+10;3,08E+05;;1,75E+10;1,48E+10
-2,60E-01;1,75E+10;3,08E+05;;1,75E+10;1,48E+10
-2,55E-01;1,70E+10;3,08E+05;;1,70E+10;1,48E+10
-2,50E-01;1,70E+10;6,20E+05;;1,70E+10;2,98E+10
-2,45E-01;1,75E+10;6,20E+05;;1,75E+10;2,98E+10
-2,40E-01;1,70E+10;3,08E+05;;1,70E+10;1,48E+10
-2,35E-01;1,70E+10;3,08E+05;;1,70E+10;1,48E+10
-2,30E-01;1,70E+10;3,08E+05;;1,70E+10;1,48E+10
-2,25E-01;1,70E+10;3,08E+05;;1,70E+10;1,48E+10
-2,20E-01;1,70E+10;3,08E+05;;1,70E+10;1,48E+10
-2,15E-01;1,65E+10;3,08E+05;;1,65E+10;1,48E+10
-2,10E-01;1,70E+10;6,20E+05;;1,70E+10;2,98E+10
-2,05E-01;1,70E+10;3,08E+05;;1,70E+10;1,48E+10
-2,00E-01;1,65E+10;3,08E+05;;1,65E+10;1,48E+10
-1,95E-01;1,70E+10;6,20E+05;;1,70E+10;2,98E+10
-1,90E-01;1,70E+10;3,08E+05;;1,70E+10;1,48E+10
-1,85E-01;1,70E+10;3,08E+05;;1,70E+10;1,48E+10
-1,80E-01;1,65E+10;3,08E+05;;1,65E+10;1,48E+10
-1,75E-01;1,65E+10;3,08E+05;;1,65E+10;1,48E+10
-1,70E-01;1,65E+10;3,08E+05;;1,65E+10;1,48E+10
-1,65E-01;1,60E+10;3,08E+05;;1,60E+10;1,48E+10
-1,60E-01;1,60E+10;3,08E+05;;1,60E+10;1,48E+10
-1,55E-01;1,60E+10;3,08E+05;;1,60E+10;1,48E+10
-1,50E-01;1,60E+10;3,08E+05;;1,60E+10;1,48E+10
-1,45E-01;1,60E+10;3,08E+05;;1,60E+10;1,48E+10
-1,40E-01;1,55E+10;3,08E+05;;1,55E+10;1,48E+10
-1,35E-01;1,55E+10;3,08E+05;;1,55E+10;1,48E+10
-1,30E-01;1,55E+10;3,08E+05;;1,55E+10;1,48E+10
-1,25E-01;1,55E+10;3,08E+05;;1,55E+10;1,48E+10
-1,20E-01;1,55E+10;3,08E+05;;1,55E+10;1,48E+10
-1,15E-01;1,55E+10;3,08E+05;;1,55E+10;1,48E+10
-1,10E-01;1,60E+10;6,20E+05;;1,60E+10;2,98E+10
-1,05E-01;1,60E+10;3,08E+05;;1,60E+10;1,48E+10
-1,00E-02;1,60E+10;3,08E+05;;1,60E+10;1,48E+10
-9,50E-02;1,50E+10;3,08E+05;;1,50E+10;1,48E+10
-9,00E-02;1,55E+10;6,20E+05;;1,55E+10;2,98E+10
-8,50E-02;1,55E+10;3,08E+05;;1,55E+10;1,48E+10
-8,00E-02;1,55E+10;3,08E+05;;1,55E+10;1,48E+10
-7,50E-02;1,55E+10;3,08E+05;;1,55E+10;1,48E+10
-7,00E-02;1,50E+10;3,08E+05;;1,50E+10;1,48E+10
-6,50E-02;1,55E+10;3,08E+05;;1,55E+10;1,48E+10
-6,00E-02;1,50E+10;3,08E+05;;1,50E+10;1,48E+10
-5,50E-02;1,50E+10;3,08E+05;;1,50E+10;1,48E+10
-5,00E-02;1,45E+10;3,08E+05;;1,45E+10;1,48E+10
-4,50E-02;1,45E+10;3,08E+05;;1,45E+10;1,48E+10
-4,00E-02;1,45E+10;3,08E+05;;1,45E+10;1,48E+10
-3,50E-02;1,50E+10;6,20E+05;;1,50E+10;2,98E+10
-3,00E-02;1,45E+10;3,08E+05;;1,45E+10;1,48E+10
-2,50E-02;1,40E+10;3,08E+05;;1,40E+10;1,48E+10
-2,00E-02;1,45E+10;6,20E+05;;1,45E+10;2,98E+10
-1,50E-02;1,40E+10;3,08E+05;;1,40E+10;1,48E+10
-1,00E-03;1,40E+10;3,08E+05;;1,40E+10;1,48E+10
-500.0E-09;1,40E+10;3,08E+05;;1,40E+10;1,48E+10
+0.0E+00;1,40E+10;6,20E+05;;1,40E+10;2,98E+10
+500.0E-09;1,40E+10;3,08E+05;;1,40E+10;1,48E+10
1,00E-02;1,40E+10;3,08E+05;;1,40E+10;1,48E+10
1,50E-02;1,40E+10;3,08E+05;;1,40E+10;1,48E+10
2,00E-02;1,45E+10;6,20E+05;;1,45E+10;2,98E+10
2,50E-02;1,40E+10;3,08E+05;;1,40E+10;1,48E+10
3,00E-02;1,40E+10;3,08E+05;;1,40E+10;1,48E+10
3,50E-02;1,40E+10;3,08E+05;;1,40E+10;1,48E+10
4,00E-02;1,35E+10;6,20E+05;;1,35E+10;2,98E+10
4,50E-02;1,40E+10;9,33E+05;;1,40E+10;4,49E+10
5,00E-02;1,40E+10;3,08E+05;;1,40E+10;1,48E+10
5,50E-02;1,40E+10;3,08E+05;;1,40E+10;1,48E+10
6,00E-02;1,35E+10;6,20E+05;;1,35E+10;2,98E+10
6,50E-02;1,35E+10;3,08E+05;;1,35E+10;1,48E+10
7,00E-02;1,35E+10;3,08E+05;;1,35E+10;1,48E+10
7,50E-02;1,30E+10;3,08E+05;;1,30E+10;1,48E+10
8,00E-02;1,30E+10;3,08E+05;;1,30E+10;1,48E+10
8,50E-02;1,30E+10;6,20E+05;;1,30E+10;2,98E+10
9,00E-02;1,30E+10;3,08E+05;;1,30E+10;1,48E+10
9,50E-02;1,30E+10;3,08E+05;;1,30E+10;1,48E+10
1,00E-01;1,30E+10;6,20E+05;;1,30E+10;2,98E+10
1,05E-01;1,30E+10;3,08E+05;;1,30E+10;1,48E+10
1,10E-01;1,30E+10;3,08E+05;;1,30E+10;1,48E+10
1,15E-01;1,35E+10;3,08E+05;;1,35E+10;1,48E+10
1,20E-01;1,25E+10;3,08E+05;;1,25E+10;1,48E+10
1,25E-01;1,30E+10;6,20E+05;;1,30E+10;2,98E+10
1,30E-01;1,25E+10;3,08E+05;;1,25E+10;1,48E+10
1,35E-01;1,25E+10;3,08E+05;;1,25E+10;1,48E+10
1,40E-01;1,25E+10;6,20E+05;;1,25E+10;2,98E+10
1,45E-01;1,30E+10;6,20E+05;;1,30E+10;2,98E+10
1,50E-01;1,25E+10;3,08E+05;;1,25E+10;1,48E+10
1,55E-01;1,25E+10;3,08E+05;;1,25E+10;1,48E+10
1,60E-01;1,20E+10;3,08E+05;;1,20E+10;1,48E+10
1,65E-01;1,20E+10;3,08E+05;;1,20E+10;1,48E+10
1,70E-01;1,20E+10;3,08E+05;;1,20E+10;1,48E+10
1,75E-01;1,25E+10;3,08E+05;;1,25E+10;1,48E+10
1,80E-01;1,20E+10;3,08E+05;;1,20E+10;1,48E+10
1,85E-01;1,15E+10;3,08E+05;;1,15E+10;1,48E+10
1,90E-01;1,15E+10;3,08E+05;;1,15E+10;1,48E+10
1,95E-01;1,15E+10;6,20E+05;;1,15E+10;2,98E+10
2,00E-01;1,15E+10;3,08E+05;;1,15E+10;1,48E+10
2,05E-01;1,20E+10;3,08E+05;;1,20E+10;1,48E+10
2,10E-01;1,20E+10;3,08E+05;;1,20E+10;1,48E+10
2,15E-01;1,15E+10;6,20E+05;;1,15E+10;2,98E+10
2,20E-01;1,20E+10;6,20E+05;;1,20E+10;2,98E+10
2,25E-01;1,20E+10;6,20E+05;;1,20E+10;2,98E+10
2,30E-01;1,10E+10;3,08E+05;;1,10E+10;1,48E+10
2,35E-01;1,15E+10;3,08E+05;;1,15E+10;1,48E+10
2,40E-01;1,15E+10;6,20E+05;;1,15E+10;2,98E+10
2,45E-01;1,15E+10;3,08E+05;;1,15E+10;1,48E+10
2,50E-01;1,15E+10;3,08E+05;;1,15E+10;1,48E+10
2,55E-01;1,10E+10;3,08E+05;;1,10E+10;1,48E+10
2,60E-01;1,10E+10;3,08E+05;;1,10E+10;1,48E+10
2,65E-01;1,10E+10;6,20E+05;;1,10E+10;2,98E+10
2,70E-01;1,15E+10;6,20E+05;;1,15E+10;2,98E+10
2,75E-01;1,10E+10;3,08E+05;;1,10E+10;1,48E+10
2,80E-01;1,00E+10;3,08E+05;;1,00E+10;1,48E+10
2,85E-01;1,05E+10;3,08E+05;;1,05E+10;1,48E+10
2,90E-01;1,05E+10;3,08E+05;;1,05E+10;1,48E+10
2,95E-01;1,05E+10;3,08E+05;;1,05E+10;1,48E+10
3,00E-01;1,05E+10;3,08E+05;;1,05E+10;1,48E+10
3,05E-01;1,05E+10;6,20E+05;;1,05E+10;2,98E+10
3,10E-01;1,05E+10;3,08E+05;;1,05E+10;1,48E+10
3,15E-01;1,05E+10;3,08E+05;;1,05E+10;1,48E+10
3,20E-01;1,05E+10;3,08E+05;;1,05E+10;1,48E+10
3,25E-01;1,00E+10;3,08E+05;;1,00E+10;1,48E+10
3,30E-01;1,05E+10;3,08E+05;;1,05E+10;1,48E+10
3,35E-01;1,00E+10;3,08E+05;;1,00E+10;1,48E+10
3,40E-01;1,00E+10;3,08E+05;;1,00E+10;1,48E+10
3,45E-01;1,05E+10;3,08E+05;;1,05E+10;1,48E+10
3,50E-01;1,00E+10;3,08E+05;;1,00E+10;1,48E+10
3,55E-01;9,52E+06;3,08E+05;;9,21E+06;1,48E+10
3,60E-01;1,00E+10;3,08E+05;;1,00E+10;1,48E+10
3,65E-01;1,00E+10;6,20E+05;;1,00E+10;2,98E+10
3,70E-01;1,00E+10;3,08E+05;;1,00E+10;1,48E+10
3,75E-01;1,00E+10;3,08E+05;;1,00E+10;1,48E+10
3,80E-01;1,00E+10;3,08E+05;;1,00E+10;1,48E+10
3,85E-01;1,00E+10;6,20E+05;;1,00E+10;2,98E+10
3,90E-01;1,00E+10;3,08E+05;;1,00E+10;1,48E+10
3,95E-01;1,00E+10;3,08E+05;;1,00E+10;1,48E+10
4,00E-01;9,52E+06;3,08E+05;;9,21E+06;1,48E+10
4,05E-01;9,52E+06;3,08E+05;;9,21E+06;1,48E+10
4,10E-01;9,52E+06;3,08E+05;;9,21E+06;1,48E+10
4,15E-01;8,52E+06;3,08E+05;;8,21E+06;1,48E+10
4,20E-01;9,02E+06;3,08E+05;;8,71E+06;1,48E+10
4,25E-01;9,02E+06;6,20E+05;;8,40E+06;2,98E+10
4,30E-01;9,02E+06;3,08E+05;;8,71E+06;1,48E+10
4,35E-01;9,02E+06;3,08E+05;;8,71E+06;1,48E+10
4,40E-01;8,52E+06;3,08E+05;;8,21E+06;1,48E+10
4,45E-01;9,02E+06;3,08E+05;;8,71E+06;1,48E+10
4,50E-01;9,02E+06;3,08E+05;;8,71E+06;1,48E+10
4,55E-01;9,02E+06;3,08E+05;;8,71E+06;1,48E+10
4,60E-01;9,02E+06;3,08E+05;;8,71E+06;1,48E+10
4,65E-01;9,02E+06;3,08E+05;;8,71E+06;1,48E+10
4,70E-01;8,52E+06;6,20E+05;;7,90E+06;2,98E+10
4,75E-01;8,52E+06;3,08E+05;;8,21E+06;1,48E+10
4,80E-01;9,02E+06;3,08E+05;;8,71E+06;1,48E+10
4,85E-01;9,02E+06;3,08E+05;;8,71E+06;1,48E+10
4,90E-01;8,52E+06;3,08E+05;;8,21E+06;1,48E+10
4,95E-01;8,52E+06;3,08E+05;;8,21E+06;1,48E+10
5,00E-01;8,52E+06;3,08E+05;;8,21E+06;1,48E+10
5,05E-01;8,52E+06;3,08E+05;;8,21E+06;1,48E+10
5,10E-01;8,02E+06;3,08E+05;;7,71E+06;1,48E+10
5,15E-01;8,52E+06;3,08E+05;;8,21E+06;1,48E+10
5,20E-01;8,02E+06;3,08E+05;;7,71E+06;1,48E+10
5,25E-01;8,02E+06;6,20E+05;;7,40E+06;2,98E+10
5,30E-01;8,02E+06;3,08E+05;;7,71E+06;1,48E+10
5,35E-01;8,02E+06;3,08E+05;;7,71E+06;1,48E+10
5,40E-01;8,52E+06;3,08E+05;;8,21E+06;1,48E+10
5,45E-01;8,02E+06;6,20E+05;;7,40E+06;2,98E+10
5,50E-01;7,52E+06;6,20E+05;;6,90E+06;2,98E+10
5,55E-01;7,52E+06;6,20E+05;;6,90E+06;2,98E+10
5,60E-01;8,02E+06;3,08E+05;;7,71E+06;1,48E+10
5,65E-01;8,02E+06;3,08E+05;;7,71E+06;1,48E+10
5,70E-01;8,02E+06;3,08E+05;;7,71E+06;1,48E+10
5,75E-01;8,02E+06;3,08E+05;;7,71E+06;1,48E+10
5,80E-01;8,02E+06;6,20E+05;;7,40E+06;2,98E+10
5,85E-01;7,52E+06;6,20E+05;;6,90E+06;2,98E+10
5,90E-01;7,52E+06;3,08E+05;;7,21E+06;1,48E+10
5,95E-01;7,52E+06;3,08E+05;;7,21E+06;1,48E+10
6,00E-01;7,02E+06;3,08E+05;;6,71E+06;1,48E+10
6,05E-01;7,52E+06;3,08E+05;;7,21E+06;1,48E+10
6,10E-01;7,52E+06;6,20E+05;;6,90E+06;2,98E+10
6,15E-01;7,52E+06;3,08E+05;;7,21E+06;1,48E+10
6,20E-01;7,02E+06;3,08E+05;;6,71E+06;1,48E+10
6,25E-01;7,02E+06;3,08E+05;;6,71E+06;1,48E+10
6,30E-01;6,52E+06;3,08E+05;;6,21E+06;1,48E+10
6,35E-01;7,02E+06;3,08E+05;;6,71E+06;1,48E+10
6,40E-01;7,02E+06;3,08E+05;;6,71E+06;1,48E+10
6,45E-01;6,52E+06;3,08E+05;;6,21E+06;1,48E+10
6,50E-01;6,52E+06;3,08E+05;;6,21E+06;1,48E+10
6,55E-01;6,52E+06;6,20E+05;;5,90E+06;2,98E+10
6,60E-01;7,02E+06;3,08E+05;;6,71E+06;1,48E+10
6,65E-01;6,52E+06;3,08E+05;;6,21E+06;1,48E+10
6,70E-01;6,52E+06;3,08E+05;;6,21E+06;1,48E+10
6,75E-01;6,52E+06;3,08E+05;;6,21E+06;1,48E+10
6,80E-01;6,02E+06;3,08E+05;;5,71E+06;1,48E+10
6,85E-01;6,02E+06;3,08E+05;;5,71E+06;1,48E+10
6,90E-01;6,52E+06;3,08E+05;;6,21E+06;1,48E+10
6,95E-01;6,52E+06;3,08E+05;;6,21E+06;1,48E+10
7,00E-01;6,02E+06;3,08E+05;;5,71E+06;1,48E+10
7,05E-01;6,02E+06;3,08E+05;;5,71E+06;1,48E+10
7,10E-01;6,02E+06;6,20E+05;;5,40E+06;2,98E+10
7,15E-01;5,52E+06;6,20E+05;;4,90E+06;2,98E+10
7,20E-01;6,02E+06;3,08E+05;;5,71E+06;1,48E+10
7,25E-01;6,02E+06;6,20E+05;;5,40E+06;2,98E+10
7,30E-01;6,02E+06;6,20E+05;;5,40E+06;2,98E+10
7,35E-01;6,02E+06;3,08E+05;;5,71E+06;1,48E+10
7,40E-01;5,52E+06;3,08E+05;;5,21E+06;1,48E+10
7,45E-01;6,02E+06;3,08E+05;;5,71E+06;1,48E+10
7,50E-01;5,52E+06;3,08E+05;;5,21E+06;1,48E+10
7,55E-01;5,52E+06;3,08E+05;;5,21E+06;1,48E+10
7,60E-01;5,52E+06;3,08E+05;;5,21E+06;1,48E+10
7,65E-01;5,52E+06;3,08E+05;;5,21E+06;1,48E+10
7,70E-01;5,52E+06;3,08E+05;;5,21E+06;1,48E+10
7,75E-01;5,52E+06;3,08E+05;;5,21E+06;1,48E+10
7,80E-01;5,52E+06;3,08E+05;;5,21E+06;1,48E+10
7,85E-01;5,02E+06;3,08E+05;;4,71E+06;1,48E+10
7,90E-01;5,52E+06;3,08E+05;;5,21E+06;1,48E+10
7,95E-01;5,02E+06;3,08E+05;;4,71E+06;1,48E+10
8,00E-01;5,02E+06;3,08E+05;;4,71E+06;1,48E+10
8,05E-01;4,52E+06;3,08E+05;;4,21E+06;1,48E+10
8,10E-01;5,02E+06;3,08E+05;;4,71E+06;1,48E+10
8,15E-01;5,02E+06;3,08E+05;;4,71E+06;1,48E+10
8,20E-01;5,02E+06;3,08E+05;;4,71E+06;1,48E+10
8,25E-01;5,02E+06;3,08E+05;;4,71E+06;1,48E+10
8,30E-01;4,52E+06;6,20E+05;;3,90E+06;2,98E+10
8,35E-01;5,02E+06;3,08E+05;;4,71E+06;1,48E+10
8,40E-01;4,52E+06;3,08E+05;;4,21E+06;1,48E+10
8,45E-01;4,52E+06;6,20E+05;;3,90E+06;2,98E+10
8,50E-01;4,52E+06;3,08E+05;;4,21E+06;1,48E+10
8,55E-01;4,52E+06;3,08E+05;;4,21E+06;1,48E+10
8,60E-01;4,52E+06;3,08E+05;;4,21E+06;1,48E+10
8,65E-01;4,02E+06;6,20E+05;;3,40E+06;2,98E+10
8,70E-01;4,52E+06;3,08E+05;;4,21E+06;1,48E+10
8,75E-01;4,02E+06;6,20E+05;;3,40E+06;2,98E+10
8,80E-01;4,02E+06;3,08E+05;;3,71E+06;1,48E+10
8,85E-01;4,02E+06;3,08E+05;;3,71E+06;1,48E+10
8,90E-01;3,52E+06;6,20E+05;;2,90E+06;2,98E+10
8,95E-01;4,02E+06;6,20E+05;;3,40E+06;2,98E+10
9,00E-01;4,02E+06;3,08E+05;;3,71E+06;1,48E+10
9,05E-01;4,02E+06;3,08E+05;;3,71E+06;1,48E+10
9,10E-01;3,52E+06;3,08E+05;;3,21E+06;1,48E+10
9,15E-01;3,52E+06;3,08E+05;;3,21E+06;1,48E+10
9,20E-01;3,52E+06;6,20E+05;;2,90E+06;2,98E+10
9,25E-01;3,52E+06;6,20E+05;;2,90E+06;2,98E+10
9,30E-01;3,52E+06;6,20E+05;;2,90E+06;2,98E+10
9,35E-01;3,02E+06;3,08E+05;;2,71E+06;1,48E+10
9,40E-01;3,02E+06;3,08E+05;;2,71E+06;1,48E+10
9,45E-01;3,02E+06;3,08E+05;;2,71E+06;1,48E+10
9,50E-01;3,02E+06;3,08E+05;;2,71E+06;1,48E+10
9,55E-01;3,52E+06;3,08E+05;;3,21E+06;1,48E+10
9,60E-01;3,02E+06;3,08E+05;;2,71E+06;1,48E+10
9,65E-01;3,02E+06;3,08E+05;;2,71E+06;1,48E+10
9,70E-01;3,02E+06;3,08E+05;;2,71E+06;1,48E+10
9,75E-01;2,52E+06;6,20E+05;;1,90E+06;2,98E+10
9,80E-01;3,52E+06;3,08E+05;;3,21E+06;1,48E+10
9,85E-01;3,02E+06;6,20E+05;;2,40E+06;2,98E+10
9,90E-01;2,52E+06;3,08E+05;;2,21E+06;1,48E+10
9,95E-01;2,52E+06;3,08E+05;;2,21E+06;1,48E+10
1,00E+00;2,52E+06;3,08E+05;;2,21E+06;1,48E+10
1,01E+00;3,02E+06;3,08E+05;;2,71E+06;1,48E+10
1,01E+00;2,52E+06;3,08E+05;;2,21E+06;1,48E+10
1,02E+00;3,02E+06;6,20E+05;;2,40E+06;2,98E+10
1,02E+00;2,02E+06;6,20E+05;;1,40E+06;2,98E+10
1,03E+00;2,52E+06;3,08E+05;;2,21E+06;1,48E+10
1,03E+00;2,02E+06;3,08E+05;;1,71E+06;1,48E+10
1,04E+00;2,02E+06;6,20E+05;;1,40E+06;2,98E+10
1,04E+00;2,02E+06;3,08E+05;;1,71E+06;1,48E+10
1,05E+00;2,52E+06;6,20E+05;;1,90E+06;2,98E+10
1,05E+00;2,02E+06;3,08E+05;;1,71E+06;1,48E+10
1,06E+00;2,52E+06;3,08E+05;;2,21E+06;1,48E+10
1,06E+00;2,02E+06;3,08E+05;;1,71E+06;1,48E+10
1,07E+00;2,52E+06;6,20E+05;;1,90E+06;2,98E+10
1,07E+00;2,52E+06;3,08E+05;;2,21E+06;1,48E+10
1,08E+00;2,02E+06;6,20E+05;;1,40E+06;2,98E+10
1,08E+00;1,52E+06;3,08E+05;;1,21E+06;1,48E+10
1,09E+00;2,02E+06;3,08E+05;;1,71E+06;1,48E+10
1,09E+00;1,52E+06;3,08E+05;;1,21E+06;1,48E+10
1,10E+00;1,52E+06;3,08E+05;;1,21E+06;1,48E+10
1,10E+00;1,52E+06;3,08E+05;;1,21E+06;1,48E+10
1,11E+00;1,52E+06;3,08E+05;;1,21E+06;1,48E+10
1,11E+00;1,02E+06;6,20E+05;;4,00E+05;2,98E+10
1,12E+00;1,52E+06;3,08E+05;;1,21E+06;1,48E+10
1,12E+00;1,02E+06;3,08E+05;;7,12E+05;1,48E+10
1,13E+00;1,52E+06;6,20E+05;;9,00E+05;2,98E+10
1,13E+00;1,02E+06;6,20E+05;;4,00E+05;2,98E+10
1,14E+00;1,02E+06;3,08E+05;;7,12E+05;1,48E+10
1,14E+00;1,02E+06;3,08E+05;;7,12E+05;1,48E+10
1,15E+00;1,52E+06;3,08E+05;;1,21E+06;1,48E+10
1,15E+00;1,02E+06;3,08E+05;;7,12E+05;1,48E+10
1,16E+00;2,02E+06;3,08E+05;;1,71E+06;1,48E+10
1,16E+00;1,52E+06;3,08E+05;;1,21E+06;1,48E+10
1,17E+00;1,52E+06;3,08E+05;;1,21E+06;1,48E+10
1,17E+00;1,52E+06;3,08E+05;;1,21E+06;1,48E+10
1,18E+00;1,52E+06;3,08E+05;;1,21E+06;1,48E+10
1,18E+00;2,02E+06;3,08E+05;;1,71E+06;1,48E+10
1,19E+00;1,52E+06;6,20E+05;;9,00E+05;2,98E+10
1,19E+00;1,52E+06;6,20E+05;;9,00E+05;2,98E+10
1,20E+00;2,02E+06;3,08E+05;;1,71E+06;1,48E+10
1,20E+00;2,02E+06;3,08E+05;;1,71E+06;1,48E+10
1,21E+00;2,52E+06;6,20E+05;;1,90E+06;2,98E+10
1,21E+00;2,52E+06;6,20E+05;;1,90E+06;2,98E+10
1,22E+00;2,52E+06;3,08E+05;;2,21E+06;1,48E+10
1,22E+00;2,02E+06;3,08E+05;;1,71E+06;1,48E+10
1,23E+00;2,02E+06;3,08E+05;;1,71E+06;1,48E+10
1,23E+00;2,02E+06;3,08E+05;;1,71E+06;1,48E+10
1,24E+00;2,02E+06;3,08E+05;;1,71E+06;1,48E+10
1,24E+00;2,02E+06;3,08E+05;;1,71E+06;1,48E+10
1,25E+00;2,02E+06;3,08E+05;;1,71E+06;1,48E+10
1,25E+00;2,02E+06;3,08E+05;;1,71E+06;1,48E+10
1,26E+00;2,52E+06;3,08E+05;;2,21E+06;1,48E+10
1,26E+00;2,52E+06;3,08E+05;;2,21E+06;1,48E+10
1,27E+00;2,52E+06;3,08E+05;;2,21E+06;1,48E+10
1,27E+00;2,52E+06;3,08E+05;;2,21E+06;1,48E+10
1,28E+00;3,02E+06;3,08E+05;;2,71E+06;1,48E+10
1,28E+00;3,02E+06;3,08E+05;;2,71E+06;1,48E+10
1,29E+00;3,02E+06;3,08E+05;;2,71E+06;1,48E+10
1,29E+00;3,52E+06;3,08E+05;;3,21E+06;1,48E+10
1,30E+00;3,52E+06;3,08E+05;;3,21E+06;1,48E+10
1,30E+00;3,02E+06;3,08E+05;;2,71E+06;1,48E+10
1,31E+00;3,02E+06;3,08E+05;;2,71E+06;1,48E+10
1,31E+00;3,02E+06;3,08E+05;;2,71E+06;1,48E+10
1,32E+00;3,02E+06;3,08E+05;;2,71E+06;1,48E+10
1,32E+00;3,02E+06;3,08E+05;;2,71E+06;1,48E+10
1,33E+00;3,02E+06;3,08E+05;;2,71E+06;1,48E+10
1,33E+00;3,52E+06;3,08E+05;;3,21E+06;1,48E+10
1,34E+00;3,52E+06;3,08E+05;;3,21E+06;1,48E+10
1,34E+00;3,52E+06;3,08E+05;;3,21E+06;1,48E+10
1,35E+00;3,52E+06;6,20E+05;;2,90E+06;2,98E+10
1,35E+00;3,52E+06;3,08E+05;;3,21E+06;1,48E+10
1,36E+00;3,52E+06;3,08E+05;;3,21E+06;1,48E+10
1,36E+00;3,52E+06;3,08E+05;;3,21E+06;1,48E+10
1,37E+00;4,02E+06;3,08E+05;;3,71E+06;1,48E+10
1,37E+00;4,02E+06;6,20E+05;;3,40E+06;2,98E+10
1,38E+00;4,02E+06;3,08E+05;;3,71E+06;1,48E+10
1,38E+00;4,02E+06;6,20E+05;;3,40E+06;2,98E+10
1,39E+00;4,02E+06;3,08E+05;;3,71E+06;1,48E+10
1,39E+00;4,02E+06;3,08E+05;;3,71E+06;1,48E+10
1,40E+00;4,02E+06;3,08E+05;;3,71E+06;1,48E+10
1,40E+00;4,52E+06;3,08E+05;;4,21E+06;1,48E+10
1,41E+00;4,52E+06;3,08E+05;;4,21E+06;1,48E+10
1,41E+00;4,02E+06;3,08E+05;;3,71E+06;1,48E+10
1,42E+00;4,52E+06;3,08E+05;;4,21E+06;1,48E+10
1,42E+00;4,52E+06;3,08E+05;;4,21E+06;1,48E+10
1,43E+00;4,52E+06;3,08E+05;;4,21E+06;1,48E+10
1,43E+00;5,02E+06;3,08E+05;;4,71E+06;1,48E+10
1,44E+00;5,02E+06;3,08E+05;;4,71E+06;1,48E+10
1,44E+00;5,02E+06;3,08E+05;;4,71E+06;1,48E+10
1,45E+00;5,02E+06;3,08E+05;;4,71E+06;1,48E+10
1,45E+00;5,02E+06;3,08E+05;;4,71E+06;1,48E+10
1,46E+00;5,02E+06;3,08E+05;;4,71E+06;1,48E+10
1,46E+00;4,52E+06;3,08E+05;;4,21E+06;1,48E+10
1,47E+00;4,52E+06;6,20E+05;;3,90E+06;2,98E+10
1,47E+00;5,02E+06;3,08E+05;;4,71E+06;1,48E+10
1,48E+00;5,02E+06;3,08E+05;;4,71E+06;1,48E+10
1,48E+00;5,52E+06;3,08E+05;;5,21E+06;1,48E+10
1,49E+00;5,02E+06;3,08E+05;;4,71E+06;1,48E+10
1,49E+00;5,52E+06;3,08E+05;;5,21E+06;1,48E+10
1,50E+00;5,02E+06;3,08E+05;;4,71E+06;1,48E+10
1,50E+00;5,52E+06;3,08E+05;;5,21E+06;1,48E+10
1,51E+00;5,52E+06;3,08E+05;;5,21E+06;1,48E+10
1,51E+00;5,52E+06;3,08E+05;;5,21E+06;1,48E+10
1,52E+00;5,52E+06;3,08E+05;;5,21E+06;1,48E+10
1,52E+00;5,52E+06;3,08E+05;;5,21E+06;1,48E+10
1,53E+00;5,52E+06;3,08E+05;;5,21E+06;1,48E+10
1,53E+00;6,02E+06;3,08E+05;;5,71E+06;1,48E+10
1,54E+00;5,52E+06;3,08E+05;;5,21E+06;1,48E+10
1,54E+00;6,02E+06;3,08E+05;;5,71E+06;1,48E+10
1,55E+00;6,02E+06;6,20E+05;;5,40E+06;2,98E+10
1,55E+00;6,02E+06;3,08E+05;;5,71E+06;1,48E+10
1,56E+00;6,02E+06;3,08E+05;;5,71E+06;1,48E+10
1,56E+00;6,02E+06;3,08E+05;;5,71E+06;1,48E+10
1,57E+00;6,02E+06;6,20E+05;;5,40E+06;2,98E+10
1,57E+00;6,02E+06;6,20E+05;;5,40E+06;2,98E+10
1,58E+00;6,02E+06;3,08E+05;;5,71E+06;1,48E+10
1,58E+00;6,52E+06;3,08E+05;;6,21E+06;1,48E+10
1,59E+00;6,52E+06;3,08E+05;;6,21E+06;1,48E+10
1,59E+00;6,52E+06;6,20E+05;;5,90E+06;2,98E+10
1,60E+00;6,52E+06;3,08E+05;;6,21E+06;1,48E+10
1,60E+00;6,52E+06;3,08E+05;;6,21E+06;1,48E+10
1,61E+00;7,02E+06;3,08E+05;;6,71E+06;1,48E+10
1,61E+00;7,02E+06;3,08E+05;;6,71E+06;1,48E+10
1,62E+00;6,52E+06;3,08E+05;;6,21E+06;1,48E+10
1,62E+00;7,02E+06;3,08E+05;;6,71E+06;1,48E+10
1,63E+00;7,02E+06;3,08E+05;;6,71E+06;1,48E+10
1,63E+00;7,02E+06;3,08E+05;;6,71E+06;1,48E+10
1,64E+00;7,02E+06;3,08E+05;;6,71E+06;1,48E+10
1,64E+00;7,02E+06;3,08E+05;;6,71E+06;1,48E+10
1,65E+00;7,02E+06;6,20E+05;;6,40E+06;2,98E+10
1,65E+00;6,52E+06;3,08E+05;;6,21E+06;1,48E+10
1,66E+00;6,52E+06;3,08E+05;;6,21E+06;1,48E+10
1,66E+00;7,52E+06;3,08E+05;;7,21E+06;1,48E+10
1,67E+00;7,52E+06;3,08E+05;;7,21E+06;1,48E+10
1,67E+00;7,02E+06;3,08E+05;;6,71E+06;1,48E+10
1,68E+00;7,52E+06;3,08E+05;;7,21E+06;1,48E+10
1,68E+00;7,52E+06;3,08E+05;;7,21E+06;1,48E+10
1,69E+00;8,02E+06;6,20E+05;;7,40E+06;2,98E+10
1,69E+00;8,02E+06;3,08E+05;;7,71E+06;1,48E+10
1,70E+00;7,02E+06;3,08E+05;;6,71E+06;1,48E+10
1,70E+00;8,02E+06;6,20E+05;;7,40E+06;2,98E+10
1,71E+00;8,02E+06;3,08E+05;;7,71E+06;1,48E+10
1,71E+00;8,02E+06;3,08E+05;;7,71E+06;1,48E+10
1,72E+00;7,52E+06;3,08E+05;;7,21E+06;1,48E+10
1,72E+00;8,02E+06;6,20E+05;;7,40E+06;2,98E+10
1,73E+00;8,52E+06;3,08E+05;;8,21E+06;1,48E+10
1,73E+00;8,52E+06;3,08E+05;;8,21E+06;1,48E+10
1,74E+00;8,52E+06;3,08E+05;;8,21E+06;1,48E+10
1,74E+00;8,52E+06;3,08E+05;;8,21E+06;1,48E+10
1,75E+00;8,02E+06;3,08E+05;;7,71E+06;1,48E+10
1,75E+00;8,02E+06;3,08E+05;;7,71E+06;1,48E+10
1,76E+00;8,52E+06;6,20E+05;;7,90E+06;2,98E+10
1,76E+00;8,52E+06;3,08E+05;;8,21E+06;1,48E+10
1,77E+00;8,52E+06;3,08E+05;;8,21E+06;1,48E+10
1,77E+00;8,52E+06;3,08E+05;;8,21E+06;1,48E+10
1,78E+00;8,52E+06;3,08E+05;;8,21E+06;1,48E+10
1,78E+00;8,52E+06;3,08E+05;;8,21E+06;1,48E+10
1,79E+00;8,52E+06;3,08E+05;;8,21E+06;1,48E+10
1,79E+00;8,52E+06;3,08E+05;;8,21E+06;1,48E+10
1,80E+00;8,52E+06;3,08E+05;;8,21E+06;1,48E+10
1,80E+00;8,52E+06;3,08E+05;;8,21E+06;1,48E+10
1,81E+00;8,52E+06;3,08E+05;;8,21E+06;1,48E+10
1,81E+00;9,02E+06;3,08E+05;;8,71E+06;1,48E+10
1,82E+00;9,02E+06;3,08E+05;;8,71E+06;1,48E+10
1,82E+00;9,02E+06;3,08E+05;;8,71E+06;1,48E+10
1,83E+00;8,52E+06;6,20E+05;;7,90E+06;2,98E+10
1,83E+00;9,02E+06;3,08E+05;;8,71E+06;1,48E+10
1,84E+00;9,02E+06;3,08E+05;;8,71E+06;1,48E+10
1,84E+00;9,02E+06;3,08E+05;;8,71E+06;1,48E+10
1,85E+00;8,52E+06;3,08E+05;;8,21E+06;1,48E+10
1,85E+00;9,02E+06;3,08E+05;;8,71E+06;1,48E+10
1,86E+00;9,52E+06;6,20E+05;;8,90E+06;2,98E+10
1,86E+00;9,52E+06;3,08E+05;;9,21E+06;1,48E+10
1,87E+00;9,52E+06;3,08E+05;;9,21E+06;1,48E+10
1,87E+00;9,52E+06;3,08E+05;;9,21E+06;1,48E+10
1,88E+00;9,52E+06;6,20E+05;;8,90E+06;2,98E+10
1,88E+00;9,52E+06;6,20E+05;;8,90E+06;2,98E+10
1,89E+00;1,00E+10;6,20E+05;;1,00E+10;2,98E+10
1,89E+00;1,00E+10;3,08E+05;;1,00E+10;1,48E+10
1,90E+00;1,00E+10;3,08E+05;;1,00E+10;1,48E+10
1,90E+00;9,52E+06;6,20E+05;;8,90E+06;2,98E+10
1,91E+00;9,52E+06;6,20E+05;;8,90E+06;2,98E+10
1,91E+00;9,52E+06;3,08E+05;;9,21E+06;1,48E+10
1,92E+00;1,05E+10;6,20E+05;;1,05E+10;2,98E+10
1,92E+00;1,00E+10;3,08E+05;;1,00E+10;1,48E+10
1,93E+00;1,00E+10;6,20E+05;;1,00E+10;2,98E+10
1,93E+00;1,00E+10;3,08E+05;;1,00E+10;1,48E+10
1,94E+00;1,05E+10;3,08E+05;;1,05E+10;1,48E+10
1,94E+00;1,05E+10;3,08E+05;;1,05E+10;1,48E+10
1,95E+00;1,05E+10;6,20E+05;;1,05E+10;2,98E+10
1,95E+00;1,05E+10;3,08E+05;;1,05E+10;1,48E+10
1,96E+00;1,05E+10;6,20E+05;;1,05E+10;2,98E+10
1,96E+00;1,05E+10;3,08E+05;;1,05E+10;1,48E+10
1,97E+00;1,05E+10;3,08E+05;;1,05E+10;1,48E+10
1,97E+00;1,05E+10;3,08E+05;;1,05E+10;1,48E+10
1,98E+00;1,05E+10;3,08E+05;;1,05E+10;1,48E+10
1,98E+00;1,10E+10;3,08E+05;;1,10E+10;1,48E+10
1,99E+00;1,10E+10;3,08E+05;;1,10E+10;1,48E+10
1,99E+00;1,10E+10;3,08E+05;;1,10E+10;1,48E+10
2,00E+00;1,10E+10;3,08E+05;;1,10E+10;1,48E+10
2,00E+00;1,10E+10;3,08E+05;;1,10E+10;1,48E+10
2,01E+00;1,15E+10;3,08E+05;;1,15E+10;1,48E+10
2,01E+00;1,10E+10;6,20E+05;;1,10E+10;2,98E+10
2,02E+00;1,15E+10;3,08E+05;;1,15E+10;1,48E+10
2,02E+00;1,15E+10;3,08E+05;;1,15E+10;1,48E+10
2,03E+00;1,10E+10;3,08E+05;;1,10E+10;1,48E+10
2,03E+00;1,15E+10;3,08E+05;;1,15E+10;1,48E+10
2,04E+00;1,20E+10;9,33E+05;;1,20E+10;4,49E+10
2,04E+00;1,10E+10;3,08E+05;;1,10E+10;1,48E+10
2,05E+00;1,15E+10;3,08E+05;;1,15E+10;1,48E+10
2,05E+00;1,15E+10;6,20E+05;;1,15E+10;2,98E+10
2,06E+00;1,20E+10;6,20E+05;;1,20E+10;2,98E+10
2,06E+00;1,20E+10;3,08E+05;;1,20E+10;1,48E+10
2,07E+00;1,20E+10;6,20E+05;;1,20E+10;2,98E+10
2,07E+00;1,15E+10;3,08E+05;;1,15E+10;1,48E+10
2,08E+00;1,15E+10;3,08E+05;;1,15E+10;1,48E+10
2,08E+00;1,15E+10;3,08E+05;;1,15E+10;1,48E+10
2,09E+00;1,15E+10;3,08E+05;;1,15E+10;1,48E+10
2,09E+00;1,20E+10;3,08E+05;;1,20E+10;1,48E+10
2,10E+00;1,25E+10;3,08E+05;;1,25E+10;1,48E+10
2,10E+00;1,20E+10;3,08E+05;;1,20E+10;1,48E+10
2,11E+00;1,25E+10;3,08E+05;;1,25E+10;1,48E+10
2,11E+00;1,30E+10;6,20E+05;;1,30E+10;2,98E+10
2,12E+00;1,20E+10;3,08E+05;;1,20E+10;1,48E+10
2,12E+00;1,30E+10;3,08E+05;;1,30E+10;1,48E+10
2,13E+00;1,25E+10;6,20E+05;;1,25E+10;2,98E+10
2,13E+00;1,30E+10;6,20E+05;;1,30E+10;2,98E+10
2,14E+00;1,25E+10;3,08E+05;;1,25E+10;1,48E+10
2,14E+00;1,25E+10;6,20E+05;;1,25E+10;2,98E+10
2,15E+00;1,30E+10;3,08E+05;;1,30E+10;1,48E+10
2,15E+00;1,25E+10;3,08E+05;;1,25E+10;1,48E+10
2,16E+00;1,25E+10;3,08E+05;;1,25E+10;1,48E+10
2,16E+00;1,30E+10;3,08E+05;;1,30E+10;1,48E+10
2,17E+00;1,35E+10;3,08E+05;;1,35E+10;1,48E+10
2,17E+00;1,30E+10;3,08E+05;;1,30E+10;1,48E+10
2,18E+00;1,35E+10;6,20E+05;;1,35E+10;2,98E+10
2,18E+00;1,35E+10;3,08E+05;;1,35E+10;1,48E+10
2,19E+00;1,30E+10;3,08E+05;;1,30E+10;1,48E+10
2,19E+00;1,35E+10;3,08E+05;;1,35E+10;1,48E+10
2,20E+00;1,35E+10;6,20E+05;;1,35E+10;2,98E+10
2,20E+00;1,35E+10;3,08E+05;;1,35E+10;1,48E+10
2,21E+00;1,35E+10;3,08E+05;;1,35E+10;1,48E+10
2,21E+00;1,40E+10;3,08E+05;;1,40E+10;1,48E+10
2,22E+00;1,35E+10;3,08E+05;;1,35E+10;1,48E+10
2,22E+00;1,35E+10;3,08E+05;;1,35E+10;1,48E+10
2,23E+00;1,35E+10;3,08E+05;;1,35E+10;1,48E+10
2,23E+00;1,35E+10;3,08E+05;;1,35E+10;1,48E+10
2,24E+00;1,45E+10;3,08E+05;;1,45E+10;1,48E+10
2,24E+00;1,40E+10;3,08E+05;;1,40E+10;1,48E+10
2,25E+00;1,40E+10;3,08E+05;;1,40E+10;1,48E+10
2,25E+00;1,40E+10;3,08E+05;;1,40E+10;1,48E+10
2,26E+00;1,45E+10;3,08E+05;;1,45E+10;1,48E+10
2,26E+00;1,40E+10;6,20E+05;;1,40E+10;2,98E+10
2,27E+00;1,40E+10;3,08E+05;;1,40E+10;1,48E+10
2,27E+00;1,45E+10;3,08E+05;;1,45E+10;1,48E+10
2,28E+00;1,50E+10;3,08E+05;;1,50E+10;1,48E+10
2,28E+00;1,45E+10;3,08E+05;;1,45E+10;1,48E+10
2,29E+00;1,50E+10;3,08E+05;;1,50E+10;1,48E+10
2,29E+00;1,45E+10;3,08E+05;;1,45E+10;1,48E+10
2,30E+00;1,50E+10;3,08E+05;;1,50E+10;1,48E+10
2,30E+00;1,50E+10;3,08E+05;;1,50E+10;1,48E+10
2,31E+00;1,50E+10;3,08E+05;;1,50E+10;1,48E+10
2,31E+00;1,45E+10;6,20E+05;;1,45E+10;2,98E+10
2,32E+00;1,45E+10;3,08E+05;;1,45E+10;1,48E+10
2,32E+00;1,55E+10;3,08E+05;;1,55E+10;1,48E+10
2,33E+00;1,45E+10;6,20E+05;;1,45E+10;2,98E+10
2,33E+00;1,45E+10;3,08E+05;;1,45E+10;1,48E+10
2,34E+00;1,50E+10;3,08E+05;;1,50E+10;1,48E+10
2,34E+00;1,55E+10;3,08E+05;;1,55E+10;1,48E+10
2,35E+00;1,50E+10;3,08E+05;;1,50E+10;1,48E+10
2,35E+00;1,50E+10;3,08E+05;;1,50E+10;1,48E+10
2,36E+00;1,50E+10;3,08E+05;;1,50E+10;1,48E+10
2,36E+00;1,50E+10;3,08E+05;;1,50E+10;1,48E+10
2,37E+00;1,50E+10;3,08E+05;;1,50E+10;1,48E+10
2,37E+00;1,55E+10;6,20E+05;;1,55E+10;2,98E+10
2,38E+00;1,55E+10;3,08E+05;;1,55E+10;1,48E+10
2,38E+00;1,55E+10;3,08E+05;;1,55E+10;1,48E+10
2,39E+00;1,55E+10;3,08E+05;;1,55E+10;1,48E+10
2,39E+00;1,60E+10;3,08E+05;;1,60E+10;1,48E+10
2,40E+00;1,55E+10;3,08E+05;;1,55E+10;1,48E+10
2,40E+00;1,60E+10;6,20E+05;;1,60E+10;2,98E+10
2,41E+00;1,60E+10;6,20E+05;;1,60E+10;2,98E+10
2,41E+00;1,60E+10;3,08E+05;;1,60E+10;1,48E+10
2,42E+00;1,60E+10;3,08E+05;;1,60E+10;1,48E+10
2,42E+00;1,60E+10;3,08E+05;;1,60E+10;1,48E+10
2,43E+00;1,60E+10;3,08E+05;;1,60E+10;1,48E+10
2,43E+00;1,60E+10;3,08E+05;;1,60E+10;1,48E+10
2,44E+00;1,60E+10;3,08E+05;;1,60E+10;1,48E+10
2,44E+00;1,70E+10;3,08E+05;;1,70E+10;1,48E+10
2,45E+00;1,70E+10;3,08E+05;;1,70E+10;1,48E+10
2,45E+00;1,65E+10;6,20E+05;;1,65E+10;2,98E+10
2,46E+00;1,70E+10;3,08E+05;;1,70E+10;1,48E+10
2,46E+00;1,70E+10;6,20E+05;;1,70E+10;2,98E+10
2,47E+00;1,65E+10;-5,00E+00;;1,65E+10;-2,40E+05
2,47E+00;1,70E+10;3,08E+05;;1,70E+10;1,48E+10
2,48E+00;1,70E+10;3,08E+05;;1,70E+10;1,48E+10
2,48E+00;1,70E+10;3,08E+05;;1,70E+10;1,48E+10
2,49E+00;1,70E+10;3,08E+05;;1,70E+10;1,48E+10
2,49E+00;1,70E+10;3,08E+05;;1,70E+10;1,48E+10
2,50E+00;1,70E+10;3,08E+05;;1,70E+10;1,48E+10
2,50E+00;1,70E+10;3,08E+05;;1,70E+10;1,48E+10
2,51E+00;1,70E+10;3,08E+05;;1,70E+10;1,48E+10
2,51E+00;1,70E+10;3,08E+05;;1,70E+10;1,48E+10
2,52E+00;1,75E+10;3,08E+05;;1,75E+10;1,48E+10
2,52E+00;1,75E+10;3,08E+05;;1,75E+10;1,48E+10
2,53E+00;1,75E+10;6,20E+05;;1,75E+10;2,98E+10
2,53E+00;1,75E+10;6,20E+05;;1,75E+10;2,98E+10
2,54E+00;1,75E+10;3,08E+05;;1,75E+10;1,48E+10
2,54E+00;1,85E+10;6,20E+05;;1,85E+10;2,98E+10
2,55E+00;1,75E+10;3,08E+05;;1,75E+10;1,48E+10
2,55E+00;1,75E+10;3,08E+05;;1,75E+10;1,48E+10
2,56E+00;1,75E+10;6,20E+05;;1,75E+10;2,98E+10
2,56E+00;1,75E+10;6,20E+05;;1,75E+10;2,98E+10
2,57E+00;1,75E+10;3,08E+05;;1,75E+10;1,48E+10
2,57E+00;1,80E+10;3,08E+05;;1,80E+10;1,48E+10
2,58E+00;1,85E+10;9,33E+05;;1,85E+10;4,49E+10
2,58E+00;1,80E+10;3,08E+05;;1,80E+10;1,48E+10
2,59E+00;1,80E+10;6,20E+05;;1,80E+10;2,98E+10
2,59E+00;1,80E+10;6,20E+05;;1,80E+10;2,98E+10
2,60E+00;1,85E+10;6,20E+05;;1,85E+10;2,98E+10
2,60E+00;1,80E+10;3,08E+05;;1,80E+10;1,48E+10
2,61E+00;1,85E+10;6,20E+05;;1,85E+10;2,98E+10
2,61E+00;1,85E+10;6,20E+05;;1,85E+10;2,98E+10
2,62E+00;1,85E+10;3,08E+05;;1,85E+10;1,48E+10
2,62E+00;1,85E+10;3,08E+05;;1,85E+10;1,48E+10
2,63E+00;1,85E+10;3,08E+05;;1,85E+10;1,48E+10
2,63E+00;1,85E+10;6,20E+05;;1,85E+10;2,98E+10
2,64E+00;1,85E+10;6,20E+05;;1,85E+10;2,98E+10
2,64E+00;1,85E+10;6,20E+05;;1,85E+10;2,98E+10
2,65E+00;1,90E+10;9,33E+05;;1,90E+10;4,49E+10
2,65E+00;1,90E+10;6,20E+05;;1,90E+10;2,98E+10
2,66E+00;1,90E+10;6,20E+05;;1,90E+10;2,98E+10
2,66E+00;1,90E+10;6,20E+05;;1,90E+10;2,98E+10
2,67E+00;1,95E+10;9,33E+05;;1,95E+10;4,49E+10
2,67E+00;1,95E+10;9,33E+05;;1,95E+10;4,49E+10
2,68E+00;1,90E+10;6,20E+05;;1,90E+10;2,98E+10
2,68E+00;1,90E+10;6,20E+05;;1,90E+10;2,98E+10
2,69E+00;1,90E+10;6,20E+05;;1,90E+10;2,98E+10
2,69E+00;1,95E+10;9,33E+05;;1,95E+10;4,49E+10
2,70E+00;1,90E+10;9,33E+05;;1,90E+10;4,49E+10
2,70E+00;1,95E+10;9,33E+05;;1,95E+10;4,49E+10
2,71E+00;1,90E+10;9,33E+05;;1,90E+10;4,49E+10
2,71E+00;1,90E+10;9,33E+05;;1,90E+10;4,49E+10
2,72E+00;1,95E+10;9,33E+05;;1,95E+10;4,49E+10
2,72E+00;1,95E+10;9,33E+05;;1,95E+10;4,49E+10
2,73E+00;1,95E+10;1,25E+06;;1,95E+10;6,01E+10
2,73E+00;2,00E+10;9,33E+05;;2,00E+10;4,49E+10
2,74E+00;1,95E+10;1,25E+06;;1,95E+10;6,01E+10
2,74E+00;1,95E+10;1,25E+06;;1,95E+10;6,01E+10
2,75E+00;2,00E+10;1,25E+06;;2,00E+10;6,01E+10
2,75E+00;2,00E+10;9,33E+05;;2,00E+10;4,49E+10
2,76E+00;2,00E+10;1,25E+06;;2,00E+10;6,01E+10
2,76E+00;2,00E+10;1,25E+06;;2,00E+10;6,01E+10
2,77E+00;2,00E+10;1,25E+06;;2,00E+10;6,01E+10
2,77E+00;2,00E+10;1,25E+06;;2,00E+10;6,01E+10
2,78E+00;2,00E+10;1,25E+06;;2,00E+10;6,01E+10
2,78E+00;2,00E+10;1,25E+06;;2,00E+10;6,01E+10
2,79E+00;2,00E+10;1,56E+06;;2,00E+10;7,50E+10
2,79E+00;2,00E+10;1,25E+06;;2,00E+10;6,01E+10
2,80E+00;2,05E+10;1,56E+06;;2,05E+10;7,50E+10
2,80E+00;2,00E+10;1,56E+06;;2,00E+10;7,50E+10
2,81E+00;2,05E+10;1,56E+06;;2,05E+10;7,50E+10
2,81E+00;2,05E+10;1,56E+06;;2,05E+10;7,50E+10
2,82E+00;2,05E+10;1,56E+06;;2,05E+10;7,50E+10
2,82E+00;2,05E+10;1,56E+06;;2,05E+10;7,50E+10
2,83E+00;2,05E+10;1,56E+06;;2,05E+10;7,50E+10
2,83E+00;2,05E+10;1,56E+06;;2,05E+10;7,50E+10
2,84E+00;2,05E+10;1,56E+06;;2,05E+10;7,50E+10
2,84E+00;2,05E+10;1,87E+06;;2,05E+10;8,99E+10
2,85E+00;2,10E+10;1,87E+06;;2,10E+10;8,99E+10
2,85E+00;2,05E+10;1,87E+06;;2,05E+10;8,99E+10
2,86E+00;2,05E+10;1,87E+06;;2,05E+10;8,99E+10
2,86E+00;2,10E+10;2,18E+06;;2,10E+10;1,05E+11
2,87E+00;2,10E+10;1,87E+06;;2,10E+10;8,99E+10
2,87E+00;2,05E+10;1,87E+06;;2,05E+10;8,99E+10
2,88E+00;2,10E+10;1,87E+06;;2,10E+10;8,99E+10
2,88E+00;2,05E+10;1,87E+06;;2,05E+10;8,99E+10
2,89E+00;2,10E+10;2,18E+06;;2,10E+10;1,05E+11
2,89E+00;2,10E+10;1,87E+06;;2,10E+10;8,99E+10
2,90E+00;2,05E+10;1,87E+06;;2,05E+10;8,99E+10
2,90E+00;2,15E+10;1,87E+06;;2,15E+10;8,99E+10
2,91E+00;2,15E+10;2,18E+06;;2,15E+10;1,05E+11
2,91E+00;2,10E+10;2,18E+06;;2,10E+10;1,05E+11
2,92E+00;2,15E+10;1,87E+06;;2,15E+10;8,99E+10
2,92E+00;2,15E+10;2,18E+06;;2,15E+10;1,05E+11
2,93E+00;2,15E+10;2,18E+06;;2,15E+10;1,05E+11
2,93E+00;2,20E+10;2,18E+06;;2,20E+10;1,05E+11
2,94E+00;2,15E+10;2,50E+06;;2,15E+10;1,20E+11
2,94E+00;2,15E+10;2,50E+06;;2,15E+10;1,20E+11
2,95E+00;2,15E+10;2,18E+06;;2,15E+10;1,05E+11
2,95E+00;2,15E+10;2,50E+06;;2,15E+10;1,20E+11
2,96E+00;2,20E+10;2,50E+06;;2,20E+10;1,20E+11
2,96E+00;2,15E+10;2,50E+06;;2,15E+10;1,20E+11
2,97E+00;2,20E+10;2,50E+06;;2,20E+10;1,20E+11
2,97E+00;2,20E+10;2,81E+06;;2,20E+10;1,35E+11
2,98E+00;2,15E+10;2,81E+06;;2,15E+10;1,35E+11
2,98E+00;2,20E+10;2,81E+06;;2,20E+10;1,35E+11
2,99E+00;2,20E+10;2,81E+06;;2,20E+10;1,35E+11
2,99E+00;2,15E+10;2,50E+06;;2,15E+10;1,20E+11
3,00E+00;2,15E+10;2,50E+06;;2,15E+10;1,20E+11
3,00E+00;2,25E+10;3,12E+06;;2,25E+10;1,50E+11
3,01E+00;2,20E+10;2,81E+06;;2,20E+10;1,35E+11
3,01E+00;2,20E+10;2,81E+06;;2,20E+10;1,35E+11
3,02E+00;2,25E+10;2,81E+06;;2,25E+10;1,35E+11
3,02E+00;2,30E+10;3,12E+06;;2,30E+10;1,50E+11
3,03E+00;2,25E+10;3,12E+06;;2,25E+10;1,50E+11
3,03E+00;2,20E+10;3,12E+06;;2,20E+10;1,50E+11
3,04E+00;2,25E+10;3,43E+06;;2,25E+10;1,65E+11
3,04E+00;2,20E+10;3,12E+06;;2,20E+10;1,50E+11
3,05E+00;2,25E+10;3,12E+06;;2,25E+10;1,50E+11
3,05E+00;2,30E+10;3,12E+06;;2,30E+10;1,50E+11
3,06E+00;2,30E+10;3,12E+06;;2,30E+10;1,50E+11
3,06E+00;2,30E+10;3,43E+06;;2,30E+10;1,65E+11
3,07E+00;2,30E+10;3,43E+06;;2,30E+10;1,65E+11
3,07E+00;2,30E+10;3,43E+06;;2,30E+10;1,65E+11
3,08E+00;2,30E+10;3,43E+06;;2,30E+10;1,65E+11
3,08E+00;2,30E+10;3,43E+06;;2,30E+10;1,65E+11
3,09E+00;2,30E+10;3,43E+06;;2,30E+10;1,65E+11
3,09E+00;2,25E+10;3,43E+06;;2,25E+10;1,65E+11
3,10E+00;2,30E+10;3,43E+06;;2,30E+10;1,65E+11
3,10E+00;2,35E+10;3,43E+06;;2,35E+10;1,65E+11
3,11E+00;2,35E+10;4,06E+06;;2,35E+10;1,95E+11
3,11E+00;2,30E+10;3,43E+06;;2,30E+10;1,65E+11
3,12E+00;2,35E+10;3,75E+06;;2,35E+10;1,80E+11
3,12E+00;2,35E+10;3,75E+06;;2,35E+10;1,80E+11
3,13E+00;2,35E+10;4,06E+06;;2,35E+10;1,95E+11
3,13E+00;2,35E+10;3,75E+06;;2,35E+10;1,80E+11
3,14E+00;2,35E+10;3,75E+06;;2,35E+10;1,80E+11
3,14E+00;2,35E+10;3,75E+06;;2,35E+10;1,80E+11
3,15E+00;2,35E+10;4,06E+06;;2,35E+10;1,95E+11
3,15E+00;2,35E+10;3,75E+06;;2,35E+10;1,80E+11
3,16E+00;2,35E+10;3,75E+06;;2,35E+10;1,80E+11
3,16E+00;2,40E+10;4,06E+06;;2,40E+10;1,95E+11
3,17E+00;2,35E+10;4,06E+06;;2,35E+10;1,95E+11
3,17E+00;2,40E+10;4,06E+06;;2,40E+10;1,95E+11
3,18E+00;2,40E+10;4,06E+06;;2,40E+10;1,95E+11
3,18E+00;2,40E+10;4,06E+06;;2,40E+10;1,95E+11
3,19E+00;2,40E+10;4,06E+06;;2,40E+10;1,95E+11
3,19E+00;2,40E+10;4,37E+06;;2,40E+10;2,10E+11
3,20E+00;2,40E+10;4,37E+06;;2,40E+10;2,10E+11
3,20E+00;2,35E+10;4,37E+06;;2,35E+10;2,10E+11
3,21E+00;2,45E+10;4,37E+06;;2,45E+10;2,10E+11
3,21E+00;2,40E+10;4,37E+06;;2,40E+10;2,10E+11
3,22E+00;2,45E+10;4,37E+06;;2,45E+10;2,10E+11
3,22E+00;2,40E+10;4,37E+06;;2,40E+10;2,10E+11
3,23E+00;2,45E+10;4,68E+06;;2,45E+10;2,25E+11
3,23E+00;2,45E+10;4,68E+06;;2,45E+10;2,25E+11
3,24E+00;2,45E+10;4,68E+06;;2,45E+10;2,25E+11
3,24E+00;2,45E+10;4,68E+06;;2,45E+10;2,25E+11
3,25E+00;2,40E+10;4,37E+06;;2,40E+10;2,10E+11
3,25E+00;2,40E+10;4,37E+06;;2,40E+10;2,10E+11
3,26E+00;2,45E+10;4,68E+06;;2,45E+10;2,25E+11
3,26E+00;2,45E+10;4,68E+06;;2,45E+10;2,25E+11
3,27E+00;2,45E+10;4,68E+06;;2,45E+10;2,25E+11
3,27E+00;2,45E+10;5,00E+06;;2,45E+10;2,40E+11
3,28E+00;2,45E+10;4,68E+06;;2,45E+10;2,25E+11
3,28E+00;2,40E+10;5,00E+06;;2,40E+10;2,40E+11
3,29E+00;2,50E+10;5,00E+06;;2,50E+10;2,40E+11
3,29E+00;2,50E+10;5,00E+06;;2,50E+10;2,40E+11
3,30E+00;2,45E+10;5,00E+06;;2,45E+10;2,40E+11
3,30E+00;2,50E+10;5,00E+06;;2,50E+10;2,40E+11
3,31E+00;2,45E+10;5,00E+06;;2,45E+10;2,40E+11
3,31E+00;2,45E+10;5,00E+06;;2,45E+10;2,40E+11
3,32E+00;2,45E+10;5,00E+06;;2,45E+10;2,40E+11
3,32E+00;2,50E+10;5,31E+06;;2,50E+10;2,55E+11
3,33E+00;2,50E+10;5,62E+06;;2,50E+10;2,70E+11
3,33E+00;2,50E+10;5,31E+06;;2,50E+10;2,55E+11
3,34E+00;2,50E+10;5,62E+06;;2,50E+10;2,70E+11
3,34E+00;2,50E+10;5,31E+06;;2,50E+10;2,55E+11
3,35E+00;2,45E+10;5,31E+06;;2,45E+10;2,55E+11
3,35E+00;2,45E+10;5,62E+06;;2,45E+10;2,70E+11
3,36E+00;2,45E+10;5,62E+06;;2,45E+10;2,70E+11
3,36E+00;2,50E+10;5,62E+06;;2,50E+10;2,70E+11
3,37E+00;2,45E+10;5,31E+06;;2,45E+10;2,55E+11
3,37E+00;2,50E+10;5,62E+06;;2,50E+10;2,70E+11
3,38E+00;2,55E+10;5,62E+06;;2,55E+10;2,70E+11
3,38E+00;2,55E+10;5,62E+06;;2,55E+10;2,70E+11
3,39E+00;2,50E+10;5,93E+06;;2,50E+10;2,85E+11
3,39E+00;2,55E+10;5,93E+06;;2,55E+10;2,85E+11
3,40E+00;2,50E+10;5,93E+06;;2,50E+10;2,85E+11
3,40E+00;2,50E+10;5,93E+06;;2,50E+10;2,85E+11
3,41E+00;2,55E+10;5,62E+06;;2,55E+10;2,70E+11
3,41E+00;2,55E+10;6,25E+06;;2,55E+10;3,00E+11
3,42E+00;2,55E+10;5,62E+06;;2,55E+10;2,70E+11
3,42E+00;2,55E+10;5,93E+06;;2,55E+10;2,85E+11
3,43E+00;2,50E+10;6,25E+06;;2,50E+10;3,00E+11
3,43E+00;2,60E+10;5,93E+06;;2,60E+10;2,85E+11
3,44E+00;2,55E+10;6,25E+06;;2,55E+10;3,00E+11
3,44E+00;2,60E+10;6,25E+06;;2,60E+10;3,00E+11
3,45E+00;2,60E+10;6,25E+06;;2,60E+10;3,00E+11
3,45E+00;2,55E+10;6,25E+06;;2,55E+10;3,00E+11
3,46E+00;2,60E+10;6,56E+06;;2,60E+10;3,15E+11
3,46E+00;2,60E+10;6,56E+06;;2,60E+10;3,15E+11
3,47E+00;2,60E+10;6,56E+06;;2,60E+10;3,15E+11
3,47E+00;2,65E+10;6,56E+06;;2,65E+10;3,15E+11
3,48E+00;2,60E+10;6,56E+06;;2,60E+10;3,15E+11
3,48E+00;2,65E+10;6,56E+06;;2,65E+10;3,15E+11
3,49E+00;2,65E+10;6,56E+06;;2,65E+10;3,15E+11
3,49E+00;2,65E+10;6,56E+06;;2,65E+10;3,15E+11
3,50E+00;2,65E+10;6,56E+06;;2,65E+10;3,15E+11
3,50E+00;2,65E+10;6,56E+06;;2,65E+10;3,15E+11
3,51E+00;2,65E+10;6,56E+06;;2,65E+10;3,15E+11
3,51E+00;2,65E+10;6,87E+06;;2,65E+10;3,30E+11
3,52E+00;2,65E+10;6,87E+06;;2,65E+10;3,30E+11
3,52E+00;2,60E+10;6,87E+06;;2,60E+10;3,30E+11
3,53E+00;2,60E+10;6,87E+06;;2,60E+10;3,30E+11
3,53E+00;2,65E+10;6,87E+06;;2,65E+10;3,30E+11
3,54E+00;2,60E+10;6,87E+06;;2,60E+10;3,30E+11
3,54E+00;2,65E+10;6,87E+06;;2,65E+10;3,30E+11
3,55E+00;2,60E+10;7,18E+06;;2,60E+10;3,45E+11
3,55E+00;2,65E+10;6,87E+06;;2,65E+10;3,30E+11
3,56E+00;2,65E+10;7,18E+06;;2,65E+10;3,45E+11
3,56E+00;2,60E+10;7,18E+06;;2,60E+10;3,45E+11
3,57E+00;2,65E+10;7,18E+06;;2,65E+10;3,45E+11
3,57E+00;2,65E+10;7,18E+06;;2,65E+10;3,45E+11
3,58E+00;2,70E+10;6,87E+06;;2,70E+10;3,30E+11
3,58E+00;2,70E+10;7,50E+06;;2,70E+10;3,61E+11
3,59E+00;2,70E+10;7,50E+06;;2,70E+10;3,61E+11
3,59E+00;2,70E+10;7,50E+06;;2,70E+10;3,61E+11
3,60E+00;2,70E+10;7,50E+06;;2,70E+10;3,61E+11
3,60E+00;2,70E+10;7,50E+06;;2,70E+10;3,61E+11
3,61E+00;2,70E+10;7,50E+06;;2,70E+10;3,61E+11
3,61E+00;2,70E+10;7,50E+06;;2,70E+10;3,61E+11
3,62E+00;2,70E+10;7,50E+06;;2,70E+10;3,61E+11
3,62E+00;2,70E+10;7,50E+06;;2,70E+10;3,61E+11
3,63E+00;2,70E+10;7,50E+06;;2,70E+10;3,61E+11
3,63E+00;2,75E+10;7,18E+06;;2,75E+10;3,45E+11
3,64E+00;2,70E+10;7,50E+06;;2,70E+10;3,61E+11
3,64E+00;2,75E+10;7,50E+06;;2,75E+10;3,61E+11
3,65E+00;2,70E+10;7,81E+06;;2,70E+10;3,75E+11
3,65E+00;2,80E+10;7,18E+06;;2,80E+10;3,45E+11
3,66E+00;2,75E+10;7,81E+06;;2,75E+10;3,75E+11
3,66E+00;2,80E+10;7,81E+06;;2,80E+10;3,75E+11
3,67E+00;2,75E+10;7,81E+06;;2,75E+10;3,75E+11
3,67E+00;2,80E+10;8,12E+06;;2,80E+10;3,90E+11
3,68E+00;2,75E+10;7,81E+06;;2,75E+10;3,75E+11
3,68E+00;2,80E+10;8,12E+06;;2,80E+10;3,90E+11
3,69E+00;2,80E+10;8,43E+06;;2,80E+10;4,05E+11
3,69E+00;2,75E+10;8,12E+06;;2,75E+10;3,90E+11
3,70E+00;2,80E+10;8,12E+06;;2,80E+10;3,90E+11
3,70E+00;2,85E+10;8,43E+06;;2,85E+10;4,05E+11
3,71E+00;2,80E+10;8,12E+06;;2,80E+10;3,90E+11
3,71E+00;2,75E+10;8,12E+06;;2,75E+10;3,90E+11
3,72E+00;2,85E+10;8,75E+06;;2,85E+10;4,21E+11
3,72E+00;2,80E+10;8,12E+06;;2,80E+10;3,90E+11
3,73E+00;2,80E+10;8,43E+06;;2,80E+10;4,05E+11
3,73E+00;2,80E+10;8,43E+06;;2,80E+10;4,05E+11
3,74E+00;2,80E+10;8,43E+06;;2,80E+10;4,05E+11
3,74E+00;2,80E+10;8,43E+06;;2,80E+10;4,05E+11
3,75E+00;2,85E+10;8,43E+06;;2,85E+10;4,05E+11
3,75E+00;2,90E+10;8,75E+06;;2,90E+10;4,21E+11
3,76E+00;2,85E+10;8,75E+06;;2,85E+10;4,21E+11
3,76E+00;2,90E+10;8,75E+06;;2,90E+10;4,21E+11
3,77E+00;2,85E+10;8,75E+06;;2,85E+10;4,21E+11
3,77E+00;2,85E+10;8,75E+06;;2,85E+10;4,21E+11
3,78E+00;2,85E+10;8,43E+06;;2,85E+10;4,05E+11
3,78E+00;2,90E+10;8,75E+06;;2,90E+10;4,21E+11
3,79E+00;2,85E+10;8,75E+06;;2,85E+10;4,21E+11
3,79E+00;2,85E+10;9,06E+06;;2,85E+10;4,36E+11
3,80E+00;2,90E+10;8,75E+06;;2,90E+10;4,21E+11
3,80E+00;2,85E+10;9,37E+06;;2,85E+10;4,50E+11
3,81E+00;2,85E+10;9,06E+06;;2,85E+10;4,36E+11
3,81E+00;2,90E+10;9,06E+06;;2,90E+10;4,36E+11
3,82E+00;2,85E+10;9,06E+06;;2,85E+10;4,36E+11
3,82E+00;2,90E+10;9,06E+06;;2,90E+10;4,36E+11
3,83E+00;2,95E+10;9,06E+06;;2,95E+10;4,36E+11
3,83E+00;2,95E+10;9,06E+06;;2,95E+10;4,36E+11
3,84E+00;2,90E+10;9,06E+06;;2,90E+10;4,36E+11
3,84E+00;2,90E+10;9,06E+06;;2,90E+10;4,36E+11
3,85E+00;2,90E+10;9,37E+06;;2,90E+10;4,50E+11
3,85E+00;2,90E+10;9,37E+06;;2,90E+10;4,50E+11
3,86E+00;2,95E+10;9,37E+06;;2,95E+10;4,50E+11
3,86E+00;3,00E+10;9,68E+06;;3,00E+10;4,65E+11
3,87E+00;2,95E+10;9,37E+06;;2,95E+10;4,50E+11
3,87E+00;2,95E+10;9,37E+06;;2,95E+10;4,50E+11
3,88E+00;2,95E+10;9,37E+06;;2,95E+10;4,50E+11
3,88E+00;2,95E+10;9,37E+06;;2,95E+10;4,50E+11
3,89E+00;2,95E+10;9,68E+06;;2,95E+10;4,65E+11
3,89E+00;3,00E+10;9,68E+06;;3,00E+10;4,65E+11
3,90E+00;2,95E+10;9,68E+06;;2,95E+10;4,65E+11
3,90E+00;2,95E+10;9,68E+06;;2,95E+10;4,65E+11
3,91E+00;3,00E+10;9,68E+06;;3,00E+10;4,65E+11
3,91E+00;3,00E+10;9,68E+06;;3,00E+10;4,65E+11
3,92E+00;3,00E+10;9,68E+06;;3,00E+10;4,65E+11
3,92E+00;3,00E+10;1,00E+07;;3,00E+10;4,81E+11
3,93E+00;3,00E+10;1,00E+07;;3,00E+10;4,81E+11
3,93E+00;3,00E+10;1,00E+07;;3,00E+10;4,81E+11
3,94E+00;3,00E+10;1,00E+07;;3,00E+10;4,81E+11
3,94E+00;3,00E+10;1,00E+07;;3,00E+10;4,81E+11
3,95E+00;3,05E+10;1,00E+07;;3,05E+10;4,81E+11
3,95E+00;3,05E+10;1,00E+07;;3,05E+10;4,81E+11
3,96E+00;3,00E+10;1,00E+07;;3,00E+10;4,81E+11
3,96E+00;3,05E+10;1,06E+10;;1,99E+10;5,10E+14
3,97E+00;3,05E+10;1,03E+10;;2,02E+10;4,95E+14
3,97E+00;3,10E+10;1,03E+10;;2,07E+10;4,95E+14
3,98E+00;3,00E+10;1,03E+10;;1,97E+10;4,95E+14
3,98E+00;3,10E+10;1,06E+10;;2,04E+10;5,10E+14
3,99E+00;3,05E+10;1,03E+10;;2,02E+10;4,95E+14
3,99E+00;3,05E+10;1,03E+10;;2,02E+10;4,95E+14
4,00E+00;3,05E+10;1,06E+10;;1,99E+10;5,10E+14
4,00E+00;3,10E+10;1,06E+10;;2,04E+10;5,10E+14
4,01E+00;3,10E+10;1,06E+10;;2,04E+10;5,10E+14
4,01E+00;3,05E+10;1,06E+10;;1,99E+10;5,10E+14
4,02E+00;3,10E+10;1,06E+10;;2,04E+10;5,10E+14
4,02E+00;3,05E+10;1,06E+10;;1,99E+10;5,10E+14
4,03E+00;3,05E+10;1,06E+10;;1,99E+10;5,10E+14
4,03E+00;3,10E+10;1,06E+10;;2,04E+10;5,10E+14
4,04E+00;3,10E+10;1,09E+10;;2,01E+10;5,24E+14
4,04E+00;3,05E+10;1,09E+10;;1,96E+10;5,24E+14
4,05E+00;3,05E+10;1,09E+10;;1,96E+10;5,24E+14
4,05E+00;3,10E+10;1,12E+10;;1,98E+10;5,38E+14
4,06E+00;3,10E+10;1,09E+10;;2,01E+10;5,24E+14
4,06E+00;3,15E+10;1,12E+10;;2,03E+10;5,38E+14
4,07E+00;3,10E+10;1,12E+10;;1,98E+10;5,38E+14
4,07E+00;3,20E+10;1,09E+10;;2,11E+10;5,24E+14
4,08E+00;3,20E+10;1,12E+10;;2,08E+10;5,38E+14
4,08E+00;3,15E+10;1,12E+10;;2,03E+10;5,38E+14
4,09E+00;3,15E+10;1,12E+10;;2,03E+10;5,38E+14
4,09E+00;3,15E+10;1,16E+10;;2,00E+10;5,58E+14
4,10E+00;3,15E+10;1,09E+10;;2,06E+10;5,24E+14
4,10E+00;3,15E+10;1,16E+10;;2,00E+10;5,58E+14
4,11E+00;3,15E+10;1,16E+10;;2,00E+10;5,58E+14
4,11E+00;3,15E+10;1,16E+10;;2,00E+10;5,58E+14
4,12E+00;3,20E+10;1,16E+10;;2,05E+10;5,58E+14
4,12E+00;3,15E+10;1,16E+10;;2,00E+10;5,58E+14
4,13E+00;3,15E+10;1,16E+10;;2,00E+10;5,58E+14
4,13E+00;3,25E+10;1,12E+10;;2,13E+10;5,38E+14
4,14E+00;3,15E+10;1,16E+10;;2,00E+10;5,58E+14
4,14E+00;3,20E+10;1,16E+10;;2,05E+10;5,58E+14
4,15E+00;3,20E+10;1,19E+10;;2,02E+10;5,72E+14
4,15E+00;3,20E+10;1,19E+10;;2,02E+10;5,72E+14
4,16E+00;3,20E+10;1,19E+10;;2,02E+10;5,72E+14
4,16E+00;3,20E+10;1,19E+10;;2,02E+10;5,72E+14
4,17E+00;3,25E+10;1,22E+10;;2,03E+10;5,87E+14
4,17E+00;3,20E+10;1,19E+10;;2,02E+10;5,72E+14
4,18E+00;3,25E+10;1,22E+10;;2,03E+10;5,87E+14
4,18E+00;3,25E+10;1,19E+10;;2,07E+10;5,72E+14
4,19E+00;3,30E+10;1,19E+10;;2,12E+10;5,72E+14
4,19E+00;3,25E+10;1,22E+10;;2,03E+10;5,87E+14
4,20E+00;3,25E+10;1,19E+10;;2,07E+10;5,72E+14
4,20E+00;3,25E+10;1,22E+10;;2,03E+10;5,87E+14
4,21E+00;3,30E+10;1,22E+10;;2,08E+10;5,87E+14
4,21E+00;3,25E+10;1,22E+10;;2,03E+10;5,87E+14
4,22E+00;3,30E+10;1,22E+10;;2,08E+10;5,87E+14
4,22E+00;3,25E+10;1,25E+10;;2,00E+10;6,01E+14
4,23E+00;3,30E+10;1,25E+10;;2,05E+10;6,01E+14
4,23E+00;3,30E+10;1,25E+10;;2,05E+10;6,01E+14
4,24E+00;3,35E+10;1,25E+10;;2,10E+10;6,01E+14
4,24E+00;3,30E+10;1,25E+10;;2,05E+10;6,01E+14
4,25E+00;3,30E+10;1,25E+10;;2,05E+10;6,01E+14
4,25E+00;3,30E+10;1,28E+10;;2,02E+10;6,15E+14
4,26E+00;3,30E+10;1,25E+10;;2,05E+10;6,01E+14
4,26E+00;3,30E+10;1,28E+10;;2,02E+10;6,15E+14
4,27E+00;3,35E+10;1,28E+10;;2,07E+10;6,15E+14
4,27E+00;3,35E+10;1,28E+10;;2,07E+10;6,15E+14
4,28E+00;3,30E+10;1,25E+10;;2,05E+10;6,01E+14
4,28E+00;3,35E+10;1,28E+10;;2,07E+10;6,15E+14
4,29E+00;3,35E+10;1,28E+10;;2,07E+10;6,15E+14
4,29E+00;3,35E+10;1,28E+10;;2,07E+10;6,15E+14
4,30E+00;3,40E+10;1,25E+10;;2,15E+10;6,01E+14
4,30E+00;3,35E+10;1,28E+10;;2,07E+10;6,15E+14
4,31E+00;3,40E+10;1,31E+10;;2,09E+10;6,30E+14
4,31E+00;3,35E+10;1,34E+10;;2,01E+10;6,44E+14
4,32E+00;3,35E+10;1,31E+10;;2,04E+10;6,30E+14
4,32E+00;3,35E+10;1,31E+10;;2,04E+10;6,30E+14
4,33E+00;3,35E+10;1,34E+10;;2,01E+10;6,44E+14
4,33E+00;3,35E+10;1,34E+10;;2,01E+10;6,44E+14
4,34E+00;3,40E+10;1,31E+10;;2,09E+10;6,30E+14
4,34E+00;3,35E+10;1,34E+10;;2,01E+10;6,44E+14
4,35E+00;3,45E+10;1,31E+10;;2,14E+10;6,30E+14
4,35E+00;3,40E+10;1,34E+10;;2,06E+10;6,44E+14
4,36E+00;3,40E+10;1,34E+10;;2,06E+10;6,44E+14
4,36E+00;3,35E+10;1,34E+10;;2,01E+10;6,44E+14
4,37E+00;3,40E+10;1,37E+10;;2,03E+10;6,59E+14
4,37E+00;3,40E+10;1,34E+10;;2,06E+10;6,44E+14
4,38E+00;3,40E+10;1,37E+10;;2,03E+10;6,59E+14
4,38E+00;3,40E+10;1,37E+10;;2,03E+10;6,59E+14
4,39E+00;3,40E+10;1,37E+10;;2,03E+10;6,59E+14
4,39E+00;3,40E+10;1,37E+10;;2,03E+10;6,59E+14
4,40E+00;3,40E+10;1,34E+10;;2,06E+10;6,44E+14
4,40E+00;3,45E+10;1,34E+10;;2,11E+10;6,44E+14
4,41E+00;3,45E+10;1,37E+10;;2,08E+10;6,59E+14
4,41E+00;3,50E+10;1,41E+10;;2,10E+10;6,78E+14
4,42E+00;3,50E+10;1,41E+10;;2,10E+10;6,78E+14
4,42E+00;3,45E+10;1,41E+10;;2,05E+10;6,78E+14
4,43E+00;3,50E+10;1,37E+10;;2,13E+10;6,59E+14
4,43E+00;3,50E+10;1,37E+10;;2,13E+10;6,59E+14
4,44E+00;3,50E+10;1,37E+10;;2,13E+10;6,59E+14
4,44E+00;3,50E+10;1,41E+10;;2,10E+10;6,78E+14
4,45E+00;3,50E+10;1,44E+10;;2,07E+10;6,92E+14
4,45E+00;3,50E+10;1,41E+10;;2,10E+10;6,78E+14
4,46E+00;3,45E+10;1,41E+10;;2,05E+10;6,78E+14
4,46E+00;3,55E+10;1,41E+10;;2,15E+10;6,78E+14
4,47E+00;3,50E+10;1,44E+10;;2,07E+10;6,92E+14
4,47E+00;3,50E+10;1,44E+10;;2,07E+10;6,92E+14
4,48E+00;3,50E+10;1,44E+10;;2,07E+10;6,92E+14
4,48E+00;3,50E+10;1,47E+10;;2,03E+10;7,07E+14
4,49E+00;3,50E+10;1,44E+10;;2,07E+10;6,92E+14
4,49E+00;3,50E+10;1,47E+10;;2,03E+10;7,07E+14
4,50E+00;3,50E+10;1,47E+10;;2,03E+10;7,07E+14
4,50E+00;3,55E+10;1,47E+10;;2,08E+10;7,07E+14
4,51E+00;3,55E+10;1,44E+10;;2,12E+10;6,92E+14
4,51E+00;3,55E+10;1,47E+10;;2,08E+10;7,07E+14
4,52E+00;3,55E+10;1,47E+10;;2,08E+10;7,07E+14
4,52E+00;3,55E+10;1,47E+10;;2,08E+10;7,07E+14
4,53E+00;3,50E+10;1,47E+10;;2,03E+10;7,07E+14
4,53E+00;3,55E+10;1,50E+10;;2,05E+10;7,21E+14
4,54E+00;3,60E+10;1,50E+10;;2,10E+10;7,21E+14
4,54E+00;3,60E+10;1,47E+10;;2,13E+10;7,07E+14
4,55E+00;3,55E+10;1,47E+10;;2,08E+10;7,07E+14
4,55E+00;3,55E+10;1,50E+10;;2,05E+10;7,21E+14
4,56E+00;3,60E+10;1,50E+10;;2,10E+10;7,21E+14
4,56E+00;3,55E+10;1,50E+10;;2,05E+10;7,21E+14
4,57E+00;3,60E+10;1,50E+10;;2,10E+10;7,21E+14
4,57E+00;3,60E+10;1,47E+10;;2,13E+10;7,07E+14
4,58E+00;3,60E+10;1,50E+10;;2,10E+10;7,21E+14
4,58E+00;3,60E+10;1,53E+10;;2,07E+10;7,36E+14
4,59E+00;3,60E+10;1,53E+10;;2,07E+10;7,36E+14
4,59E+00;3,60E+10;1,53E+10;;2,07E+10;7,36E+14
4,60E+00;3,60E+10;1,50E+10;;2,10E+10;7,21E+14
4,60E+00;3,60E+10;1,53E+10;;2,07E+10;7,36E+14
4,61E+00;3,65E+10;1,53E+10;;2,12E+10;7,36E+14
4,61E+00;3,65E+10;1,53E+10;;2,12E+10;7,36E+14
4,62E+00;3,65E+10;1,56E+10;;2,09E+10;7,50E+14
4,62E+00;3,65E+10;1,53E+10;;2,12E+10;7,36E+14
4,63E+00;3,65E+10;1,56E+10;;2,09E+10;7,50E+14
4,63E+00;3,65E+10;1,56E+10;;2,09E+10;7,50E+14
4,64E+00;3,65E+10;1,56E+10;;2,09E+10;7,50E+14
4,64E+00;3,70E+10;1,56E+10;;2,14E+10;7,50E+14
4,65E+00;3,65E+10;1,56E+10;;2,09E+10;7,50E+14
4,65E+00;3,65E+10;1,59E+10;;2,06E+10;7,64E+14
4,66E+00;3,65E+10;1,59E+10;;2,06E+10;7,64E+14
4,66E+00;3,65E+10;1,59E+10;;2,06E+10;7,64E+14
4,67E+00;3,70E+10;1,59E+10;;2,11E+10;7,64E+14
4,67E+00;3,70E+10;1,59E+10;;2,11E+10;7,64E+14
4,68E+00;3,70E+10;1,59E+10;;2,11E+10;7,64E+14
4,68E+00;3,70E+10;1,62E+10;;2,08E+10;7,79E+14
4,69E+00;3,75E+10;1,62E+10;;2,13E+10;7,79E+14
4,69E+00;3,70E+10;1,59E+10;;2,11E+10;7,64E+14
4,70E+00;3,70E+10;1,62E+10;;2,08E+10;7,79E+14
4,70E+00;3,65E+10;1,62E+10;;2,03E+10;7,79E+14
4,71E+00;3,75E+10;1,62E+10;;2,13E+10;7,79E+14
4,71E+00;3,70E+10;1,62E+10;;2,08E+10;7,79E+14
4,72E+00;3,75E+10;1,66E+10;;2,10E+10;7,98E+14
4,72E+00;3,70E+10;1,66E+10;;2,05E+10;7,98E+14
4,73E+00;3,75E+10;1,62E+10;;2,13E+10;7,79E+14
4,73E+00;3,75E+10;1,62E+10;;2,13E+10;7,79E+14
4,74E+00;3,75E+10;1,66E+10;;2,10E+10;7,98E+14
4,74E+00;3,75E+10;1,62E+10;;2,13E+10;7,79E+14
4,75E+00;3,70E+10;1,66E+10;;2,05E+10;7,98E+14
4,75E+00;3,70E+10;1,66E+10;;2,05E+10;7,98E+14
4,76E+00;3,75E+10;1,66E+10;;2,10E+10;7,98E+14
4,76E+00;3,80E+10;1,69E+10;;2,12E+10;8,13E+14
4,77E+00;3,80E+10;1,69E+10;;2,12E+10;8,13E+14
4,77E+00;3,75E+10;1,69E+10;;2,07E+10;8,13E+14
4,78E+00;3,75E+10;1,69E+10;;2,07E+10;8,13E+14
4,78E+00;3,80E+10;1,66E+10;;2,15E+10;7,98E+14
4,79E+00;3,80E+10;1,69E+10;;2,12E+10;8,13E+14
4,79E+00;3,75E+10;1,69E+10;;2,07E+10;8,13E+14
4,80E+00;3,75E+10;1,72E+10;;2,03E+10;8,27E+14
4,80E+00;3,80E+10;1,69E+10;;2,12E+10;8,13E+14
4,81E+00;3,75E+10;1,72E+10;;2,03E+10;8,27E+14
4,81E+00;3,75E+10;1,72E+10;;2,03E+10;8,27E+14
4,82E+00;3,80E+10;1,72E+10;;2,08E+10;8,27E+14
4,82E+00;3,80E+10;1,72E+10;;2,08E+10;8,27E+14
4,83E+00;3,80E+10;1,72E+10;;2,08E+10;8,27E+14
4,83E+00;3,85E+10;1,75E+10;;2,10E+10;8,41E+14
4,84E+00;3,85E+10;1,75E+10;;2,10E+10;8,41E+14
4,84E+00;3,85E+10;1,75E+10;;2,10E+10;8,41E+14
4,85E+00;3,85E+10;1,75E+10;;2,10E+10;8,41E+14
4,85E+00;3,85E+10;1,75E+10;;2,10E+10;8,41E+14
4,86E+00;3,85E+10;1,75E+10;;2,10E+10;8,41E+14
4,86E+00;3,85E+10;1,72E+10;;2,13E+10;8,27E+14
4,87E+00;3,85E+10;1,75E+10;;2,10E+10;8,41E+14
4,87E+00;3,90E+10;1,75E+10;;2,15E+10;8,41E+14
4,88E+00;3,85E+10;1,75E+10;;2,10E+10;8,41E+14
4,88E+00;3,90E+10;1,72E+10;;2,18E+10;8,27E+14
4,89E+00;3,90E+10;1,72E+10;;2,18E+10;8,27E+14
4,89E+00;3,90E+10;1,78E+10;;2,12E+10;8,56E+14
4,90E+00;3,90E+10;1,72E+10;;2,18E+10;8,27E+14
4,90E+00;3,85E+10;1,75E+10;;2,10E+10;8,41E+14
4,91E+00;3,90E+10;1,78E+10;;2,12E+10;8,56E+14
4,91E+00;3,90E+10;1,78E+10;;2,12E+10;8,56E+14
4,92E+00;3,85E+10;1,78E+10;;2,07E+10;8,56E+14
4,92E+00;3,85E+10;1,81E+10;;2,04E+10;8,70E+14
4,93E+00;3,90E+10;1,81E+10;;2,09E+10;8,70E+14
4,93E+00;3,90E+10;1,81E+10;;2,09E+10;8,70E+14
4,94E+00;3,90E+10;1,81E+10;;2,09E+10;8,70E+14
4,94E+00;3,95E+10;1,81E+10;;2,14E+10;8,70E+14
4,95E+00;3,95E+10;1,81E+10;;2,14E+10;8,70E+14
4,95E+00;3,95E+10;1,81E+10;;2,14E+10;8,70E+14
4,96E+00;4,00E+10;1,81E+10;;2,19E+10;8,70E+14
4,96E+00;3,90E+10;1,81E+10;;2,09E+10;8,70E+14
4,97E+00;3,95E+10;1,81E+10;;2,14E+10;8,70E+14
4,97E+00;4,00E+10;1,84E+10;;2,16E+10;8,85E+14
4,98E+00;4,00E+10;1,84E+10;;2,16E+10;8,85E+14
4,98E+00;3,95E+10;1,84E+10;;2,11E+10;8,85E+14
4,99E+00;4,00E+10;1,84E+10;;2,16E+10;8,85E+14
4,99E+00;4,00E+10;1,84E+10;;2,16E+10;8,85E+14
5,00E+00;3,95E+10;1,84E+10;;2,11E+10;8,85E+14
